guid,localId,fighter,seconds,role,bone,x,y,z,qx,qy,qz,qw
7934f1476fe2c6e458c230f491769c34,7400002,Mankey,0,source,AnimatorRoot,0,0,0,0,0,0,1
7934f1476fe2c6e458c230f491769c34,7400002,Mankey,0,source,Hips,-8.0326565E-08,0.8288518,-9.31321242E-10,0,7.10542736E-15,2.50867916E-14,1
7934f1476fe2c6e458c230f491769c34,7400002,Mankey,0,source,LeftUpperLeg,-0.100260913,0.8288518,1.74036341E-09,-0.479348332,-0.482874,0.5053616,0.530723631
7934f1476fe2c6e458c230f491769c34,7400002,Mankey,0,source,RightUpperLeg,0.100260973,0.828852,-1.60593032E-08,0.5307232,-0.505361736,-0.482874274,0.479348421
7934f1476fe2c6e458c230f491769c34,7400002,Mankey,0,source,LeftLowerLeg,-0.108791053,0.456351161,-0.0104580345,-0.429448664,-0.47607106,0.5209403,0.563517153
7934f1476fe2c6e458c230f491769c34,7400002,Mankey,0,source,RightLowerLeg,0.108790778,0.456351429,-0.0104578305,0.563147366,-0.520530343,-0.4765193,0.429933518
7934f1476fe2c6e458c230f491769c34,7400002,Mankey,0,source,LeftFoot,-0.110167243,0.109784424,-0.04146571,0.6832493,0.174647585,-0.6828876,-0.190613225
7934f1476fe2c6e458c230f491769c34,7400002,Mankey,0,source,RightFoot,0.110166669,0.109784625,-0.0414655358,0.305819333,-0.6996111,-0.07964818,0.640839636
7934f1476fe2c6e458c230f491769c34,7400002,Mankey,0,source,Spine,-6.40393E-08,0.9268575,-6.01521055E-10,-0.0281832945,4.47034836E-08,-2.98022975E-08,0.9996028
7934f1476fe2c6e458c230f491769c34,7400002,Mankey,0,source,Chest,-5.81114747E-08,1.10594845,-0.00678523676,-0.0375157967,-1.48658344E-07,-2.39240521E-08,0.999296069
7934f1476fe2c6e458c230f491769c34,7400002,Mankey,0,source,Neck,4.7888566E-08,1.30833185,-0.0208505373,0.08854657,-1.48810145E-07,3.96472259E-08,0.996072054
7934f1476fe2c6e458c230f491769c34,7400002,Mankey,0,source,Head,3.87371841E-08,1.39384747,-0.00552549446,-0.0006980356,-7.227005E-07,-1.14305244E-07,0.9999998
7934f1476fe2c6e458c230f491769c34,7400002,Mankey,0,source,LeftShoulder,-0.0296482183,1.26498687,-0.0164925139,-0.0365908667,-0.0167372115,-0.0494903922,0.9979638
7934f1476fe2c6e458c230f491769c34,7400002,Mankey,0,source,RightShoulder,0.0296481121,1.26499081,-0.01649249,0.9979639,0.04949037,-0.0167369284,0.0365898237
7934f1476fe2c6e458c230f491769c34,7400002,Mankey,0,source,LeftUpperArm,-0.170875221,1.27883983,-0.021750614,0.109731562,-0.0112810256,0.0129018342,0.9938136
7934f1476fe2c6e458c230f491769c34,7400002,Mankey,0,source,RightUpperArm,0.170876727,1.2788372,-0.02175058,0.9938064,-0.0129066352,-0.01128907,-0.109796509
7934f1476fe2c6e458c230f491769c34,7400002,Mankey,0,source,LeftLowerArm,-0.397312969,1.27359068,-0.0274724048,0.08162531,0.0144450674,-0.0133339129,0.9964692
7934f1476fe2c6e458c230f491769c34,7400002,Mankey,0,source,RightLowerArm,0.397313,1.2735908,-0.0274751987,0.996464,0.0133382054,0.0144512653,-0.08169011
7934f1476fe2c6e458c230f491769c34,7400002,Mankey,0,source,LeftHand,-0.633506954,1.27931452,-0.0201529544,0.0137016457,0.02593634,0.0582667775,0.9978702
7934f1476fe2c6e458c230f491769c34,7400002,Mankey,0,source,RightHand,0.6335076,1.27931309,-0.020153489,0.9978702,-0.05826708,0.0259361882,-0.0137014706
7934f1476fe2c6e458c230f491769c34,7400002,Mankey,0,source,LeftToes,-0.111114368,0.0350675955,0.08829306,0.705174863,0.0077355504,-0.7086075,-0.0233328454
7934f1476fe2c6e458c230f491769c34,7400002,Mankey,0,source,RightToes,0.111424968,0.0304255355,0.08550509,0.2509934,-0.679470539,0.197596878,0.6605134
7934f1476fe2c6e458c230f491769c34,7400002,Mankey,0,source,LeftThumbProximal,-0.6423418,1.27770972,-0.00130752055,0.668736458,0.260803431,-0.227128759,0.658168852
7934f1476fe2c6e458c230f491769c34,7400002,Mankey,0,source,LeftThumbIntermediate,-0.6762809,1.27548635,0.02755927,0.6552991,0.215469748,-0.147777662,0.708744
7934f1476fe2c6e458c230f491769c34,7400002,Mankey,0,source,LeftThumbDistal,-0.7021768,1.27329934,0.04252763,0.632521749,0.165575162,-0.08361153,0.7520043
7934f1476fe2c6e458c230f491769c34,7400002,Mankey,0,source,LeftIndexProximal,-0.7087018,1.280361,0.008425953,0.029862972,0.0463657081,-0.0188163985,0.998301
7934f1476fe2c6e458c230f491769c34,7400002,Mankey,0,source,LeftIndexIntermediate,-0.7393817,1.281434,0.0113151874,0.0367194749,0.0478737429,0.003999042,0.9981707
7934f1476fe2c6e458c230f491769c34,7400002,Mankey,0,source,LeftIndexDistal,-0.761534154,1.28117824,0.0134356217,0.0445380844,0.0480801277,0.04385647,0.996886134
7934f1476fe2c6e458c230f491769c34,7400002,Mankey,0,source,LeftMiddleProximal,-0.7115389,1.28110313,-0.0128196971,0.03623549,0.0264827758,-0.0166030116,0.9988547
7934f1476fe2c6e458c230f491769c34,7400002,Mankey,0,source,LeftMiddleIntermediate,-0.744318664,1.28212929,-0.0110424533,0.0510922521,0.0315975547,-0.00244673784,0.9981913
7934f1476fe2c6e458c230f491769c34,7400002,Mankey,0,source,LeftMiddleDistal,-0.766154468,1.28216529,-0.009656804,0.06738223,0.03335287,0.0425935574,0.9962599
7934f1476fe2c6e458c230f491769c34,7400002,Mankey,0,source,LeftRingProximal,-0.712729931,1.28142166,-0.0304698,0.0408260673,-0.009062981,0.0375655256,0.9984189
7934f1476fe2c6e458c230f491769c34,7400002,Mankey,0,source,LeftRingIntermediate,-0.7439559,1.27909529,-0.03113274,0.0615411252,0.00160133454,0.0206478965,0.997889936
7934f1476fe2c6e458c230f491769c34,7400002,Mankey,0,source,LeftRingDistal,-0.7631313,1.27830076,-0.03112031,0.0832872242,0.00681211,0.049461998,0.995274246
7934f1476fe2c6e458c230f491769c34,7400002,Mankey,0,source,LeftLittleProximal,-0.7092516,1.27809787,-0.04810888,0.0442540832,-0.0289437529,0.03024638,0.998142958
7934f1476fe2c6e458c230f491769c34,7400002,Mankey,0,source,LeftLittleIntermediate,-0.7366008,1.276511,-0.04976821,0.0703002959,-0.01749119,0.0338300578,0.9967989
7934f1476fe2c6e458c230f491769c34,7400002,Mankey,0,source,LeftLittleDistal,-0.7555433,1.27527642,-0.05052097,0.0969499052,-0.009469684,0.0536329038,0.9937983
7934f1476fe2c6e458c230f491769c34,7400002,Mankey,0,source,RightThumbProximal,0.6423405,1.27771258,-0.00130698178,0.65816927,0.227128685,0.260803252,-0.668736041
7934f1476fe2c6e458c230f491769c34,7400002,Mankey,0,source,RightThumbIntermediate,0.6762799,1.275489,0.0275593586,-0.708740354,-0.147776082,-0.215472266,0.655302763
7934f1476fe2c6e458c230f491769c34,7400002,Mankey,0,source,RightThumbDistal,0.7021754,1.27330208,0.0425273441,0.7520041,0.08362458,0.16555737,-0.632525265
7934f1476fe2c6e458c230f491769c34,7400002,Mankey,0,source,RightIndexProximal,0.708701,1.28036129,0.008425618,-0.9983015,-0.0188159533,-0.046363987,0.0298524424
7934f1476fe2c6e458c230f491769c34,7400002,Mankey,0,source,RightIndexIntermediate,0.73938036,1.28143656,0.0113153,0.998170435,-0.0040002726,0.0478843749,-0.03670879
7934f1476fe2c6e458c230f491769c34,7400002,Mankey,0,source,RightIndexDistal,0.7615351,1.28117728,0.0134357074,-0.9968859,0.0438578278,-0.0480916873,0.04452659
7934f1476fe2c6e458c230f491769c34,7400002,Mankey,0,source,RightMiddleProximal,0.7115382,1.28110266,-0.0128201852,-0.998855,-0.0166029986,-0.0264797211,0.0362281576
7934f1476fe2c6e458c230f491769c34,7400002,Mankey,0,source,RightMiddleIntermediate,0.7443163,1.28213263,-0.0110422987,0.9981906,0.00244446518,0.03161902,-0.0510935523
7934f1476fe2c6e458c230f491769c34,7400002,Mankey,0,source,RightMiddleDistal,0.76615566,1.28216469,-0.009657022,-0.9962584,0.04259611,-0.033376433,0.0673894
7934f1476fe2c6e458c230f491769c34,7400002,Mankey,0,source,RightRingProximal,0.7127298,1.281421,-0.0304705631,-0.998419046,0.03756586,0.009062691,0.0408226252
7934f1476fe2c6e458c230f491769c34,7400002,Mankey,0,source,RightRingIntermediate,0.743956864,1.27909362,-0.0311335,0.99789083,-0.0206469242,0.001592034,-0.06152963
7934f1476fe2c6e458c230f491769c34,7400002,Mankey,0,source,RightRingDistal,0.7631295,1.27830172,-0.0311205424,-0.995276,0.04946035,-0.00679802429,0.0832702
7934f1476fe2c6e458c230f491769c34,7400002,Mankey,0,source,RightLittleProximal,0.709251046,1.27809727,-0.04810974,-0.9981431,0.0302460026,0.0289458018,0.0442530736
7934f1476fe2c6e458c230f491769c34,7400002,Mankey,0,source,RightLittleIntermediate,0.7365987,1.27651334,-0.0497679,0.9967987,-0.0338331871,-0.0174652189,-0.0703096762
7934f1476fe2c6e458c230f491769c34,7400002,Mankey,0,source,RightLittleDistal,0.7555463,1.27527332,-0.050521493,-0.9937971,0.0536375642,0.009433506,0.09696618
7934f1476fe2c6e458c230f491769c34,7400002,Mankey,0,fighter,AnimatorRoot,0,0,0,0,0,0,1
7934f1476fe2c6e458c230f491769c34,7400002,Mankey,0,fighter,Hips,-8.032656E-08,0.828851759,-9.313212E-10,0.499284923,-0.500714064,-0.49928546,0.500713646
7934f1476fe2c6e458c230f491769c34,7400002,Mankey,0,fighter,LeftUpperLeg,-0.12126191,0.8288518,-1.13621361E-08,0.5215928,0.498013735,0.497503936,0.48209244
7934f1476fe2c6e458c230f491769c34,7400002,Mankey,0,fighter,RightUpperLeg,0.121261746,0.82885164,-1.13621361E-08,0.497497261,0.4821026,0.521592259,0.498011261
7934f1476fe2c6e458c230f491769c34,7400002,Mankey,0,fighter,LeftLowerLeg,-0.1245345,0.4631959,-0.01420384,0.5540805,0.5419968,0.475909,0.4156262
7934f1476fe2c6e458c230f491769c34,7400002,Mankey,0,fighter,RightLowerLeg,0.124540962,0.463195473,-0.01419827,0.476367623,0.416077763,0.5537327,0.541602731
7934f1476fe2c6e458c230f491769c34,7400002,Mankey,0,fighter,LeftFoot,-0.1101672,0.109784387,-0.04146571,0.0471891761,0.75974,0.0262164772,0.6479825
7934f1476fe2c6e458c230f491769c34,7400002,Mankey,0,fighter,RightFoot,0.110166691,0.109784886,-0.0414655432,0.0403185673,0.6481439,0.0584979653,0.7581966
7934f1476fe2c6e458c230f491769c34,7400002,Mankey,0,fighter,Spine,-2.53290615E-08,0.87447387,-0.00362174958,0.4728215,-0.525775433,-0.47282207,0.5257751
7934f1476fe2c6e458c230f491769c34,7400002,Mankey,0,fighter,Chest,2.895093E-07,1.11356735,-0.01579881,0.5112691,-0.4884711,-0.511269569,0.4884705
7934f1476fe2c6e458c230f491769c34,7400002,Mankey,0,fighter,Neck,6.940562E-07,1.39666367,-0.0263345931,0.486200333,-0.513429165,-0.486200631,0.513428748
7934f1476fe2c6e458c230f491769c34,7400002,Mankey,0,fighter,Head,8.10495237E-07,1.545222,-0.0344336666,0.50000006,-0.50000006,-0.50000006,0.49999994
7934f1476fe2c6e458c230f491769c34,7400002,Mankey,0,fighter,LeftShoulder,-0.0300652217,1.36665332,0.07847979,0.6511328,-0.269447446,-0.003382206,0.709516048
7934f1476fe2c6e458c230f491769c34,7400002,Mankey,0,fighter,RightShoulder,0.0300665312,1.3666532,0.07847981,0.003381312,-0.7095151,-0.651134133,0.2694467
7934f1476fe2c6e458c230f491769c34,7400002,Mankey,0,fighter,LeftUpperArm,-0.2114893,1.44214833,-0.001739527,0.7809779,-0.0726459,-0.0479359329,0.6184646
7934f1476fe2c6e458c230f491769c34,7400002,Mankey,0,fighter,RightUpperArm,0.21149084,1.44214833,-0.00173927669,-0.0479253232,0.618428469,0.7810066,-0.0726515353
7934f1476fe2c6e458c230f491769c34,7400002,Mankey,0,fighter,LeftLowerArm,-0.4890666,1.490841,-0.00596221257,0.689929962,0.34439978,0.316009164,0.552742243
7934f1476fe2c6e458c230f491769c34,7400002,Mankey,0,fighter,RightLowerArm,0.489068419,1.4908402,-0.00596746942,0.3159865,0.552711368,0.68995297,0.3444239
7934f1476fe2c6e458c230f491769c34,7400002,Mankey,0,fighter,LeftHand,-0.633507133,1.27931428,-0.020152919,-0.057907,0.149417713,0.0257141,-0.986742258
7934f1476fe2c6e458c230f491769c34,7400002,Mankey,0,fighter,RightHand,0.6335076,1.27931273,-0.0201535448,-0.0257171988,0.9867432,0.05789669,-0.1494153
7934f1476fe2c6e458c230f491769c34,7400002,Mankey,0,fighter,LeftToes,-0.0622166954,0.105173215,0.235214412,0.108745895,0.7165341,0.0890244246,0.683248341
7934f1476fe2c6e458c230f491769c34,7400002,Mankey,0,fighter,RightToes,0.06303252,0.09521855,0.235009313,0.102443427,0.6821971,0.120608568,0.713838935
7934f1476fe2c6e458c230f491769c34,7400002,Mankey,0,fighter,LeftEye,-0.131209657,1.66920507,0.143619508,0.579204857,-0.410975963,-0.405612648,-0.5754122
7934f1476fe2c6e458c230f491769c34,7400002,Mankey,0,fighter,RightEye,0.131462857,1.66920543,0.143624112,0.390653223,-0.5904653,-0.5893982,-0.3890387
7934f1476fe2c6e458c230f491769c34,7400002,Mankey,0,fighter,Jaw,8.24341441E-07,1.45234144,0.151462972,0.7071048,0.00176179409,-0.7071049,-0.00176199328
7934f1476fe2c6e458c230f491769c34,7400002,Mankey,0,fighter,LeftThumbProximal,-0.699987233,1.26652682,0.008298964,-0.0203858614,-0.232692733,-0.07185924,-0.9696779
7934f1476fe2c6e458c230f491769c34,7400002,Mankey,0,fighter,LeftThumbIntermediate,-0.7395707,1.25984156,0.0284344,-0.0311996639,-0.144109547,-0.07792558,-0.9859954
7934f1476fe2c6e458c230f491769c34,7400002,Mankey,0,fighter,LeftThumbDistal,-0.776253462,1.25353622,0.0392618366,-0.03889954,-0.09393403,-0.07889682,-0.9916848
7934f1476fe2c6e458c230f491769c34,7400002,Mankey,0,fighter,LeftMiddleProximal,-0.7671728,1.282378,-0.00759138027,-0.0014975667,0.08762947,-0.0117235482,-0.9960832
7934f1476fe2c6e458c230f491769c34,7400002,Mankey,0,fighter,LeftMiddleIntermediate,-0.826874137,1.28097725,-0.018181162,0.0593833923,0.08582185,-0.0217295587,-0.9943018
7934f1476fe2c6e458c230f491769c34,7400002,Mankey,0,fighter,LeftMiddleDistal,-0.8793785,1.27812874,-0.0271467362,0.117364377,0.106096148,-0.0156833231,-0.987280846
7934f1476fe2c6e458c230f491769c34,7400002,Mankey,0,fighter,LeftRingProximal,-0.766204,1.28325927,-0.06275445,-0.0396305621,0.126795381,-0.06613228,-0.988928258
7934f1476fe2c6e458c230f491769c34,7400002,Mankey,0,fighter,LeftRingIntermediate,-0.817362547,1.27681863,-0.07641064,-0.0192865133,0.11635682,-0.04775843,-0.991871357
7934f1476fe2c6e458c230f491769c34,7400002,Mankey,0,fighter,LeftRingDistal,-0.8703327,1.27188182,-0.08913757,0.00119492412,0.119345382,-0.0307095349,-0.992377162
7934f1476fe2c6e458c230f491769c34,7400002,Mankey,0,fighter,LeftLittleProximal,-0.737158,1.28508234,-0.115426645,-0.0397668928,0.145987526,-0.05684918,-0.9868509
7934f1476fe2c6e458c230f491769c34,7400002,Mankey,0,fighter,LeftLittleIntermediate,-0.7878798,1.27971673,-0.131036893,-0.00407263637,0.137900144,-0.05605814,-0.9888503
7934f1476fe2c6e458c230f491769c34,7400002,Mankey,0,fighter,LeftLittleDistal,-0.8407531,1.2736454,-0.146150559,0.0123938322,0.144384056,-0.0542167574,-0.9879578
7934f1476fe2c6e458c230f491769c34,7400002,Mankey,0,fighter,RightThumbProximal,0.6999874,1.26652634,0.00829883851,-0.07185258,-0.9696772,-0.0203794539,-0.232697487
7934f1476fe2c6e458c230f491769c34,7400002,Mankey,0,fighter,RightThumbIntermediate,0.7395707,1.25984228,0.0284348167,0.07791565,0.9859949,0.0311920941,0.144120514
7934f1476fe2c6e458c230f491769c34,7400002,Mankey,0,fighter,RightThumbDistal,0.7762531,1.253538,0.03926309,-0.0788873,-0.9916848,-0.03889215,-0.09394638
7934f1476fe2c6e458c230f491769c34,7400002,Mankey,0,fighter,RightMiddleProximal,0.7671731,1.282378,-0.007591631,-0.0116540492,-0.9960867,-0.00147980452,0.08759983
7934f1476fe2c6e458c230f491769c34,7400002,Mankey,0,fighter,RightMiddleIntermediate,0.8268752,1.28098559,-0.01817799,0.0218040049,0.994297266,-0.0594211519,-0.0858326554
7934f1476fe2c6e458c230f491769c34,7400002,Mankey,0,fighter,RightMiddleDistal,0.879378557,1.27812886,-0.0271444,-0.0155884922,-0.9872776,0.117380172,0.106125936
7934f1476fe2c6e458c230f491769c34,7400002,Mankey,0,fighter,RightRingProximal,0.7662051,1.28325832,-0.06275503,-0.06613392,-0.9889301,-0.03962253,0.1267825
7934f1476fe2c6e458c230f491769c34,7400002,Mankey,0,fighter,RightRingIntermediate,0.817363858,1.27681708,-0.07641014,0.0476837158,0.991878748,0.01929079,-0.116323218
7934f1476fe2c6e458c230f491769c34,7400002,Mankey,0,fighter,RightRingDistal,0.870336235,1.27188826,-0.08913373,-0.0306351185,-0.992383957,0.00119066238,0.119310006
7934f1476fe2c6e458c230f491769c34,7400002,Mankey,0,fighter,RightLittleProximal,0.737159431,1.2850796,-0.115427516,-0.05678734,-0.9868599,-0.03975892,0.145952731
7934f1476fe2c6e458c230f491769c34,7400002,Mankey,0,fighter,RightLittleIntermediate,0.787883162,1.27972019,-0.13103427,0.0561762452,0.9888421,0.004031673,-0.137911886
7934f1476fe2c6e458c230f491769c34,7400002,Mankey,0,fighter,RightLittleDistal,0.8407549,1.27363491,-0.146149352,-0.05433607,-0.9879488,0.012433365,0.1443976
7934f1476fe2c6e458c230f491769c34,7400002,Mankey,0,fighter,UpperChest,4.19714354E-07,1.23288488,-0.0103540383,0.48051852,-0.518750548,-0.480519,0.51875
7934f1476fe2c6e458c230f491769c34,7400002,Mankey,0.0166666675,source,AnimatorRoot,0,0,0,0,0,-8.351873E-23,1
7934f1476fe2c6e458c230f491769c34,7400002,Mankey,0.0166666675,source,Hips,-8.0326565E-08,0.8288518,-9.31321242E-10,5.93436268E-37,7.10542736E-15,2.50867916E-14,1
7934f1476fe2c6e458c230f491769c34,7400002,Mankey,0.0166666675,source,LeftUpperLeg,-0.100260913,0.8288518,1.74036341E-09,-0.479348332,-0.482874,0.5053616,0.530723631
7934f1476fe2c6e458c230f491769c34,7400002,Mankey,0.0166666675,source,RightUpperLeg,0.100260973,0.828852,-1.60593032E-08,0.5307232,-0.505361736,-0.482874274,0.479348421
7934f1476fe2c6e458c230f491769c34,7400002,Mankey,0.0166666675,source,LeftLowerLeg,-0.108791053,0.456351161,-0.0104580345,-0.429448664,-0.47607106,0.5209403,0.563517153
7934f1476fe2c6e458c230f491769c34,7400002,Mankey,0.0166666675,source,RightLowerLeg,0.108790778,0.456351429,-0.0104578305,0.563147366,-0.520530343,-0.4765193,0.429933518
7934f1476fe2c6e458c230f491769c34,7400002,Mankey,0.0166666675,source,LeftFoot,-0.110167243,0.109784424,-0.04146571,0.6832493,0.174647585,-0.6828876,-0.190613225
7934f1476fe2c6e458c230f491769c34,7400002,Mankey,0.0166666675,source,RightFoot,0.110166669,0.109784625,-0.0414655358,0.305819333,-0.6996111,-0.07964818,0.640839636
7934f1476fe2c6e458c230f491769c34,7400002,Mankey,0.0166666675,source,Spine,-6.40393E-08,0.9268575,-6.01521055E-10,-0.0281832945,4.47034836E-08,-2.98022975E-08,0.9996028
7934f1476fe2c6e458c230f491769c34,7400002,Mankey,0.0166666675,source,Chest,-5.81114747E-08,1.10594845,-0.00678523676,-0.0375157967,-1.48658344E-07,-2.39240521E-08,0.999296069
7934f1476fe2c6e458c230f491769c34,7400002,Mankey,0.0166666675,source,Neck,4.7888566E-08,1.30833185,-0.0208505373,0.08854657,-1.48810145E-07,3.96472259E-08,0.996072054
7934f1476fe2c6e458c230f491769c34,7400002,Mankey,0.0166666675,source,Head,3.87371841E-08,1.39384747,-0.00552549446,-0.0006980356,-7.227005E-07,-1.14305244E-07,0.9999998
7934f1476fe2c6e458c230f491769c34,7400002,Mankey,0.0166666675,source,LeftShoulder,-0.0296482183,1.26498687,-0.0164925139,-0.0365908667,-0.0167372115,-0.0494903922,0.9979638
7934f1476fe2c6e458c230f491769c34,7400002,Mankey,0.0166666675,source,RightShoulder,0.0296481121,1.26499081,-0.01649249,0.9979639,0.04949037,-0.0167369284,0.0365898237
7934f1476fe2c6e458c230f491769c34,7400002,Mankey,0.0166666675,source,LeftUpperArm,-0.170875221,1.27883983,-0.021750614,0.109731562,-0.0112810256,0.0129018342,0.9938136
7934f1476fe2c6e458c230f491769c34,7400002,Mankey,0.0166666675,source,RightUpperArm,0.170876727,1.2788372,-0.02175058,0.9938064,-0.0129066352,-0.01128907,-0.109796509
7934f1476fe2c6e458c230f491769c34,7400002,Mankey,0.0166666675,source,LeftLowerArm,-0.397312969,1.27359068,-0.0274724048,0.08162531,0.0144450674,-0.0133339129,0.9964692
7934f1476fe2c6e458c230f491769c34,7400002,Mankey,0.0166666675,source,RightLowerArm,0.397313,1.2735908,-0.0274751987,0.996464,0.0133382054,0.0144512653,-0.08169011
7934f1476fe2c6e458c230f491769c34,7400002,Mankey,0.0166666675,source,LeftHand,-0.633506954,1.27931452,-0.0201529544,0.0137016457,0.02593634,0.0582667775,0.9978702
7934f1476fe2c6e458c230f491769c34,7400002,Mankey,0.0166666675,source,RightHand,0.6335076,1.27931309,-0.020153489,0.9978702,-0.05826708,0.0259361882,-0.0137014706
7934f1476fe2c6e458c230f491769c34,7400002,Mankey,0.0166666675,source,LeftToes,-0.111114368,0.0350675955,0.08829306,0.705174863,0.0077355504,-0.7086075,-0.0233328454
7934f1476fe2c6e458c230f491769c34,7400002,Mankey,0.0166666675,source,RightToes,0.111424968,0.0304255355,0.08550509,0.2509934,-0.679470539,0.197596878,0.6605134
7934f1476fe2c6e458c230f491769c34,7400002,Mankey,0.0166666675,source,LeftThumbProximal,-0.6423418,1.27770972,-0.00130752055,0.668736458,0.260803431,-0.227128759,0.658168852
7934f1476fe2c6e458c230f491769c34,7400002,Mankey,0.0166666675,source,LeftThumbIntermediate,-0.6762809,1.27548635,0.02755927,0.6552991,0.215469748,-0.147777662,0.708744
7934f1476fe2c6e458c230f491769c34,7400002,Mankey,0.0166666675,source,LeftThumbDistal,-0.7021768,1.27329934,0.04252763,0.632521749,0.165575162,-0.08361153,0.7520043
7934f1476fe2c6e458c230f491769c34,7400002,Mankey,0.0166666675,source,LeftIndexProximal,-0.7087018,1.280361,0.008425953,0.029862972,0.0463657081,-0.0188163985,0.998301
7934f1476fe2c6e458c230f491769c34,7400002,Mankey,0.0166666675,source,LeftIndexIntermediate,-0.7393817,1.281434,0.0113151874,0.0367194749,0.0478737429,0.003999042,0.9981707
7934f1476fe2c6e458c230f491769c34,7400002,Mankey,0.0166666675,source,LeftIndexDistal,-0.761534154,1.28117824,0.0134356217,0.0445380844,0.0480801277,0.04385647,0.996886134
7934f1476fe2c6e458c230f491769c34,7400002,Mankey,0.0166666675,source,LeftMiddleProximal,-0.7115389,1.28110313,-0.0128196971,0.03623549,0.0264827758,-0.0166030116,0.9988547
7934f1476fe2c6e458c230f491769c34,7400002,Mankey,0.0166666675,source,LeftMiddleIntermediate,-0.744318664,1.28212929,-0.0110424533,0.0510922521,0.0315975547,-0.00244673784,0.9981913
7934f1476fe2c6e458c230f491769c34,7400002,Mankey,0.0166666675,source,LeftMiddleDistal,-0.766154468,1.28216529,-0.009656804,0.06738223,0.03335287,0.0425935574,0.9962599
7934f1476fe2c6e458c230f491769c34,7400002,Mankey,0.0166666675,source,LeftRingProximal,-0.712729931,1.28142166,-0.0304698,0.0408260673,-0.009062981,0.0375655256,0.9984189
7934f1476fe2c6e458c230f491769c34,7400002,Mankey,0.0166666675,source,LeftRingIntermediate,-0.7439559,1.27909529,-0.03113274,0.0615411252,0.00160133454,0.0206478965,0.997889936
7934f1476fe2c6e458c230f491769c34,7400002,Mankey,0.0166666675,source,LeftRingDistal,-0.7631313,1.27830076,-0.03112031,0.0832872242,0.00681211,0.049461998,0.995274246
7934f1476fe2c6e458c230f491769c34,7400002,Mankey,0.0166666675,source,LeftLittleProximal,-0.7092516,1.27809787,-0.04810888,0.0442540832,-0.0289437529,0.03024638,0.998142958
7934f1476fe2c6e458c230f491769c34,7400002,Mankey,0.0166666675,source,LeftLittleIntermediate,-0.7366008,1.276511,-0.04976821,0.0703002959,-0.01749119,0.0338300578,0.9967989
7934f1476fe2c6e458c230f491769c34,7400002,Mankey,0.0166666675,source,LeftLittleDistal,-0.7555433,1.27527642,-0.05052097,0.0969499052,-0.009469684,0.0536329038,0.9937983
7934f1476fe2c6e458c230f491769c34,7400002,Mankey,0.0166666675,source,RightThumbProximal,0.6423405,1.27771258,-0.00130698178,0.65816927,0.227128685,0.260803252,-0.668736041
7934f1476fe2c6e458c230f491769c34,7400002,Mankey,0.0166666675,source,RightThumbIntermediate,0.6762799,1.275489,0.0275593586,-0.708740354,-0.147776082,-0.215472266,0.655302763
7934f1476fe2c6e458c230f491769c34,7400002,Mankey,0.0166666675,source,RightThumbDistal,0.7021754,1.27330208,0.0425273441,0.7520041,0.08362458,0.16555737,-0.632525265
7934f1476fe2c6e458c230f491769c34,7400002,Mankey,0.0166666675,source,RightIndexProximal,0.708701,1.28036129,0.008425618,-0.9983015,-0.0188159533,-0.046363987,0.0298524424
7934f1476fe2c6e458c230f491769c34,7400002,Mankey,0.0166666675,source,RightIndexIntermediate,0.73938036,1.28143656,0.0113153,0.998170435,-0.0040002726,0.0478843749,-0.03670879
7934f1476fe2c6e458c230f491769c34,7400002,Mankey,0.0166666675,source,RightIndexDistal,0.7615351,1.28117728,0.0134357074,-0.9968859,0.0438578278,-0.0480916873,0.04452659
7934f1476fe2c6e458c230f491769c34,7400002,Mankey,0.0166666675,source,RightMiddleProximal,0.7115382,1.28110266,-0.0128201852,-0.998855,-0.0166029986,-0.0264797211,0.0362281576
7934f1476fe2c6e458c230f491769c34,7400002,Mankey,0.0166666675,source,RightMiddleIntermediate,0.7443163,1.28213263,-0.0110422987,0.9981906,0.00244446518,0.03161902,-0.0510935523
7934f1476fe2c6e458c230f491769c34,7400002,Mankey,0.0166666675,source,RightMiddleDistal,0.76615566,1.28216469,-0.009657022,-0.9962584,0.04259611,-0.033376433,0.0673894
7934f1476fe2c6e458c230f491769c34,7400002,Mankey,0.0166666675,source,RightRingProximal,0.7127298,1.281421,-0.0304705631,-0.998419046,0.03756586,0.009062691,0.0408226252
7934f1476fe2c6e458c230f491769c34,7400002,Mankey,0.0166666675,source,RightRingIntermediate,0.743956864,1.27909362,-0.0311335,0.99789083,-0.0206469242,0.001592034,-0.06152963
7934f1476fe2c6e458c230f491769c34,7400002,Mankey,0.0166666675,source,RightRingDistal,0.7631295,1.27830172,-0.0311205424,-0.995276,0.04946035,-0.00679802429,0.0832702
7934f1476fe2c6e458c230f491769c34,7400002,Mankey,0.0166666675,source,RightLittleProximal,0.709251046,1.27809727,-0.04810974,-0.9981431,0.0302460026,0.0289458018,0.0442530736
7934f1476fe2c6e458c230f491769c34,7400002,Mankey,0.0166666675,source,RightLittleIntermediate,0.7365987,1.27651334,-0.0497679,0.9967987,-0.0338331871,-0.0174652189,-0.0703096762
7934f1476fe2c6e458c230f491769c34,7400002,Mankey,0.0166666675,source,RightLittleDistal,0.7555463,1.27527332,-0.050521493,-0.9937971,0.0536375642,0.009433506,0.09696618
7934f1476fe2c6e458c230f491769c34,7400002,Mankey,0.0166666675,fighter,AnimatorRoot,0,0,0,0,0,0,1
7934f1476fe2c6e458c230f491769c34,7400002,Mankey,0.0166666675,fighter,Hips,-8.032656E-08,0.828851759,-9.313212E-10,0.499284923,-0.500714064,-0.49928546,0.500713646
7934f1476fe2c6e458c230f491769c34,7400002,Mankey,0.0166666675,fighter,LeftUpperLeg,-0.12126191,0.8288518,-1.13621361E-08,0.5215928,0.498013735,0.497503936,0.48209244
7934f1476fe2c6e458c230f491769c34,7400002,Mankey,0.0166666675,fighter,RightUpperLeg,0.121261746,0.82885164,-1.13621361E-08,0.497497261,0.4821026,0.521592259,0.498011261
7934f1476fe2c6e458c230f491769c34,7400002,Mankey,0.0166666675,fighter,LeftLowerLeg,-0.1245345,0.4631959,-0.01420384,0.5540805,0.5419968,0.475909,0.4156262
7934f1476fe2c6e458c230f491769c34,7400002,Mankey,0.0166666675,fighter,RightLowerLeg,0.124540962,0.463195473,-0.01419827,0.476367623,0.416077763,0.5537327,0.541602731
7934f1476fe2c6e458c230f491769c34,7400002,Mankey,0.0166666675,fighter,LeftFoot,-0.1101672,0.109784387,-0.04146571,0.0471891761,0.75974,0.0262164772,0.6479825
7934f1476fe2c6e458c230f491769c34,7400002,Mankey,0.0166666675,fighter,RightFoot,0.110166691,0.109784886,-0.0414655432,0.0403185673,0.6481439,0.0584979653,0.7581966
7934f1476fe2c6e458c230f491769c34,7400002,Mankey,0.0166666675,fighter,Spine,-2.53290615E-08,0.87447387,-0.00362174958,0.4728215,-0.525775433,-0.47282207,0.5257751
7934f1476fe2c6e458c230f491769c34,7400002,Mankey,0.0166666675,fighter,Chest,2.895093E-07,1.11356735,-0.01579881,0.5112691,-0.4884711,-0.511269569,0.4884705
7934f1476fe2c6e458c230f491769c34,7400002,Mankey,0.0166666675,fighter,Neck,6.940562E-07,1.39666367,-0.0263345931,0.486200333,-0.513429165,-0.486200631,0.513428748
7934f1476fe2c6e458c230f491769c34,7400002,Mankey,0.0166666675,fighter,Head,8.10495237E-07,1.545222,-0.0344336666,0.50000006,-0.50000006,-0.50000006,0.49999994
7934f1476fe2c6e458c230f491769c34,7400002,Mankey,0.0166666675,fighter,LeftShoulder,-0.0300652217,1.36665332,0.07847979,0.6511328,-0.269447446,-0.003382206,0.709516048
7934f1476fe2c6e458c230f491769c34,7400002,Mankey,0.0166666675,fighter,RightShoulder,0.0300665312,1.3666532,0.07847981,0.003381312,-0.7095151,-0.651134133,0.2694467
7934f1476fe2c6e458c230f491769c34,7400002,Mankey,0.0166666675,fighter,LeftUpperArm,-0.2114893,1.44214833,-0.001739527,0.7809779,-0.0726459,-0.0479359329,0.6184646
7934f1476fe2c6e458c230f491769c34,7400002,Mankey,0.0166666675,fighter,RightUpperArm,0.21149084,1.44214833,-0.00173927669,-0.0479253232,0.618428469,0.7810066,-0.0726515353
7934f1476fe2c6e458c230f491769c34,7400002,Mankey,0.0166666675,fighter,LeftLowerArm,-0.4890666,1.490841,-0.00596221257,0.689929962,0.34439978,0.316009164,0.552742243
7934f1476fe2c6e458c230f491769c34,7400002,Mankey,0.0166666675,fighter,RightLowerArm,0.489068419,1.4908402,-0.00596746942,0.3159865,0.552711368,0.68995297,0.3444239
7934f1476fe2c6e458c230f491769c34,7400002,Mankey,0.0166666675,fighter,LeftHand,-0.633507133,1.27931428,-0.020152919,-0.057907,0.149417713,0.0257141,-0.986742258
7934f1476fe2c6e458c230f491769c34,7400002,Mankey,0.0166666675,fighter,RightHand,0.6335076,1.27931273,-0.0201535448,-0.0257171988,0.9867432,0.05789669,-0.1494153
7934f1476fe2c6e458c230f491769c34,7400002,Mankey,0.0166666675,fighter,LeftToes,-0.0622166954,0.105173215,0.235214412,0.108745895,0.7165341,0.0890244246,0.683248341
7934f1476fe2c6e458c230f491769c34,7400002,Mankey,0.0166666675,fighter,RightToes,0.06303252,0.09521855,0.235009313,0.102443427,0.6821971,0.120608568,0.713838935
7934f1476fe2c6e458c230f491769c34,7400002,Mankey,0.0166666675,fighter,LeftEye,-0.131209657,1.66920507,0.143619508,0.579204857,-0.410975963,-0.405612648,-0.5754122
7934f1476fe2c6e458c230f491769c34,7400002,Mankey,0.0166666675,fighter,RightEye,0.131462857,1.66920543,0.143624112,0.390653223,-0.5904653,-0.5893982,-0.3890387
7934f1476fe2c6e458c230f491769c34,7400002,Mankey,0.0166666675,fighter,Jaw,8.24341441E-07,1.45234144,0.151462972,0.7071048,0.00176179409,-0.7071049,-0.00176199328
7934f1476fe2c6e458c230f491769c34,7400002,Mankey,0.0166666675,fighter,LeftThumbProximal,-0.699987233,1.26652682,0.008298964,-0.0203858614,-0.232692733,-0.07185924,-0.9696779
7934f1476fe2c6e458c230f491769c34,7400002,Mankey,0.0166666675,fighter,LeftThumbIntermediate,-0.7395707,1.25984156,0.0284344,-0.0311996639,-0.144109547,-0.07792558,-0.9859954
7934f1476fe2c6e458c230f491769c34,7400002,Mankey,0.0166666675,fighter,LeftThumbDistal,-0.776253462,1.25353622,0.0392618366,-0.03889954,-0.09393403,-0.07889682,-0.9916848
7934f1476fe2c6e458c230f491769c34,7400002,Mankey,0.0166666675,fighter,LeftMiddleProximal,-0.7671728,1.282378,-0.00759138027,-0.0014975667,0.08762947,-0.0117235482,-0.9960832
7934f1476fe2c6e458c230f491769c34,7400002,Mankey,0.0166666675,fighter,LeftMiddleIntermediate,-0.826874137,1.28097725,-0.018181162,0.0593833923,0.08582185,-0.0217295587,-0.9943018
7934f1476fe2c6e458c230f491769c34,7400002,Mankey,0.0166666675,fighter,LeftMiddleDistal,-0.8793785,1.27812874,-0.0271467362,0.117364377,0.106096148,-0.0156833231,-0.987280846
7934f1476fe2c6e458c230f491769c34,7400002,Mankey,0.0166666675,fighter,LeftRingProximal,-0.766204,1.28325927,-0.06275445,-0.0396305621,0.126795381,-0.06613228,-0.988928258
7934f1476fe2c6e458c230f491769c34,7400002,Mankey,0.0166666675,fighter,LeftRingIntermediate,-0.817362547,1.27681863,-0.07641064,-0.0192865133,0.11635682,-0.04775843,-0.991871357
7934f1476fe2c6e458c230f491769c34,7400002,Mankey,0.0166666675,fighter,LeftRingDistal,-0.8703327,1.27188182,-0.08913757,0.00119492412,0.119345382,-0.0307095349,-0.992377162
7934f1476fe2c6e458c230f491769c34,7400002,Mankey,0.0166666675,fighter,LeftLittleProximal,-0.737158,1.28508234,-0.115426645,-0.0397668928,0.145987526,-0.05684918,-0.9868509
7934f1476fe2c6e458c230f491769c34,7400002,Mankey,0.0166666675,fighter,LeftLittleIntermediate,-0.7878798,1.27971673,-0.131036893,-0.00407263637,0.137900144,-0.05605814,-0.9888503
7934f1476fe2c6e458c230f491769c34,7400002,Mankey,0.0166666675,fighter,LeftLittleDistal,-0.8407531,1.2736454,-0.146150559,0.0123938322,0.144384056,-0.0542167574,-0.9879578
7934f1476fe2c6e458c230f491769c34,7400002,Mankey,0.0166666675,fighter,RightThumbProximal,0.6999874,1.26652634,0.00829883851,-0.07185258,-0.9696772,-0.0203794539,-0.232697487
7934f1476fe2c6e458c230f491769c34,7400002,Mankey,0.0166666675,fighter,RightThumbIntermediate,0.7395707,1.25984228,0.0284348167,0.07791565,0.9859949,0.0311920941,0.144120514
7934f1476fe2c6e458c230f491769c34,7400002,Mankey,0.0166666675,fighter,RightThumbDistal,0.7762531,1.253538,0.03926309,-0.0788873,-0.9916848,-0.03889215,-0.09394638
7934f1476fe2c6e458c230f491769c34,7400002,Mankey,0.0166666675,fighter,RightMiddleProximal,0.7671731,1.282378,-0.007591631,-0.0116540492,-0.9960867,-0.00147980452,0.08759983
7934f1476fe2c6e458c230f491769c34,7400002,Mankey,0.0166666675,fighter,RightMiddleIntermediate,0.8268752,1.28098559,-0.01817799,0.0218040049,0.994297266,-0.0594211519,-0.0858326554
7934f1476fe2c6e458c230f491769c34,7400002,Mankey,0.0166666675,fighter,RightMiddleDistal,0.879378557,1.27812886,-0.0271444,-0.0155884922,-0.9872776,0.117380172,0.106125936
7934f1476fe2c6e458c230f491769c34,7400002,Mankey,0.0166666675,fighter,RightRingProximal,0.7662051,1.28325832,-0.06275503,-0.06613392,-0.9889301,-0.03962253,0.1267825
7934f1476fe2c6e458c230f491769c34,7400002,Mankey,0.0166666675,fighter,RightRingIntermediate,0.817363858,1.27681708,-0.07641014,0.0476837158,0.991878748,0.01929079,-0.116323218
7934f1476fe2c6e458c230f491769c34,7400002,Mankey,0.0166666675,fighter,RightRingDistal,0.870336235,1.27188826,-0.08913373,-0.0306351185,-0.992383957,0.00119066238,0.119310006
7934f1476fe2c6e458c230f491769c34,7400002,Mankey,0.0166666675,fighter,RightLittleProximal,0.737159431,1.2850796,-0.115427516,-0.05678734,-0.9868599,-0.03975892,0.145952731
7934f1476fe2c6e458c230f491769c34,7400002,Mankey,0.0166666675,fighter,RightLittleIntermediate,0.787883162,1.27972019,-0.13103427,0.0561762452,0.9888421,0.004031673,-0.137911886
7934f1476fe2c6e458c230f491769c34,7400002,Mankey,0.0166666675,fighter,RightLittleDistal,0.8407549,1.27363491,-0.146149352,-0.05433607,-0.9879488,0.012433365,0.1443976
7934f1476fe2c6e458c230f491769c34,7400002,Mankey,0.0166666675,fighter,UpperChest,4.19714354E-07,1.23288488,-0.0103540383,0.48051852,-0.518750548,-0.480519,0.51875
