guid	localId	clip	durationSeconds	status	visualSequence	candidateBeatsSeconds	stanceEndRootTravel	limitations	sourceObservation	fighterObservation
7934f1476fe2c6e458c230f491769c34	7400000	BindPose	0.017	support pose	Mankey CPU-skinned sheet Mankey_7934f1476fe2c6e458c230f491769c34_7400000.png; 12/16 chronological frames reviewed. Static bind reference; arms hang relaxed, no action phase.	none	Root delta xyz=0.000,0.000,0.000 m (|d|=0.0000m); static reference stance.	Unpaired source only: timing marks extension extrema, not victim contact; sheet sampling is sparse, distal hand can be occluded, and retargeted reach/contact needs Unity pairing.	Mankey CPU-skinned sheet Mankey_7934f1476fe2c6e458c230f491769c34_7400000.png; 12/16 chronological frames reviewed. Static bind reference; arms hang relaxed, no action phase.	Pepe CPU-skinned sheet Pepe_7934f1476fe2c6e458c230f491769c34_7400000.png; corresponding sequence readable; narrower/smoother silhouette makes distal hand less distinct than elbow/shoulder in oblique views. Static support pose matches Mankey; no attack or contact candidate.
7934f1476fe2c6e458c230f491769c34	7400002	tpose	0.017	support pose	Mankey CPU-skinned sheet Mankey_7934f1476fe2c6e458c230f491769c34_7400002.png; 12/16 chronological frames reviewed. Static T-pose reference; both arms held laterally, no action phase.	none	Root delta xyz=0.000,0.000,0.000 m (|d|=0.0000m); static reference stance.	Unpaired source only: timing marks extension extrema, not victim contact; sheet sampling is sparse, distal hand can be occluded, and retargeted reach/contact needs Unity pairing.	Mankey CPU-skinned sheet Mankey_7934f1476fe2c6e458c230f491769c34_7400002.png; 12/16 chronological frames reviewed. Static T-pose reference; both arms held laterally, no action phase.	Pepe CPU-skinned sheet Pepe_7934f1476fe2c6e458c230f491769c34_7400002.png; corresponding sequence readable; narrower/smoother silhouette makes distal hand less distinct than elbow/shoulder in oblique views. Static support pose matches Mankey; no attack or contact candidate.
7934f1476fe2c6e458c230f491769c34	7400004	KB_p_Jab_L_1	0.950	usable; no duplicate candidate	Mankey CPU-skinned sheet Mankey_7934f1476fe2c6e458c230f491769c34_7400004.png; 12/16 chronological frames reviewed. Compact lead straight: guard, quick left extension, hand returns to mid guard, then settles.	Left extension candidate 0.100s, Mankey frame 02 (0.086s; relative-ext 0.90); Left extension candidate 0.850s, Mankey frame 11 (0.864s; relative-ext 0.55)	Root delta xyz=0.000,0.000,0.000 m (|d|=0.0000m); in-place clip root; visible stepping/weight shifts are pose motion, not measured travel.	Unpaired source only: timing marks extension extrema, not victim contact; sheet sampling is sparse, distal hand can be occluded, and retargeted reach/contact needs Unity pairing.	Mankey CPU-skinned sheet Mankey_7934f1476fe2c6e458c230f491769c34_7400004.png; 12/16 chronological frames reviewed. Compact lead straight: guard, quick left extension, hand returns to mid guard, then settles.	Pepe CPU-skinned sheet Pepe_7934f1476fe2c6e458c230f491769c34_7400004.png; corresponding sequence readable; narrower/smoother silhouette makes distal hand less distinct than elbow/shoulder in oblique views. Pose sequence and recovery remain readable; no obvious malformed limb observed.
7934f1476fe2c6e458c230f491769c34	7400006	KB_p_Jab_R_1	0.767	usable; no duplicate candidate	Mankey CPU-skinned sheet Mankey_7934f1476fe2c6e458c230f491769c34_7400006.png; 12/16 chronological frames reviewed. Compact opposite straight: right arm drives forward, retracts to guard; feet stay planted.	Right extension candidate 0.117s, Mankey frame 03 (0.139s; relative-ext 0.44)	Root delta xyz=0.000,0.000,0.000 m (|d|=0.0000m); in-place clip root; visible stepping/weight shifts are pose motion, not measured travel.	Unpaired source only: timing marks extension extrema, not victim contact; sheet sampling is sparse, distal hand can be occluded, and retargeted reach/contact needs Unity pairing.	Mankey CPU-skinned sheet Mankey_7934f1476fe2c6e458c230f491769c34_7400006.png; 12/16 chronological frames reviewed. Compact opposite straight: right arm drives forward, retracts to guard; feet stay planted.	Pepe CPU-skinned sheet Pepe_7934f1476fe2c6e458c230f491769c34_7400006.png; corresponding sequence readable; narrower/smoother silhouette makes distal hand less distinct than elbow/shoulder in oblique views. Pose sequence and recovery remain readable; no obvious malformed limb observed.
7934f1476fe2c6e458c230f491769c34	7400008	KB_p_OneTwo	0.850	usable; no duplicate candidate	Mankey CPU-skinned sheet Mankey_7934f1476fe2c6e458c230f491769c34_7400008.png; 12/16 chronological frames reviewed. Two-beat straight combination; first arm extends, brief reset, opposite arm reaches farther, then guard.	Left extension candidate 0.083s, Mankey frame 02 (0.077s; relative-ext 0.87); Right extension candidate 0.283s, Mankey frame 05 (0.309s; relative-ext 0.74); Left extension candidate 0.700s, Mankey frame 10 (0.695s; relative-ext 0.56)	Root delta xyz=0.000,0.000,0.000 m (|d|=0.0000m); in-place clip root; visible stepping/weight shifts are pose motion, not measured travel.	Unpaired source only: timing marks extension extrema, not victim contact; sheet sampling is sparse, distal hand can be occluded, and retargeted reach/contact needs Unity pairing.	Mankey CPU-skinned sheet Mankey_7934f1476fe2c6e458c230f491769c34_7400008.png; 12/16 chronological frames reviewed. Two-beat straight combination; first arm extends, brief reset, opposite arm reaches farther, then guard.	Pepe CPU-skinned sheet Pepe_7934f1476fe2c6e458c230f491769c34_7400008.png; corresponding sequence readable; narrower/smoother silhouette makes distal hand less distinct than elbow/shoulder in oblique views. Pose sequence and recovery remain readable; no obvious malformed limb observed.
7934f1476fe2c6e458c230f491769c34	7400010	KB_p_OneTwoThree	1.133	usable; no duplicate candidate	Mankey CPU-skinned sheet Mankey_7934f1476fe2c6e458c230f491769c34_7400010.png; 12/16 chronological frames reviewed. Three-beat straight combination; alternating arm extensions with a longer final reach before recovery.	Left extension candidate 0.083s, Mankey frame 02 (0.103s; relative-ext 0.89); Right extension candidate 0.283s, Mankey frame 04 (0.309s; relative-ext 0.79); Left extension candidate 0.517s, Mankey frame 06 (0.515s; relative-ext 0.95)	Root delta xyz=0.000,0.000,0.000 m (|d|=0.0000m); in-place clip root; visible stepping/weight shifts are pose motion, not measured travel.	Unpaired source only: timing marks extension extrema, not victim contact; sheet sampling is sparse, distal hand can be occluded, and retargeted reach/contact needs Unity pairing.	Mankey CPU-skinned sheet Mankey_7934f1476fe2c6e458c230f491769c34_7400010.png; 12/16 chronological frames reviewed. Three-beat straight combination; alternating arm extensions with a longer final reach before recovery.	Pepe CPU-skinned sheet Pepe_7934f1476fe2c6e458c230f491769c34_7400010.png; corresponding sequence readable; narrower/smoother silhouette makes distal hand less distinct than elbow/shoulder in oblique views. Pose sequence and recovery remain readable; no obvious malformed limb observed.
7934f1476fe2c6e458c230f491769c34	7400012	KB_p_DoubleJab	1.150	usable; no duplicate candidate	Mankey CPU-skinned sheet Mankey_7934f1476fe2c6e458c230f491769c34_7400012.png; 12/16 chronological frames reviewed. Repeated same-side jab pulses; two discrete forward reaches separated by retraction.	Left extension candidate 0.133s, Mankey frame 02 (0.105s; relative-ext 0.93); Left extension candidate 0.417s, Mankey frame 05 (0.418s; relative-ext 0.91); Left extension candidate 0.917s, Mankey frame 10 (0.941s; relative-ext 0.52)	Root delta xyz=0.000,0.000,0.000 m (|d|=0.0000m); in-place clip root; visible stepping/weight shifts are pose motion, not measured travel.	Unpaired source only: timing marks extension extrema, not victim contact; sheet sampling is sparse, distal hand can be occluded, and retargeted reach/contact needs Unity pairing.	Mankey CPU-skinned sheet Mankey_7934f1476fe2c6e458c230f491769c34_7400012.png; 12/16 chronological frames reviewed. Repeated same-side jab pulses; two discrete forward reaches separated by retraction.	Pepe CPU-skinned sheet Pepe_7934f1476fe2c6e458c230f491769c34_7400012.png; corresponding sequence readable; narrower/smoother silhouette makes distal hand less distinct than elbow/shoulder in oblique views. Pose sequence and recovery remain readable; no obvious malformed limb observed.
7934f1476fe2c6e458c230f491769c34	7400014	KB_p_Hook_R	1.017	usable; no duplicate candidate	Mankey CPU-skinned sheet Mankey_7934f1476fe2c6e458c230f491769c34_7400014.png; 12/16 chronological frames reviewed. Right hook arcs across the front at chest/head height; torso turns into the arc and recoils.	Left extension candidate 0.300s, Mankey frame 04 (0.277s; relative-ext 0.32); Right extension candidate 0.700s, Mankey frame 09 (0.739s; relative-ext 0.48)	Root delta xyz=0.000,0.000,0.000 m (|d|=0.0000m); in-place clip root; visible stepping/weight shifts are pose motion, not measured travel.	Unpaired source only: timing marks extension extrema, not victim contact; sheet sampling is sparse, distal hand can be occluded, and retargeted reach/contact needs Unity pairing.	Mankey CPU-skinned sheet Mankey_7934f1476fe2c6e458c230f491769c34_7400014.png; 12/16 chronological frames reviewed. Right hook arcs across the front at chest/head height; torso turns into the arc and recoils.	Pepe CPU-skinned sheet Pepe_7934f1476fe2c6e458c230f491769c34_7400014.png; corresponding sequence readable; narrower/smoother silhouette makes distal hand less distinct than elbow/shoulder in oblique views. Pose sequence and recovery remain readable; no obvious malformed limb observed.
7934f1476fe2c6e458c230f491769c34	7400016	KB_p_Hook_L	1.000	usable; no duplicate candidate	Mankey CPU-skinned sheet Mankey_7934f1476fe2c6e458c230f491769c34_7400016.png; 12/16 chronological frames reviewed. Left hook mirrors the lateral sweep; elbow stays bent, shoulders rotate, guard returns late.	Left extension candidate 0.150s, Mankey frame 03 (0.182s; relative-ext 0.68); Left extension candidate 0.650s, Mankey frame 08 (0.636s; relative-ext 0.62)	Root delta xyz=0.000,0.000,0.000 m (|d|=0.0000m); in-place clip root; visible stepping/weight shifts are pose motion, not measured travel.	Unpaired source only: timing marks extension extrema, not victim contact; sheet sampling is sparse, distal hand can be occluded, and retargeted reach/contact needs Unity pairing.	Mankey CPU-skinned sheet Mankey_7934f1476fe2c6e458c230f491769c34_7400016.png; 12/16 chronological frames reviewed. Left hook mirrors the lateral sweep; elbow stays bent, shoulders rotate, guard returns late.	Pepe CPU-skinned sheet Pepe_7934f1476fe2c6e458c230f491769c34_7400016.png; corresponding sequence readable; narrower/smoother silhouette makes distal hand less distinct than elbow/shoulder in oblique views. Pose sequence and recovery remain readable; no obvious malformed limb observed.
7934f1476fe2c6e458c230f491769c34	7400018	KB_p_DoubleHooks	1.267	usable; no duplicate candidate	Mankey CPU-skinned sheet Mankey_7934f1476fe2c6e458c230f491769c34_7400018.png; 12/16 chronological frames reviewed. Two alternating hooks; first sweep resets across the chest before the second arm swings.	Left extension candidate 0.183s, Mankey frame 03 (0.230s; relative-ext 0.81); Right extension candidate 0.367s, Mankey frame 04 (0.345s; relative-ext 0.52); Right extension candidate 0.867s, Mankey frame 09 (0.921s; relative-ext 0.49)	Root delta xyz=0.000,0.000,0.000 m (|d|=0.0000m); in-place clip root; visible stepping/weight shifts are pose motion, not measured travel.	Unpaired source only: timing marks extension extrema, not victim contact; sheet sampling is sparse, distal hand can be occluded, and retargeted reach/contact needs Unity pairing.	Mankey CPU-skinned sheet Mankey_7934f1476fe2c6e458c230f491769c34_7400018.png; 12/16 chronological frames reviewed. Two alternating hooks; first sweep resets across the chest before the second arm swings.	Pepe CPU-skinned sheet Pepe_7934f1476fe2c6e458c230f491769c34_7400018.png; corresponding sequence readable; narrower/smoother silhouette makes distal hand less distinct than elbow/shoulder in oblique views. Pose sequence and recovery remain readable; no obvious malformed limb observed.
7934f1476fe2c6e458c230f491769c34	7400020	KB_p_RabbitPunch_Loop	1.000	usable; no duplicate candidate	Mankey CPU-skinned sheet Mankey_7934f1476fe2c6e458c230f491769c34_7400020.png; 12/16 chronological frames reviewed. Looping rabbit-punch sequence: low crouch, repeated compact upward/forward hand cycles, sustained bobbing.	Right extension candidate 0.267s, Mankey frame 04 (0.273s; relative-ext 0.88); Left extension candidate 0.417s, Mankey frame 06 (0.455s; relative-ext 0.86); Right extension candidate 0.583s, Mankey frame 07 (0.545s; relative-ext 0.90)	Root delta xyz=0.000,0.000,0.000 m (|d|=0.0000m); in-place clip root; visible stepping/weight shifts are pose motion, not measured travel.	Unpaired source only: timing marks extension extrema, not victim contact; sheet sampling is sparse, distal hand can be occluded, and retargeted reach/contact needs Unity pairing.	Mankey CPU-skinned sheet Mankey_7934f1476fe2c6e458c230f491769c34_7400020.png; 12/16 chronological frames reviewed. Looping rabbit-punch sequence: low crouch, repeated compact upward/forward hand cycles, sustained bobbing.	Pepe CPU-skinned sheet Pepe_7934f1476fe2c6e458c230f491769c34_7400020.png; corresponding sequence readable; narrower/smoother silhouette makes distal hand less distinct than elbow/shoulder in oblique views. Pose sequence and recovery remain readable; no obvious malformed limb observed.
7934f1476fe2c6e458c230f491769c34	7400022	KB_p_RabbitPunch_End	0.900	usable; no duplicate candidate	Mankey CPU-skinned sheet Mankey_7934f1476fe2c6e458c230f491769c34_7400022.png; 12/16 chronological frames reviewed. Rabbit-punch end segment: one short rising punch from a low stance, then upright recovery.	Left extension candidate 0.150s, Mankey frame 03 (0.164s; relative-ext 0.87)	Root delta xyz=0.000,0.000,0.000 m (|d|=0.0000m); in-place clip root; visible stepping/weight shifts are pose motion, not measured travel.	Unpaired source only: timing marks extension extrema, not victim contact; sheet sampling is sparse, distal hand can be occluded, and retargeted reach/contact needs Unity pairing.	Mankey CPU-skinned sheet Mankey_7934f1476fe2c6e458c230f491769c34_7400022.png; 12/16 chronological frames reviewed. Rabbit-punch end segment: one short rising punch from a low stance, then upright recovery.	Pepe CPU-skinned sheet Pepe_7934f1476fe2c6e458c230f491769c34_7400022.png; corresponding sequence readable; narrower/smoother silhouette makes distal hand less distinct than elbow/shoulder in oblique views. Pose sequence and recovery remain readable; no obvious malformed limb observed.
7934f1476fe2c6e458c230f491769c34	7400024	KB_p_Uppercut_L	0.967	usable; no duplicate candidate	Mankey CPU-skinned sheet Mankey_7934f1476fe2c6e458c230f491769c34_7400024.png; 12/16 chronological frames reviewed. Left uppercut rises from a bent elbow near waist/chest toward the face line; knees and torso lift.	Left extension candidate 0.200s, Mankey frame 03 (0.176s; relative-ext 0.73); Left extension candidate 0.350s, Mankey frame 05 (0.352s; relative-ext 0.64); Left extension candidate 0.583s, Mankey frame 08 (0.615s; relative-ext 0.60)	Root delta xyz=0.000,0.000,0.000 m (|d|=0.0000m); in-place clip root; visible stepping/weight shifts are pose motion, not measured travel.	Unpaired source only: timing marks extension extrema, not victim contact; sheet sampling is sparse, distal hand can be occluded, and retargeted reach/contact needs Unity pairing.	Mankey CPU-skinned sheet Mankey_7934f1476fe2c6e458c230f491769c34_7400024.png; 12/16 chronological frames reviewed. Left uppercut rises from a bent elbow near waist/chest toward the face line; knees and torso lift.	Pepe CPU-skinned sheet Pepe_7934f1476fe2c6e458c230f491769c34_7400024.png; corresponding sequence readable; narrower/smoother silhouette makes distal hand less distinct than elbow/shoulder in oblique views. Raised fist and crouch remain visible; hand endpoint less legible at sheet scale, elbow path is clear.
7934f1476fe2c6e458c230f491769c34	7400026	KB_p_Uppercut_R	1.100	usable; no duplicate candidate	Mankey CPU-skinned sheet Mankey_7934f1476fe2c6e458c230f491769c34_7400026.png; 12/16 chronological frames reviewed. Right uppercut with the same low-to-high path; reaches upward then retracts while stance remains forward.	Left extension candidate 0.050s, Mankey frame 01 (0.000s; relative-ext 0.66); Right extension candidate 0.217s, Mankey frame 03 (0.200s; relative-ext 0.30)	Root delta xyz=0.000,0.000,0.000 m (|d|=0.0000m); in-place clip root; visible stepping/weight shifts are pose motion, not measured travel.	Unpaired source only: timing marks extension extrema, not victim contact; sheet sampling is sparse, distal hand can be occluded, and retargeted reach/contact needs Unity pairing.	Mankey CPU-skinned sheet Mankey_7934f1476fe2c6e458c230f491769c34_7400026.png; 12/16 chronological frames reviewed. Right uppercut with the same low-to-high path; reaches upward then retracts while stance remains forward.	Pepe CPU-skinned sheet Pepe_7934f1476fe2c6e458c230f491769c34_7400026.png; corresponding sequence readable; narrower/smoother silhouette makes distal hand less distinct than elbow/shoulder in oblique views. Raised fist and crouch remain visible; hand endpoint less legible at sheet scale, elbow path is clear.
7934f1476fe2c6e458c230f491769c34	7400028	KB_m_Overhand_R	1.600	usable; no duplicate candidate	Mankey CPU-skinned sheet Mankey_7934f1476fe2c6e458c230f491769c34_7400028.png; 12/16 chronological frames reviewed. Right overhand: arm cocks high, torso folds and swings down across, followed by a deep recovery lean.	Left extension candidate 0.217s, Mankey frame 02 (0.145s; relative-ext 0.66); Left extension candidate 0.583s, Mankey frame 05 (0.582s; relative-ext 0.36)	Root delta xyz=0.000,0.000,0.680 m (|d|=0.6799m); in-place clip root; visible stepping/weight shifts are pose motion, not measured travel.	Unpaired source only: timing marks extension extrema, not victim contact; sheet sampling is sparse, distal hand can be occluded, and retargeted reach/contact needs Unity pairing.	Mankey CPU-skinned sheet Mankey_7934f1476fe2c6e458c230f491769c34_7400028.png; 12/16 chronological frames reviewed. Right overhand: arm cocks high, torso folds and swings down across, followed by a deep recovery lean.	Pepe CPU-skinned sheet Pepe_7934f1476fe2c6e458c230f491769c34_7400028.png; corresponding sequence readable; narrower/smoother silhouette makes distal hand less distinct than elbow/shoulder in oblique views. Pose sequence and recovery remain readable; no obvious malformed limb observed.
7934f1476fe2c6e458c230f491769c34	7400030	KB_m_Overhand_L	1.017	usable; no duplicate candidate	Mankey CPU-skinned sheet Mankey_7934f1476fe2c6e458c230f491769c34_7400030.png; 12/16 chronological frames reviewed. Left overhand mirrors the high arc; shoulder drops through the strike and body pitches forward.	Left extension candidate 0.283s, Mankey frame 04 (0.277s; relative-ext 0.74); Left extension candidate 0.817s, Mankey frame 10 (0.832s; relative-ext 0.63)	Root delta xyz=-0.114,-0.000,0.282 m (|d|=0.3042m); in-place clip root; visible stepping/weight shifts are pose motion, not measured travel.	Unpaired source only: timing marks extension extrema, not victim contact; sheet sampling is sparse, distal hand can be occluded, and retargeted reach/contact needs Unity pairing.	Mankey CPU-skinned sheet Mankey_7934f1476fe2c6e458c230f491769c34_7400030.png; 12/16 chronological frames reviewed. Left overhand mirrors the high arc; shoulder drops through the strike and body pitches forward.	Pepe CPU-skinned sheet Pepe_7934f1476fe2c6e458c230f491769c34_7400030.png; corresponding sequence readable; narrower/smoother silhouette makes distal hand less distinct than elbow/shoulder in oblique views. Pose sequence and recovery remain readable; no obvious malformed limb observed.
7934f1476fe2c6e458c230f491769c34	7400032	KB_m_Jab_L	0.900	usable; no duplicate candidate	Mankey CPU-skinned sheet Mankey_7934f1476fe2c6e458c230f491769c34_7400032.png; 12/16 chronological frames reviewed. Medium-range left jab: clear forward arm extension from a guarded stance, then quick return.	Right extension candidate 0.117s, Mankey frame 02 (0.082s; relative-ext 0.52); Left extension candidate 0.267s, Mankey frame 04 (0.245s; relative-ext 0.88)	Root delta xyz=0.000,0.000,0.669 m (|d|=0.6690m); in-place clip root; visible stepping/weight shifts are pose motion, not measured travel.	Unpaired source only: timing marks extension extrema, not victim contact; sheet sampling is sparse, distal hand can be occluded, and retargeted reach/contact needs Unity pairing.	Mankey CPU-skinned sheet Mankey_7934f1476fe2c6e458c230f491769c34_7400032.png; 12/16 chronological frames reviewed. Medium-range left jab: clear forward arm extension from a guarded stance, then quick return.	Pepe CPU-skinned sheet Pepe_7934f1476fe2c6e458c230f491769c34_7400032.png; corresponding sequence readable; narrower/smoother silhouette makes distal hand less distinct than elbow/shoulder in oblique views. Pose sequence and recovery remain readable; no obvious malformed limb observed.
7934f1476fe2c6e458c230f491769c34	7400034	KB_m_Jab_R	0.933	usable; no duplicate candidate	Mankey CPU-skinned sheet Mankey_7934f1476fe2c6e458c230f491769c34_7400034.png; 12/16 chronological frames reviewed. Medium-range right jab: opposite arm reaches straight, shoulders rotate slightly, guard restored.	Left extension candidate 0.133s, Mankey frame 03 (0.170s; relative-ext 0.55); Right extension candidate 0.300s, Mankey frame 05 (0.339s; relative-ext 0.68); Left extension candidate 0.800s, Mankey frame 10 (0.764s; relative-ext 0.54)	Root delta xyz=0.000,0.000,0.663 m (|d|=0.6635m); in-place clip root; visible stepping/weight shifts are pose motion, not measured travel.	Unpaired source only: timing marks extension extrema, not victim contact; sheet sampling is sparse, distal hand can be occluded, and retargeted reach/contact needs Unity pairing.	Mankey CPU-skinned sheet Mankey_7934f1476fe2c6e458c230f491769c34_7400034.png; 12/16 chronological frames reviewed. Medium-range right jab: opposite arm reaches straight, shoulders rotate slightly, guard restored.	Pepe CPU-skinned sheet Pepe_7934f1476fe2c6e458c230f491769c34_7400034.png; corresponding sequence readable; narrower/smoother silhouette makes distal hand less distinct than elbow/shoulder in oblique views. Pose sequence and recovery remain readable; no obvious malformed limb observed.
7934f1476fe2c6e458c230f491769c34	7400036	KB_m_OneTwo	1.133	usable; no duplicate candidate	Mankey CPU-skinned sheet Mankey_7934f1476fe2c6e458c230f491769c34_7400036.png; 12/16 chronological frames reviewed. Medium one-two: two straight extensions on alternating sides with a visible transition between reaches.	Left extension candidate 0.283s, Mankey frame 04 (0.309s; relative-ext 0.86); Right extension candidate 0.583s, Mankey frame 07 (0.618s; relative-ext 0.82); Left extension candidate 1.100s, Mankey frame 12 (1.133s; relative-ext 0.54)	Root delta xyz=0.000,0.000,0.981 m (|d|=0.9812m); in-place clip root; visible stepping/weight shifts are pose motion, not measured travel.	Unpaired source only: timing marks extension extrema, not victim contact; sheet sampling is sparse, distal hand can be occluded, and retargeted reach/contact needs Unity pairing.	Mankey CPU-skinned sheet Mankey_7934f1476fe2c6e458c230f491769c34_7400036.png; 12/16 chronological frames reviewed. Medium one-two: two straight extensions on alternating sides with a visible transition between reaches.	Pepe CPU-skinned sheet Pepe_7934f1476fe2c6e458c230f491769c34_7400036.png; corresponding sequence readable; narrower/smoother silhouette makes distal hand less distinct than elbow/shoulder in oblique views. Pose sequence and recovery remain readable; no obvious malformed limb observed.
7934f1476fe2c6e458c230f491769c34	7400038	KB_m_Hook_L	1.267	usable; no duplicate candidate	Mankey CPU-skinned sheet Mankey_7934f1476fe2c6e458c230f491769c34_7400038.png; 12/16 chronological frames reviewed. Left hook sweeps horizontally with torso rotation; arm retracts while feet stay broadly planted.	Left extension candidate 0.067s, Mankey frame 02 (0.115s; relative-ext 0.55); Left extension candidate 0.383s, Mankey frame 04 (0.345s; relative-ext 0.62); Left extension candidate 0.883s, Mankey frame 09 (0.921s; relative-ext 0.61)	Root delta xyz=0.000,0.000,0.767 m (|d|=0.7666m); in-place clip root; visible stepping/weight shifts are pose motion, not measured travel.	Unpaired source only: timing marks extension extrema, not victim contact; sheet sampling is sparse, distal hand can be occluded, and retargeted reach/contact needs Unity pairing.	Mankey CPU-skinned sheet Mankey_7934f1476fe2c6e458c230f491769c34_7400038.png; 12/16 chronological frames reviewed. Left hook sweeps horizontally with torso rotation; arm retracts while feet stay broadly planted.	Pepe CPU-skinned sheet Pepe_7934f1476fe2c6e458c230f491769c34_7400038.png; corresponding sequence readable; narrower/smoother silhouette makes distal hand less distinct than elbow/shoulder in oblique views. Pose sequence and recovery remain readable; no obvious malformed limb observed.
7934f1476fe2c6e458c230f491769c34	7400040	KB_m_Hook_R	1.033	usable; no duplicate candidate	Mankey CPU-skinned sheet Mankey_7934f1476fe2c6e458c230f491769c34_7400040.png; 12/16 chronological frames reviewed. Right hook sweeps horizontally; shoulder leads and upper body follows before returning to guard.	Left extension candidate 0.083s, Mankey frame 02 (0.094s; relative-ext 0.55); Right extension candidate 0.417s, Mankey frame 05 (0.376s; relative-ext 0.64); Left extension candidate 0.933s, Mankey frame 11 (0.939s; relative-ext 0.55)	Root delta xyz=0.000,0.000,0.746 m (|d|=0.7458m); in-place clip root; visible stepping/weight shifts are pose motion, not measured travel.	Unpaired source only: timing marks extension extrema, not victim contact; sheet sampling is sparse, distal hand can be occluded, and retargeted reach/contact needs Unity pairing.	Mankey CPU-skinned sheet Mankey_7934f1476fe2c6e458c230f491769c34_7400040.png; 12/16 chronological frames reviewed. Right hook sweeps horizontally; shoulder leads and upper body follows before returning to guard.	Pepe CPU-skinned sheet Pepe_7934f1476fe2c6e458c230f491769c34_7400040.png; corresponding sequence readable; narrower/smoother silhouette makes distal hand less distinct than elbow/shoulder in oblique views. Pose sequence and recovery remain readable; no obvious malformed limb observed.
7934f1476fe2c6e458c230f491769c34	7400042	KB_m_Uppercut_L	1.167	usable; no duplicate candidate	Mankey CPU-skinned sheet Mankey_7934f1476fe2c6e458c230f491769c34_7400042.png; 12/16 chronological frames reviewed. Left uppercut rises from a low chamber with knee bend and torso lift, then returns to guard.	Left extension candidate 0.217s, Mankey frame 03 (0.212s; relative-ext 0.57); Left extension candidate 0.783s, Mankey frame 08 (0.742s; relative-ext 0.59)	Root delta xyz=0.000,0.000,0.588 m (|d|=0.5877m); in-place clip root; visible stepping/weight shifts are pose motion, not measured travel.	Unpaired source only: timing marks extension extrema, not victim contact; sheet sampling is sparse, distal hand can be occluded, and retargeted reach/contact needs Unity pairing.	Mankey CPU-skinned sheet Mankey_7934f1476fe2c6e458c230f491769c34_7400042.png; 12/16 chronological frames reviewed. Left uppercut rises from a low chamber with knee bend and torso lift, then returns to guard.	Pepe CPU-skinned sheet Pepe_7934f1476fe2c6e458c230f491769c34_7400042.png; corresponding sequence readable; narrower/smoother silhouette makes distal hand less distinct than elbow/shoulder in oblique views. Raised fist and crouch remain visible; hand endpoint less legible at sheet scale, elbow path is clear.
7934f1476fe2c6e458c230f491769c34	7400044	KB_m_Uppercut_R	1.200	usable; no duplicate candidate	Mankey CPU-skinned sheet Mankey_7934f1476fe2c6e458c230f491769c34_7400044.png; 12/16 chronological frames reviewed. Right uppercut rises through the centerline; raised fist peaks above chest before recovery.	Left extension candidate 0.233s, Mankey frame 03 (0.218s; relative-ext 0.72); Right extension candidate 0.400s, Mankey frame 05 (0.436s; relative-ext 0.53); Left extension candidate 0.933s, Mankey frame 10 (0.982s; relative-ext 0.60)	Root delta xyz=0.000,0.000,0.593 m (|d|=0.5928m); in-place clip root; visible stepping/weight shifts are pose motion, not measured travel.	Unpaired source only: timing marks extension extrema, not victim contact; sheet sampling is sparse, distal hand can be occluded, and retargeted reach/contact needs Unity pairing.	Mankey CPU-skinned sheet Mankey_7934f1476fe2c6e458c230f491769c34_7400044.png; 12/16 chronological frames reviewed. Right uppercut rises through the centerline; raised fist peaks above chest before recovery.	Pepe CPU-skinned sheet Pepe_7934f1476fe2c6e458c230f491769c34_7400044.png; corresponding sequence readable; narrower/smoother silhouette makes distal hand less distinct than elbow/shoulder in oblique views. Raised fist and crouch remain visible; hand endpoint less legible at sheet scale, elbow path is clear.
7934f1476fe2c6e458c230f491769c34	7400046	KB_m_Backswing_R	1.333	usable; no duplicate candidate	Mankey CPU-skinned sheet Mankey_7934f1476fe2c6e458c230f491769c34_7400046.png; 12/16 chronological frames reviewed. Right backswing: broad rearward arm chamber and body turn precede a cross-body return; stance shifts.	Left extension candidate 0.117s, Mankey frame 02 (0.121s; relative-ext 0.65); Left extension candidate 0.617s, Mankey frame 06 (0.606s; relative-ext 0.68); Left extension candidate 0.950s, Mankey frame 09 (0.970s; relative-ext 0.41)	Root delta xyz=-0.000,-0.000,-0.770 m (|d|=0.7698m); in-place clip root; visible stepping/weight shifts are pose motion, not measured travel.	Unpaired source only: timing marks extension extrema, not victim contact; sheet sampling is sparse, distal hand can be occluded, and retargeted reach/contact needs Unity pairing.	Mankey CPU-skinned sheet Mankey_7934f1476fe2c6e458c230f491769c34_7400046.png; 12/16 chronological frames reviewed. Right backswing: broad rearward arm chamber and body turn precede a cross-body return; stance shifts.	Pepe CPU-skinned sheet Pepe_7934f1476fe2c6e458c230f491769c34_7400046.png; corresponding sequence readable; narrower/smoother silhouette makes distal hand less distinct than elbow/shoulder in oblique views. Turning/rear-facing poses persist; allow extra orientation and spacing calibration; no obvious limb malformation.
7934f1476fe2c6e458c230f491769c34	7400048	KB_m_Backswing_L	1.850	usable; no duplicate candidate	Mankey CPU-skinned sheet Mankey_7934f1476fe2c6e458c230f491769c34_7400048.png; 12/16 chronological frames reviewed. Left backswing: longer turning arc with the arm drawn behind, then a low cross-body sweep and recovery.	Left extension candidate 0.167s, Mankey frame 02 (0.123s; relative-ext 0.83); Right extension candidate 0.433s, Mankey frame 05 (0.493s; relative-ext 0.39); Left extension candidate 1.600s, Mankey frame 14 (1.603s; relative-ext 0.38)	Root delta xyz=-0.000,-0.000,-0.755 m (|d|=0.7548m); in-place clip root; visible stepping/weight shifts are pose motion, not measured travel.	Unpaired source only: timing marks extension extrema, not victim contact; sheet sampling is sparse, distal hand can be occluded, and retargeted reach/contact needs Unity pairing.	Mankey CPU-skinned sheet Mankey_7934f1476fe2c6e458c230f491769c34_7400048.png; 12/16 chronological frames reviewed. Left backswing: longer turning arc with the arm drawn behind, then a low cross-body sweep and recovery.	Pepe CPU-skinned sheet Pepe_7934f1476fe2c6e458c230f491769c34_7400048.png; corresponding sequence readable; narrower/smoother silhouette makes distal hand less distinct than elbow/shoulder in oblique views. Turning/rear-facing poses persist; allow extra orientation and spacing calibration; no obvious limb malformation.
7934f1476fe2c6e458c230f491769c34	7400050	KB_m_Backelbow_R	1.167	usable; no duplicate candidate	Mankey CPU-skinned sheet Mankey_7934f1476fe2c6e458c230f491769c34_7400050.png; 12/16 chronological frames reviewed. Right back elbow: arm folds tightly, torso turns through a close-range elbow path, then unwinds.	Left extension candidate 0.100s, Mankey frame 02 (0.106s; relative-ext 0.56); Right extension candidate 0.650s, Mankey frame 07 (0.636s; relative-ext 0.31); Left extension candidate 0.983s, Mankey frame 10 (0.955s; relative-ext 0.49)	Root delta xyz=-0.000,-0.000,-1.203 m (|d|=1.2033m); in-place clip root; visible stepping/weight shifts are pose motion, not measured travel.	Unpaired source only: timing marks extension extrema, not victim contact; sheet sampling is sparse, distal hand can be occluded, and retargeted reach/contact needs Unity pairing.	Mankey CPU-skinned sheet Mankey_7934f1476fe2c6e458c230f491769c34_7400050.png; 12/16 chronological frames reviewed. Right back elbow: arm folds tightly, torso turns through a close-range elbow path, then unwinds.	Pepe CPU-skinned sheet Pepe_7934f1476fe2c6e458c230f491769c34_7400050.png; corresponding sequence readable; narrower/smoother silhouette makes distal hand less distinct than elbow/shoulder in oblique views. Pose sequence and recovery remain readable; no obvious malformed limb observed.
7934f1476fe2c6e458c230f491769c34	7400052	KB_m_Backelbow_L	1.533	usable; no duplicate candidate	Mankey CPU-skinned sheet Mankey_7934f1476fe2c6e458c230f491769c34_7400052.png; 12/16 chronological frames reviewed. Left back elbow: close, bent-arm rotational strike with pronounced torso turn and guarded recovery.	Left extension candidate 0.067s, Mankey frame 01 (0.000s; relative-ext 0.63); Left extension candidate 0.800s, Mankey frame 07 (0.836s; relative-ext 0.49); Left extension candidate 1.150s, Mankey frame 09 (1.115s; relative-ext 0.43)	Root delta xyz=0.000,-0.000,-0.982 m (|d|=0.9817m); in-place clip root; visible stepping/weight shifts are pose motion, not measured travel.	Unpaired source only: timing marks extension extrema, not victim contact; sheet sampling is sparse, distal hand can be occluded, and retargeted reach/contact needs Unity pairing.	Mankey CPU-skinned sheet Mankey_7934f1476fe2c6e458c230f491769c34_7400052.png; 12/16 chronological frames reviewed. Left back elbow: close, bent-arm rotational strike with pronounced torso turn and guarded recovery.	Pepe CPU-skinned sheet Pepe_7934f1476fe2c6e458c230f491769c34_7400052.png; corresponding sequence readable; narrower/smoother silhouette makes distal hand less distinct than elbow/shoulder in oblique views. Pose sequence and recovery remain readable; no obvious malformed limb observed.
7934f1476fe2c6e458c230f491769c34	7400054	KB_m_Backelbow_Uppercut_R	1.417	usable; no duplicate candidate	Mankey CPU-skinned sheet Mankey_7934f1476fe2c6e458c230f491769c34_7400054.png; 12/16 chronological frames reviewed. Back elbow into uppercut: rotational elbow phase followed by a distinct rising fist and recovery.	Left extension candidate 0.117s, Mankey frame 02 (0.129s; relative-ext 0.58); Right extension candidate 0.800s, Mankey frame 07 (0.773s; relative-ext 0.28); Left extension candidate 1.217s, Mankey frame 10 (1.159s; relative-ext 0.43)	Root delta xyz=-0.000,-0.000,-1.103 m (|d|=1.1033m); in-place clip root; visible stepping/weight shifts are pose motion, not measured travel.	Unpaired source only: timing marks extension extrema, not victim contact; sheet sampling is sparse, distal hand can be occluded, and retargeted reach/contact needs Unity pairing.	Mankey CPU-skinned sheet Mankey_7934f1476fe2c6e458c230f491769c34_7400054.png; 12/16 chronological frames reviewed. Back elbow into uppercut: rotational elbow phase followed by a distinct rising fist and recovery.	Pepe CPU-skinned sheet Pepe_7934f1476fe2c6e458c230f491769c34_7400054.png; corresponding sequence readable; narrower/smoother silhouette makes distal hand less distinct than elbow/shoulder in oblique views. Turning/rear-facing poses persist; allow extra orientation and spacing calibration; no obvious limb malformation.
7934f1476fe2c6e458c230f491769c34	7400056	KB_p_Elbow_R	0.950	usable; no duplicate candidate	Mankey CPU-skinned sheet Mankey_7934f1476fe2c6e458c230f491769c34_7400056.png; 12/16 chronological frames reviewed. Right elbow strike: compact bent-arm forward drive, shoulder and torso lead, then guard reset.	Left extension candidate 0.033s, Mankey frame 01 (0.000s; relative-ext 0.61); Right extension candidate 0.183s, Mankey frame 03 (0.173s; relative-ext 0.39); Left extension candidate 0.750s, Mankey frame 10 (0.777s; relative-ext 0.60)	Root delta xyz=0.000,0.000,0.000 m (|d|=0.0000m); in-place clip root; visible stepping/weight shifts are pose motion, not measured travel.	Unpaired source only: timing marks extension extrema, not victim contact; sheet sampling is sparse, distal hand can be occluded, and retargeted reach/contact needs Unity pairing.	Mankey CPU-skinned sheet Mankey_7934f1476fe2c6e458c230f491769c34_7400056.png; 12/16 chronological frames reviewed. Right elbow strike: compact bent-arm forward drive, shoulder and torso lead, then guard reset.	Pepe CPU-skinned sheet Pepe_7934f1476fe2c6e458c230f491769c34_7400056.png; corresponding sequence readable; narrower/smoother silhouette makes distal hand less distinct than elbow/shoulder in oblique views. Pose sequence and recovery remain readable; no obvious malformed limb observed.
7934f1476fe2c6e458c230f491769c34	7400058	KB_p_Elbow_L	0.917	usable; no duplicate candidate	Mankey CPU-skinned sheet Mankey_7934f1476fe2c6e458c230f491769c34_7400058.png; 12/16 chronological frames reviewed. Left elbow strike mirrors the compact forward drive; no long hand extension, elbow is the visible lead.	Left extension candidate 0.683s, Mankey frame 09 (0.667s; relative-ext 0.61)	Root delta xyz=0.000,0.000,0.000 m (|d|=0.0000m); in-place clip root; visible stepping/weight shifts are pose motion, not measured travel.	Unpaired source only: timing marks extension extrema, not victim contact; sheet sampling is sparse, distal hand can be occluded, and retargeted reach/contact needs Unity pairing.	Mankey CPU-skinned sheet Mankey_7934f1476fe2c6e458c230f491769c34_7400058.png; 12/16 chronological frames reviewed. Left elbow strike mirrors the compact forward drive; no long hand extension, elbow is the visible lead.	Pepe CPU-skinned sheet Pepe_7934f1476fe2c6e458c230f491769c34_7400058.png; corresponding sequence readable; narrower/smoother silhouette makes distal hand less distinct than elbow/shoulder in oblique views. Pose sequence and recovery remain readable; no obvious malformed limb observed.
7934f1476fe2c6e458c230f491769c34	7400060	KB_p_Elbow_Top_L	1.350	usable; no duplicate candidate	Mankey CPU-skinned sheet Mankey_7934f1476fe2c6e458c230f491769c34_7400060.png; 12/16 chronological frames reviewed. Left top elbow: arm lifts and folds overhead, then drops through a short downward arc.	Left extension candidate 0.367s, Mankey frame 04 (0.368s; relative-ext 0.40); Left extension candidate 0.950s, Mankey frame 09 (0.982s; relative-ext 0.57)	Root delta xyz=0.000,0.000,0.075 m (|d|=0.0747m); in-place clip root; visible stepping/weight shifts are pose motion, not measured travel.	Unpaired source only: timing marks extension extrema, not victim contact; sheet sampling is sparse, distal hand can be occluded, and retargeted reach/contact needs Unity pairing.	Mankey CPU-skinned sheet Mankey_7934f1476fe2c6e458c230f491769c34_7400060.png; 12/16 chronological frames reviewed. Left top elbow: arm lifts and folds overhead, then drops through a short downward arc.	Pepe CPU-skinned sheet Pepe_7934f1476fe2c6e458c230f491769c34_7400060.png; corresponding sequence readable; narrower/smoother silhouette makes distal hand less distinct than elbow/shoulder in oblique views. Pose sequence and recovery remain readable; no obvious malformed limb observed.
7934f1476fe2c6e458c230f491769c34	7400062	KB_p_Elbow_Top_R	1.350	usable; no duplicate candidate	Mankey CPU-skinned sheet Mankey_7934f1476fe2c6e458c230f491769c34_7400062.png; 12/16 chronological frames reviewed. Right top elbow mirrors overhead chamber and short downward strike; feet remain mostly under hips.	Left extension candidate 0.067s, Mankey frame 02 (0.123s; relative-ext 0.56); Left extension candidate 0.217s, Mankey frame 03 (0.245s; relative-ext 0.53); Left extension candidate 1.233s, Mankey frame 11 (1.227s; relative-ext 0.56)	Root delta xyz=0.000,0.000,0.000 m (|d|=0.0000m); in-place clip root; visible stepping/weight shifts are pose motion, not measured travel.	Unpaired source only: timing marks extension extrema, not victim contact; sheet sampling is sparse, distal hand can be occluded, and retargeted reach/contact needs Unity pairing.	Mankey CPU-skinned sheet Mankey_7934f1476fe2c6e458c230f491769c34_7400062.png; 12/16 chronological frames reviewed. Right top elbow mirrors overhead chamber and short downward strike; feet remain mostly under hips.	Pepe CPU-skinned sheet Pepe_7934f1476fe2c6e458c230f491769c34_7400062.png; corresponding sequence readable; narrower/smoother silhouette makes distal hand less distinct than elbow/shoulder in oblique views. Pose sequence and recovery remain readable; no obvious malformed limb observed.
7934f1476fe2c6e458c230f491769c34	7400064	KB_p_MidJab_L	0.917	usable; no duplicate candidate	Mankey CPU-skinned sheet Mankey_7934f1476fe2c6e458c230f491769c34_7400064.png; 12/16 chronological frames reviewed. Left mid jab: short direct reach from a slightly crouched stance, followed by a high guarded hold.	Left extension candidate 0.183s, Mankey frame 03 (0.167s; relative-ext 0.88); Left extension candidate 0.567s, Mankey frame 08 (0.583s; relative-ext 0.61)	Root delta xyz=0.000,0.000,0.000 m (|d|=0.0000m); in-place clip root; visible stepping/weight shifts are pose motion, not measured travel.	Unpaired source only: timing marks extension extrema, not victim contact; sheet sampling is sparse, distal hand can be occluded, and retargeted reach/contact needs Unity pairing.	Mankey CPU-skinned sheet Mankey_7934f1476fe2c6e458c230f491769c34_7400064.png; 12/16 chronological frames reviewed. Left mid jab: short direct reach from a slightly crouched stance, followed by a high guarded hold.	Pepe CPU-skinned sheet Pepe_7934f1476fe2c6e458c230f491769c34_7400064.png; corresponding sequence readable; narrower/smoother silhouette makes distal hand less distinct than elbow/shoulder in oblique views. Pose sequence and recovery remain readable; no obvious malformed limb observed.
7934f1476fe2c6e458c230f491769c34	7400066	KB_p_MidJab_R	0.883	usable; no duplicate candidate	Mankey CPU-skinned sheet Mankey_7934f1476fe2c6e458c230f491769c34_7400066.png; 12/16 chronological frames reviewed. Right mid jab: direct opposite-hand extension with small torso turn, then hand returns beside face.	Right extension candidate 0.167s, Mankey frame 03 (0.161s; relative-ext 0.25)	Root delta xyz=0.000,0.000,0.000 m (|d|=0.0000m); in-place clip root; visible stepping/weight shifts are pose motion, not measured travel.	Unpaired source only: timing marks extension extrema, not victim contact; sheet sampling is sparse, distal hand can be occluded, and retargeted reach/contact needs Unity pairing.	Mankey CPU-skinned sheet Mankey_7934f1476fe2c6e458c230f491769c34_7400066.png; 12/16 chronological frames reviewed. Right mid jab: direct opposite-hand extension with small torso turn, then hand returns beside face.	Pepe CPU-skinned sheet Pepe_7934f1476fe2c6e458c230f491769c34_7400066.png; corresponding sequence readable; narrower/smoother silhouette makes distal hand less distinct than elbow/shoulder in oblique views. Pose sequence and recovery remain readable; no obvious malformed limb observed.
7934f1476fe2c6e458c230f491769c34	7400068	KB_p_MidUppercut_R	1.117	usable; no duplicate candidate	Mankey CPU-skinned sheet Mankey_7934f1476fe2c6e458c230f491769c34_7400068.png; 12/16 chronological frames reviewed. Right mid uppercut: low chamber to rising fist, torso lifts and stance flexes through the arc.	Left extension candidate 0.183s, Mankey frame 03 (0.203s; relative-ext 0.69); Right extension candidate 0.350s, Mankey frame 04 (0.305s; relative-ext 0.22); Left extension candidate 0.933s, Mankey frame 10 (0.914s; relative-ext 0.59)	Root delta xyz=0.000,0.000,0.000 m (|d|=0.0000m); in-place clip root; visible stepping/weight shifts are pose motion, not measured travel.	Unpaired source only: timing marks extension extrema, not victim contact; sheet sampling is sparse, distal hand can be occluded, and retargeted reach/contact needs Unity pairing.	Mankey CPU-skinned sheet Mankey_7934f1476fe2c6e458c230f491769c34_7400068.png; 12/16 chronological frames reviewed. Right mid uppercut: low chamber to rising fist, torso lifts and stance flexes through the arc.	Pepe CPU-skinned sheet Pepe_7934f1476fe2c6e458c230f491769c34_7400068.png; corresponding sequence readable; narrower/smoother silhouette makes distal hand less distinct than elbow/shoulder in oblique views. Raised fist and crouch remain visible; hand endpoint less legible at sheet scale, elbow path is clear.
7934f1476fe2c6e458c230f491769c34	7400070	KB_p_MidUppercut_L	1.150	usable; no duplicate candidate	Mankey CPU-skinned sheet Mankey_7934f1476fe2c6e458c230f491769c34_7400070.png; 12/16 chronological frames reviewed. Left mid uppercut mirrors low-to-high path; visible knee bend and upward recovery.	Left extension candidate 0.300s, Mankey frame 04 (0.314s; relative-ext 0.68); Left extension candidate 0.633s, Mankey frame 07 (0.627s; relative-ext 0.60)	Root delta xyz=0.000,0.000,0.000 m (|d|=0.0000m); in-place clip root; visible stepping/weight shifts are pose motion, not measured travel.	Unpaired source only: timing marks extension extrema, not victim contact; sheet sampling is sparse, distal hand can be occluded, and retargeted reach/contact needs Unity pairing.	Mankey CPU-skinned sheet Mankey_7934f1476fe2c6e458c230f491769c34_7400070.png; 12/16 chronological frames reviewed. Left mid uppercut mirrors low-to-high path; visible knee bend and upward recovery.	Pepe CPU-skinned sheet Pepe_7934f1476fe2c6e458c230f491769c34_7400070.png; corresponding sequence readable; narrower/smoother silhouette makes distal hand less distinct than elbow/shoulder in oblique views. Raised fist and crouch remain visible; hand endpoint less legible at sheet scale, elbow path is clear.
7934f1476fe2c6e458c230f491769c34	7400072	KB_p_MidHook_R	1.400	usable; no duplicate candidate	Mankey CPU-skinned sheet Mankey_7934f1476fe2c6e458c230f491769c34_7400072.png; 12/16 chronological frames reviewed. Right mid hook: bent arm travels laterally across the body with a clear shoulder turn.	Left extension candidate 0.133s, Mankey frame 02 (0.127s; relative-ext 0.57); Left extension candidate 0.533s, Mankey frame 05 (0.509s; relative-ext 0.27); Left extension candidate 1.200s, Mankey frame 10 (1.145s; relative-ext 0.56)	Root delta xyz=0.000,0.000,0.000 m (|d|=0.0000m); in-place clip root; visible stepping/weight shifts are pose motion, not measured travel.	Unpaired source only: timing marks extension extrema, not victim contact; sheet sampling is sparse, distal hand can be occluded, and retargeted reach/contact needs Unity pairing.	Mankey CPU-skinned sheet Mankey_7934f1476fe2c6e458c230f491769c34_7400072.png; 12/16 chronological frames reviewed. Right mid hook: bent arm travels laterally across the body with a clear shoulder turn.	Pepe CPU-skinned sheet Pepe_7934f1476fe2c6e458c230f491769c34_7400072.png; corresponding sequence readable; narrower/smoother silhouette makes distal hand less distinct than elbow/shoulder in oblique views. Pose sequence and recovery remain readable; no obvious malformed limb observed.
7934f1476fe2c6e458c230f491769c34	7400074	KB_p_MidHook_L	1.200	usable; no duplicate candidate	Mankey CPU-skinned sheet Mankey_7934f1476fe2c6e458c230f491769c34_7400074.png; 12/16 chronological frames reviewed. Left mid hook sweeps across from the opposite side; recovery keeps both hands near face.	Left extension candidate 0.317s, Mankey frame 04 (0.327s; relative-ext 0.68); Left extension candidate 0.867s, Mankey frame 09 (0.873s; relative-ext 0.56)	Root delta xyz=0.000,0.000,0.059 m (|d|=0.0590m); in-place clip root; visible stepping/weight shifts are pose motion, not measured travel.	Unpaired source only: timing marks extension extrema, not victim contact; sheet sampling is sparse, distal hand can be occluded, and retargeted reach/contact needs Unity pairing.	Mankey CPU-skinned sheet Mankey_7934f1476fe2c6e458c230f491769c34_7400074.png; 12/16 chronological frames reviewed. Left mid hook sweeps across from the opposite side; recovery keeps both hands near face.	Pepe CPU-skinned sheet Pepe_7934f1476fe2c6e458c230f491769c34_7400074.png; corresponding sequence readable; narrower/smoother silhouette makes distal hand less distinct than elbow/shoulder in oblique views. Pose sequence and recovery remain readable; no obvious malformed limb observed.
7934f1476fe2c6e458c230f491769c34	7400076	KB_p_Jab_LR_combo	0.700	usable; no duplicate candidate	Mankey CPU-skinned sheet Mankey_7934f1476fe2c6e458c230f491769c34_7400076.png; 12/16 chronological frames reviewed. Two straight jabs, left then right; distinct forward reaches separated by a brief guard transition.	Right extension candidate 0.100s, Mankey frame 03 (0.127s; relative-ext 0.82); Left extension candidate 0.617s, Mankey frame 11 (0.636s; relative-ext 0.55)	Root delta xyz=0.000,0.000,0.000 m (|d|=0.0000m); in-place clip root; visible stepping/weight shifts are pose motion, not measured travel.	Unpaired source only: timing marks extension extrema, not victim contact; sheet sampling is sparse, distal hand can be occluded, and retargeted reach/contact needs Unity pairing.	Mankey CPU-skinned sheet Mankey_7934f1476fe2c6e458c230f491769c34_7400076.png; 12/16 chronological frames reviewed. Two straight jabs, left then right; distinct forward reaches separated by a brief guard transition.	Pepe CPU-skinned sheet Pepe_7934f1476fe2c6e458c230f491769c34_7400076.png; corresponding sequence readable; narrower/smoother silhouette makes distal hand less distinct than elbow/shoulder in oblique views. Pose sequence and recovery remain readable; no obvious malformed limb observed.
7934f1476fe2c6e458c230f491769c34	7400078	KB_p_Jab_LRL_combo	0.800	usable; no duplicate candidate	Mankey CPU-skinned sheet Mankey_7934f1476fe2c6e458c230f491769c34_7400078.png; 12/16 chronological frames reviewed. Three-jab sequence, left-right-left; three extensions with compact resets and an extended final guard.	Left extension candidate 0.183s, Mankey frame 04 (0.218s; relative-ext 0.89); Left extension candidate 0.600s, Mankey frame 09 (0.582s; relative-ext 0.60)	Root delta xyz=0.000,0.000,0.000 m (|d|=0.0000m); in-place clip root; visible stepping/weight shifts are pose motion, not measured travel.	Unpaired source only: timing marks extension extrema, not victim contact; sheet sampling is sparse, distal hand can be occluded, and retargeted reach/contact needs Unity pairing.	Mankey CPU-skinned sheet Mankey_7934f1476fe2c6e458c230f491769c34_7400078.png; 12/16 chronological frames reviewed. Three-jab sequence, left-right-left; three extensions with compact resets and an extended final guard.	Pepe CPU-skinned sheet Pepe_7934f1476fe2c6e458c230f491769c34_7400078.png; corresponding sequence readable; narrower/smoother silhouette makes distal hand less distinct than elbow/shoulder in oblique views. Pose sequence and recovery remain readable; no obvious malformed limb observed.
7934f1476fe2c6e458c230f491769c34	7400080	KB_p_Jab_LL_combo	0.983	usable; no duplicate candidate	Mankey CPU-skinned sheet Mankey_7934f1476fe2c6e458c230f491769c34_7400080.png; 12/16 chronological frames reviewed. Repeated left jabs: two same-side forward pulses, return to guard between reaches.	Left extension candidate 0.250s, Mankey frame 04 (0.268s; relative-ext 0.91); Left extension candidate 0.750s, Mankey frame 09 (0.715s; relative-ext 0.52)	Root delta xyz=0.000,0.000,0.000 m (|d|=0.0000m); in-place clip root; visible stepping/weight shifts are pose motion, not measured travel.	Unpaired source only: timing marks extension extrema, not victim contact; sheet sampling is sparse, distal hand can be occluded, and retargeted reach/contact needs Unity pairing.	Mankey CPU-skinned sheet Mankey_7934f1476fe2c6e458c230f491769c34_7400080.png; 12/16 chronological frames reviewed. Repeated left jabs: two same-side forward pulses, return to guard between reaches.	Pepe CPU-skinned sheet Pepe_7934f1476fe2c6e458c230f491769c34_7400080.png; corresponding sequence readable; narrower/smoother silhouette makes distal hand less distinct than elbow/shoulder in oblique views. Pose sequence and recovery remain readable; no obvious malformed limb observed.
7934f1476fe2c6e458c230f491769c34	7400082	KB_m_Hook_LR_combo	1.033	usable; no duplicate candidate	Mankey CPU-skinned sheet Mankey_7934f1476fe2c6e458c230f491769c34_7400082.png; 12/16 chronological frames reviewed. Hook combination, left then right; torso alternates rotation and the arms sweep across chest height.	Right extension candidate 0.133s, Mankey frame 02 (0.094s; relative-ext 0.52); Left extension candidate 0.300s, Mankey frame 04 (0.282s; relative-ext 0.25); Right extension candidate 0.633s, Mankey frame 08 (0.658s; relative-ext 0.49)	Root delta xyz=0.000,0.000,0.000 m (|d|=0.0000m); in-place clip root; visible stepping/weight shifts are pose motion, not measured travel.	Unpaired source only: timing marks extension extrema, not victim contact; sheet sampling is sparse, distal hand can be occluded, and retargeted reach/contact needs Unity pairing.	Mankey CPU-skinned sheet Mankey_7934f1476fe2c6e458c230f491769c34_7400082.png; 12/16 chronological frames reviewed. Hook combination, left then right; torso alternates rotation and the arms sweep across chest height.	Pepe CPU-skinned sheet Pepe_7934f1476fe2c6e458c230f491769c34_7400082.png; corresponding sequence readable; narrower/smoother silhouette makes distal hand less distinct than elbow/shoulder in oblique views. Pose sequence and recovery remain readable; no obvious malformed limb observed.
7934f1476fe2c6e458c230f491769c34	7400084	KB_m_Jab_LR_combo	0.767	usable; no duplicate candidate	Mankey CPU-skinned sheet Mankey_7934f1476fe2c6e458c230f491769c34_7400084.png; 12/16 chronological frames reviewed. Jab combination, left then right; straight reaches and a brief in-between retraction.	Right extension candidate 0.217s, Mankey frame 04 (0.209s; relative-ext 0.81); Left extension candidate 0.733s, Mankey frame 12 (0.767s; relative-ext 0.54)	Root delta xyz=0.000,0.000,0.568 m (|d|=0.5682m); in-place clip root; visible stepping/weight shifts are pose motion, not measured travel.	Unpaired source only: timing marks extension extrema, not victim contact; sheet sampling is sparse, distal hand can be occluded, and retargeted reach/contact needs Unity pairing.	Mankey CPU-skinned sheet Mankey_7934f1476fe2c6e458c230f491769c34_7400084.png; 12/16 chronological frames reviewed. Jab combination, left then right; straight reaches and a brief in-between retraction.	Pepe CPU-skinned sheet Pepe_7934f1476fe2c6e458c230f491769c34_7400084.png; corresponding sequence readable; narrower/smoother silhouette makes distal hand less distinct than elbow/shoulder in oblique views. Pose sequence and recovery remain readable; no obvious malformed limb observed.
7934f1476fe2c6e458c230f491769c34	7400086	KB_m_ElbowRound_R	1.817	usable; no duplicate candidate	Mankey CPU-skinned sheet Mankey_7934f1476fe2c6e458c230f491769c34_7400086.png; 12/16 chronological frames reviewed. Right round elbow: wide torso-led turn and bent-arm sweep, followed by a long recovery to guard.	Left extension candidate 0.083s, Mankey frame 02 (0.165s; relative-ext 0.57); Left extension candidate 1.250s, Mankey frame 09 (1.321s; relative-ext 0.57); Left extension candidate 1.633s, Mankey frame 11 (1.652s; relative-ext 0.55)	Root delta xyz=0.000,0.000,1.455 m (|d|=1.4551m); in-place clip root; visible stepping/weight shifts are pose motion, not measured travel.	Unpaired source only: timing marks extension extrema, not victim contact; sheet sampling is sparse, distal hand can be occluded, and retargeted reach/contact needs Unity pairing.	Mankey CPU-skinned sheet Mankey_7934f1476fe2c6e458c230f491769c34_7400086.png; 12/16 chronological frames reviewed. Right round elbow: wide torso-led turn and bent-arm sweep, followed by a long recovery to guard.	Pepe CPU-skinned sheet Pepe_7934f1476fe2c6e458c230f491769c34_7400086.png; corresponding sequence readable; narrower/smoother silhouette makes distal hand less distinct than elbow/shoulder in oblique views. Turning/rear-facing poses persist; allow extra orientation and spacing calibration; no obvious limb malformation.
7934f1476fe2c6e458c230f491769c34	7400088	KB_m_ElbowRound_L	1.767	usable; no duplicate candidate	Mankey CPU-skinned sheet Mankey_7934f1476fe2c6e458c230f491769c34_7400088.png; 12/16 chronological frames reviewed. Left round elbow: broad rotational elbow path; character turns away from view before facing guard again.	Right extension candidate 0.350s, Mankey frame 03 (0.321s; relative-ext 0.21); Left extension candidate 0.933s, Mankey frame 07 (0.964s; relative-ext 0.53); Right extension candidate 1.367s, Mankey frame 10 (1.445s; relative-ext 0.45)	Root delta xyz=0.000,0.000,1.453 m (|d|=1.4534m); in-place clip root; visible stepping/weight shifts are pose motion, not measured travel.	Unpaired source only: timing marks extension extrema, not victim contact; sheet sampling is sparse, distal hand can be occluded, and retargeted reach/contact needs Unity pairing.	Mankey CPU-skinned sheet Mankey_7934f1476fe2c6e458c230f491769c34_7400088.png; 12/16 chronological frames reviewed. Left round elbow: broad rotational elbow path; character turns away from view before facing guard again.	Pepe CPU-skinned sheet Pepe_7934f1476fe2c6e458c230f491769c34_7400088.png; corresponding sequence readable; narrower/smoother silhouette makes distal hand less distinct than elbow/shoulder in oblique views. Turning/rear-facing poses persist; allow extra orientation and spacing calibration; no obvious limb malformation.
7934f1476fe2c6e458c230f491769c34	7400090	KB_m_BackfistRound_R	1.450	usable; no duplicate candidate	Mankey CPU-skinned sheet Mankey_7934f1476fe2c6e458c230f491769c34_7400090.png; 12/16 chronological frames reviewed. Right round backfist: arm chambers behind, then sweeps across in a long rotating arc; recovery is slow.	Left extension candidate 0.400s, Mankey frame 04 (0.395s; relative-ext 0.57); Left extension candidate 0.950s, Mankey frame 08 (0.923s; relative-ext 0.61); Left extension candidate 1.183s, Mankey frame 10 (1.186s; relative-ext 0.58)	Root delta xyz=0.000,0.000,1.359 m (|d|=1.3587m); in-place clip root; visible stepping/weight shifts are pose motion, not measured travel.	Unpaired source only: timing marks extension extrema, not victim contact; sheet sampling is sparse, distal hand can be occluded, and retargeted reach/contact needs Unity pairing.	Mankey CPU-skinned sheet Mankey_7934f1476fe2c6e458c230f491769c34_7400090.png; 12/16 chronological frames reviewed. Right round backfist: arm chambers behind, then sweeps across in a long rotating arc; recovery is slow.	Pepe CPU-skinned sheet Pepe_7934f1476fe2c6e458c230f491769c34_7400090.png; corresponding sequence readable; narrower/smoother silhouette makes distal hand less distinct than elbow/shoulder in oblique views. Turning/rear-facing poses persist; allow extra orientation and spacing calibration; no obvious limb malformation.
7934f1476fe2c6e458c230f491769c34	7400092	KB_m_BackfistRound_L	2.183	usable; no duplicate candidate	Mankey CPU-skinned sheet Mankey_7934f1476fe2c6e458c230f491769c34_7400092.png; 12/16 chronological frames reviewed. Left round backfist: large turning sweep with extended arm, body passes through rear-facing poses.	Left extension candidate 0.117s, Mankey frame 02 (0.146s; relative-ext 0.56); Left extension candidate 1.500s, Mankey frame 11 (1.456s; relative-ext 0.54); Left extension candidate 1.917s, Mankey frame 14 (1.892s; relative-ext 0.59)	Root delta xyz=0.291,0.000,1.352 m (|d|=1.3831m); in-place clip root; visible stepping/weight shifts are pose motion, not measured travel.	Unpaired source only: timing marks extension extrema, not victim contact; sheet sampling is sparse, distal hand can be occluded, and retargeted reach/contact needs Unity pairing.	Mankey CPU-skinned sheet Mankey_7934f1476fe2c6e458c230f491769c34_7400092.png; 12/16 chronological frames reviewed. Left round backfist: large turning sweep with extended arm, body passes through rear-facing poses.	Pepe CPU-skinned sheet Pepe_7934f1476fe2c6e458c230f491769c34_7400092.png; corresponding sequence readable; narrower/smoother silhouette makes distal hand less distinct than elbow/shoulder in oblique views. Turning/rear-facing poses persist; allow extra orientation and spacing calibration; no obvious limb malformation.
7934f1476fe2c6e458c230f491769c34	7400094	KB_m_BackfistRoundFar_R	2.233	usable; no duplicate candidate	Mankey CPU-skinned sheet Mankey_7934f1476fe2c6e458c230f491769c34_7400094.png; 12/16 chronological frames reviewed. Far right backfist: long step and broad cross-body sweep, deep lean and delayed upright recovery.	Left extension candidate 0.050s, Mankey frame 01 (0.000s; relative-ext 0.55); Right extension candidate 1.233s, Mankey frame 09 (1.191s; relative-ext 0.58); Left extension candidate 1.950s, Mankey frame 14 (1.936s; relative-ext 0.56)	Root delta xyz=0.000,0.000,2.228 m (|d|=2.2279m); in-place clip root; visible stepping/weight shifts are pose motion, not measured travel.	Unpaired source only: timing marks extension extrema, not victim contact; sheet sampling is sparse, distal hand can be occluded, and retargeted reach/contact needs Unity pairing.	Mankey CPU-skinned sheet Mankey_7934f1476fe2c6e458c230f491769c34_7400094.png; 12/16 chronological frames reviewed. Far right backfist: long step and broad cross-body sweep, deep lean and delayed upright recovery.	Pepe CPU-skinned sheet Pepe_7934f1476fe2c6e458c230f491769c34_7400094.png; corresponding sequence readable; narrower/smoother silhouette makes distal hand less distinct than elbow/shoulder in oblique views. Turning/rear-facing poses persist; allow extra orientation and spacing calibration; no obvious limb malformation.
7934f1476fe2c6e458c230f491769c34	7400096	KB_m_ElbowRound_L2	1.767	usable; no duplicate candidate	Mankey CPU-skinned sheet Mankey_7934f1476fe2c6e458c230f491769c34_7400096.png; 12/16 chronological frames reviewed. Second left round elbow: repeated broad elbow arc with substantial turning and a long guarded tail.	Left extension candidate 0.567s, Mankey frame 05 (0.642s; relative-ext 0.21); Left extension candidate 1.283s, Mankey frame 09 (1.285s; relative-ext 0.60)	Root delta xyz=0.000,0.000,0.724 m (|d|=0.7244m); in-place clip root; visible stepping/weight shifts are pose motion, not measured travel.	Unpaired source only: timing marks extension extrema, not victim contact; sheet sampling is sparse, distal hand can be occluded, and retargeted reach/contact needs Unity pairing.	Mankey CPU-skinned sheet Mankey_7934f1476fe2c6e458c230f491769c34_7400096.png; 12/16 chronological frames reviewed. Second left round elbow: repeated broad elbow arc with substantial turning and a long guarded tail.	Pepe CPU-skinned sheet Pepe_7934f1476fe2c6e458c230f491769c34_7400096.png; corresponding sequence readable; narrower/smoother silhouette makes distal hand less distinct than elbow/shoulder in oblique views. Turning/rear-facing poses persist; allow extra orientation and spacing calibration; no obvious limb malformation.
7934f1476fe2c6e458c230f491769c34	7400098	KB_m_BackfistRound_L2	2.450	usable; no duplicate candidate	Mankey CPU-skinned sheet Mankey_7934f1476fe2c6e458c230f491769c34_7400098.png; 12/16 chronological frames reviewed. Second left round backfist: long rotational arm sweep and torso turn, then balance recovery.	Left extension candidate 0.533s, Mankey frame 04 (0.490s; relative-ext 0.49); Left extension candidate 1.400s, Mankey frame 10 (1.470s; relative-ext 0.68); Left extension candidate 1.867s, Mankey frame 12 (1.797s; relative-ext 0.62)	Root delta xyz=0.000,0.000,1.009 m (|d|=1.0087m); in-place clip root; visible stepping/weight shifts are pose motion, not measured travel.	Unpaired source only: timing marks extension extrema, not victim contact; sheet sampling is sparse, distal hand can be occluded, and retargeted reach/contact needs Unity pairing.	Mankey CPU-skinned sheet Mankey_7934f1476fe2c6e458c230f491769c34_7400098.png; 12/16 chronological frames reviewed. Second left round backfist: long rotational arm sweep and torso turn, then balance recovery.	Pepe CPU-skinned sheet Pepe_7934f1476fe2c6e458c230f491769c34_7400098.png; corresponding sequence readable; narrower/smoother silhouette makes distal hand less distinct than elbow/shoulder in oblique views. Turning/rear-facing poses persist; allow extra orientation and spacing calibration; no obvious limb malformation.
7934f1476fe2c6e458c230f491769c34	7400100	KB_m_Jab_RLhook_combo	1.417	usable; no duplicate candidate	Mankey CPU-skinned sheet Mankey_7934f1476fe2c6e458c230f491769c34_7400100.png; 12/16 chronological frames reviewed. Jab into opposite hook: straight first reach, distinct torso reset, then bent-arm lateral hook.	Right extension candidate 0.117s, Mankey frame 02 (0.129s; relative-ext 0.51); Left extension candidate 0.300s, Mankey frame 03 (0.258s; relative-ext 0.64); Left extension candidate 1.317s, Mankey frame 11 (1.288s; relative-ext 0.53)	Root delta xyz=-0.578,-0.000,0.443 m (|d|=0.7282m); in-place clip root; visible stepping/weight shifts are pose motion, not measured travel.	Unpaired source only: timing marks extension extrema, not victim contact; sheet sampling is sparse, distal hand can be occluded, and retargeted reach/contact needs Unity pairing.	Mankey CPU-skinned sheet Mankey_7934f1476fe2c6e458c230f491769c34_7400100.png; 12/16 chronological frames reviewed. Jab into opposite hook: straight first reach, distinct torso reset, then bent-arm lateral hook.	Pepe CPU-skinned sheet Pepe_7934f1476fe2c6e458c230f491769c34_7400100.png; corresponding sequence readable; narrower/smoother silhouette makes distal hand less distinct than elbow/shoulder in oblique views. Pose sequence and recovery remain readable; no obvious malformed limb observed.
