fighter,move,cue,seconds,source,mirrored,oldBone,newBone,offsetX,offsetY,offsetZ,beforeSource,beforeReceiver,afterSource,afterReceiver,worldX,worldY,worldZ,accepted,reason
"Mankey","Heavy_5",0,1.47833,"Shield",False,Hips,Hips,-0.325455248,0.06449735,1.43707359,0.004445169,3.7252903E-09,4.703354E-07,1.19223841E-07,1.858675,0.8413302,-0.0170890372,False,"Already close; preserved"
"Mankey","Heavy_5",0,1.47833,"Shield",True,Hips,Hips,-0.325455248,0.06449735,1.43707359,0.004445613,3.7252903E-09,7.941621E-07,1.19223841E-07,-1.858675,0.8413302,0.01708859,False,"Already close; preserved"
"Mankey","Heavy_5",1,2.26667,"Weapon",False,Spine,Spine,0.469229668,-0.271276772,1.54906452,1.94721179E-06,5.10623E-07,9.541399E-08,2.573418E-07,2.67947531,0.8384158,0.0787069947,False,"Already close; preserved"
"Mankey","Heavy_5",1,2.26667,"Weapon",True,Spine,Spine,0.469229668,-0.271276772,1.54906452,1.93314941E-06,5.10623E-07,1.20137E-07,2.63312415E-07,-2.67947531,0.8384158,-0.0787072,False,"Already close; preserved"
"Mankey","Heavy_5",2,3.125,"Weapon",False,UpperChest,UpperChest,-0.954648137,-0.0201622844,1.38973391,0.000299236766,7.306129E-07,1.30118792E-07,4.84230441E-07,3.07886267,0.6752426,-0.09045468,False,"Already close; preserved"
"Mankey","Heavy_5",2,3.125,"Weapon",True,UpperChest,UpperChest,-0.954648137,-0.0201622844,1.38973391,0.0002993788,7.31562E-07,1.86264515E-07,4.84230441E-07,-3.07886267,0.6752426,0.0904544741,False,"Already close; preserved"
"Mankey","Heavy_5",3,3.55333,"Weapon",False,UpperChest,Chest,0.06351373,0.0177083164,-0.9726095,1.33488766E-05,1.19493882E-06,7.233206E-08,4.8072485E-07,3.39923882,0.619821668,0.0220204759,False,"Already close; preserved"
"Mankey","Heavy_5",3,3.55333,"Weapon",True,UpperChest,Chest,0.06351373,0.0177083164,-0.9726095,1.32844234E-05,1.19506876E-06,1.15318649E-07,4.80677954E-07,-3.39923882,0.619821668,-0.0220204424,False,"Already close; preserved"
"Mankey","Heavy_5",4,4.21667,"Weapon",False,Head,Head,-0.0466565639,0.8014664,1.42217588,2.71226836E-05,2.11818048E-07,3.6241255E-07,3.8312578E-07,2.94024229,0.9591858,0.0190429855,False,"Already close; preserved"
"Mankey","Heavy_5",4,4.21667,"Weapon",True,Head,Head,-0.0466565639,0.8014664,1.42217588,2.7191254E-05,3.964941E-07,2.58424819E-07,4.3126974E-07,-2.94024229,0.9591858,-0.01904319,False,"Already close; preserved"
"Mankey","Heavy_6",0,1.43667,"Weapon",False,LeftFoot,LeftFoot,0.4256773,-0.2211926,1.082969,3.09880525E-05,2.98023224E-08,2.98023224E-07,1.49011612E-08,1.62285852,0.239427671,-0.2918205,False,"Already close; preserved"
"Mankey","Heavy_6",0,1.43667,"Weapon",True,LeftFoot,LeftFoot,0.4256773,-0.2211926,1.082969,3.05839349E-05,2.98023224E-08,9.9960026E-08,2.98023224E-08,-1.62285852,0.239427567,0.29181993,False,"Already close; preserved"
"Mankey","Heavy_6",1,2.23667,"Weapon",False,Head,Head,1.07338953,1.48554659,1.1283263,5.912933E-05,1.2287812E-07,1.63912773E-07,0,1.87143445,1.16891634,0.08708993,False,"Already close; preserved"
"Mankey","Heavy_6",1,2.23667,"Weapon",True,Head,Head,1.07338953,1.48554659,1.1283263,5.93377044E-05,1.2287812E-07,1.11758709E-07,0,-1.87143445,1.16891634,-0.0870903954,False,"Already close; preserved"
"Mankey","Heavy_6",2,2.85333,"Weapon",False,Spine,Chest,-0.113021255,-0.430782229,-0.883676767,7.270164E-07,2.46327346E-07,1.3038516E-08,6.143906E-08,2.14432287,0.720130265,-0.0176389385,False,"Already close; preserved"
"Mankey","Heavy_6",2,2.85333,"Weapon",True,Spine,Chest,-0.113021255,-0.430782229,-0.883676767,5.848706E-07,5.58793545E-09,1.63912773E-07,2.46207577E-07,-2.14432287,0.720130265,0.0176385473,False,"Already close; preserved"
"Mankey","Heavy_6",3,4.28333,"Weapon",False,Head,Head,0.123758793,1.40403759,1.84150875,4.39565774E-05,5.066395E-07,1.365714E-07,1.074538E-07,0.39119637,1.31595612,-0.4652022,False,"Already close; preserved"
"Mankey","Heavy_6",3,4.28333,"Weapon",True,Head,Head,0.123758793,1.40403759,1.84150875,4.381077E-05,3.81655951E-07,1.46000971E-07,1.2644054E-07,-0.39119637,1.31595612,0.4652015,False,"Already close; preserved"
"Mankey","Heavy_7",0,1.20333,"Weapon",False,Spine,Spine,0.4007874,-0.207133085,-1.14744031,0.000285978051,1.864972E-07,1.19732007E-07,7.078664E-08,3.08657312,0.70445174,0.009488696,False,"Already close; preserved"
"Mankey","Heavy_7",0,1.20333,"Weapon",True,Spine,Spine,0.4007874,-0.207133085,-1.14744031,0.000286097435,1.85781929E-07,1.79513478E-07,7.12933357E-08,-3.08657312,0.70445174,-0.009489303,False,"Already close; preserved"
"Mankey","Heavy_7",1,2.74667,"Weapon",False,RightLowerArm,RightLowerArm,-0.004759677,0.0460154861,0.415062219,3.30011826E-05,2.98023224E-08,5.503352E-07,1.074538E-07,1.93357158,0.9690024,0.3000355,False,"Already close; preserved"
"Mankey","Heavy_7",1,2.74667,"Weapon",True,RightLowerArm,RightLowerArm,-0.004759677,0.0460154861,0.415062219,3.31166E-05,8.42936956E-08,4.92415154E-07,8.42936956E-08,-1.9335717,0.969002545,-0.30003652,False,"Already close; preserved"
"Mankey","Heavy_7",2,3.31667,"Weapon",False,Head,Head,-0.430443347,2.65246153,1.67343843,3.04105361E-05,1.33280039E-07,1.2287812E-07,1.1920929E-07,1.84440732,1.39568651,0.290939838,False,"Already close; preserved"
"Mankey","Heavy_7",2,3.31667,"Weapon",True,Head,Head,-0.430443347,2.65246153,1.67343843,2.99977946E-05,0,0,1.49011612E-07,-1.84440732,1.39568651,-0.290940732,False,"Already close; preserved"
"Mankey","Heavy_7",3,3.71333,"Weapon",False,RightUpperArm,Head,0.640856445,2.01321435,1.59806108,1.36319159E-06,2.4575624E-07,5.35665151E-07,6.365779E-08,2.60579872,0.616956234,0.07085598,False,"Already close; preserved"
"Mankey","Heavy_7",3,3.71333,"Weapon",True,RightUpperArm,Head,0.640856445,2.01321435,1.59806108,9.798575E-07,5.529516E-07,5.96232667E-07,2.76776774E-07,-2.60579872,0.6169562,-0.07085679,False,"Already close; preserved"
"Mankey","Heavy_7",4,4.7,"Weapon",False,Hips,Hips,-0.378418535,0.48569575,1.48333359,0.000583158457,4.768679E-07,4.004687E-08,2.4586916E-07,3.621257,0.77382344,-0.005702829,False,"Already close; preserved"
"Mankey","Heavy_7",4,4.7,"Weapon",True,Hips,Hips,-0.378418535,0.48569575,1.48333359,0.000583637157,4.80582571E-07,8.04671458E-07,2.45899145E-07,-3.621257,0.77382344,0.00570240058,False,"Already close; preserved"
"Mankey","Heavy_7",5,5.48333,"Weapon",False,Hips,Hips,0.179979444,-0.3159361,-1.29268336,1.62263259E-05,5.987921E-07,2.37046748E-07,6.93194337E-08,4.09982967,0.3672246,0.0231465343,False,"Already close; preserved"
"Mankey","Heavy_7",5,5.48333,"Weapon",True,Hips,Hips,0.179979444,-0.3159361,-1.29268336,1.54497266E-05,5.98904535E-07,7.75442231E-07,1.3038516E-08,-4.09982967,0.3672246,-0.0231469627,False,"Already close; preserved"
"Mankey","Heavy_2",0,1.47,"Weapon",False,LeftMiddleDistal,LeftHand,0.160023585,1.38473058,0.4612302,1.77132133E-05,6.314999E-07,7.6170445E-06,1.03238271E-07,0.9112848,0.801547945,-0.404729873,False,"Already close; preserved"
"Mankey","Heavy_2",0,1.47,"Weapon",True,LeftMiddleDistal,LeftHand,0.160023585,1.38473058,0.4612302,1.7141725E-05,3.674277E-07,7.21665538E-06,0,-0.9112848,0.801547945,0.404729545,False,"Already close; preserved"
"Mankey","Heavy_2",1,2.3,"RightFoot",False,Head,Head,0.6616697,2.28279138,1.80861461,0.020599978,2.67495551E-07,1.40577271E-07,0,1.83805263,0.981232762,0.131692812,True,"Improves evaluated geometry"
"Mankey","Heavy_2",1,2.3,"RightFoot",True,Head,Head,0.6616697,2.28279138,1.80861461,0.02059983,1.20137E-07,1.49011612E-07,6.143906E-08,-1.83805263,0.981232762,-0.131692961,True,"Improves evaluated geometry"
"Mankey","Heavy_2",2,3.47833,"Weapon",False,Hips,Chest,0.266354442,0.5011718,1.3172493,6.242076E-06,2.00613016E-07,1.92024174E-07,4.209578E-07,4.26344538,0.3021896,0.0362332948,False,"Already close; preserved"
"Mankey","Heavy_2",2,3.47833,"Weapon",True,Hips,Chest,0.266354442,0.5011718,1.3172493,5.62578043E-06,2.8468628E-07,3.60102831E-07,4.50990967E-07,-4.26344538,0.3021896,-0.0362326,False,"Already close; preserved"
"Mankey","Heavy_2",3,4.15333,"Weapon",False,RightUpperLeg,RightUpperLeg,1.58735871,0.436986148,-0.3238061,5.711248E-07,6.143906E-08,3.57802463E-08,4.78986E-07,3.90264368,0.112131737,0.00496636564,False,"Already close; preserved"
"Mankey","Heavy_2",3,4.15333,"Weapon",True,RightUpperLeg,RightUpperLeg,1.58735871,0.436986148,-0.3238061,4.47034836E-08,6.143906E-08,4.962892E-07,7.192126E-07,-3.90264368,0.112131737,-0.00496615237,False,"Already close; preserved"
"Mankey","Heavy_8",0,1.07833,"Weapon",False,RightHand,LeftLowerLeg,-0.380922824,-0.979590535,-0.478121042,0.000451818283,7.822755E-07,6.365779E-07,1.49011612E-08,1.575666,0.5707716,-0.18803145,False,"Already close; preserved"
"Mankey","Heavy_8",0,1.07833,"Weapon",True,RightHand,LeftLowerLeg,-0.380922824,-0.979590535,-0.478121042,0.000451936241,5.72483941E-07,6.39883E-07,1.78813934E-07,-1.57566583,0.5707716,0.188030973,False,"Already close; preserved"
"Mankey","Heavy_8",1,1.23,"Weapon",False,LeftLowerLeg,LeftLowerLeg,-0.854291,-0.5570458,-1.01101232,0.00353126042,2.98023224E-08,1.25886152E-06,2.98023224E-08,1.64031363,0.555793941,-0.1913543,False,"Already close; preserved"
"Mankey","Heavy_8",1,1.23,"Weapon",True,LeftLowerLeg,LeftLowerLeg,-0.854291,-0.5570458,-1.01101232,0.00353126042,1.58401519E-07,1.27637816E-06,1.68587391E-07,-1.64031363,0.5557939,0.191353813,False,"Already close; preserved"
"Mankey","Heavy_8",2,1.86667,"Weapon",False,LeftLowerLeg,LeftLowerLeg,-0.47701028,-0.7528972,-0.775729656,7.605138E-05,2.11260428E-07,2.16964182E-07,1.33280039E-07,1.35533524,0.51417,-0.177184567,False,"Already close; preserved"
"Mankey","Heavy_8",2,1.86667,"Weapon",True,LeftLowerLeg,LeftLowerLeg,-0.47701028,-0.7528972,-0.775729656,7.588379E-05,2.02677711E-07,1.71201307E-07,1.5269147E-07,-1.35533535,0.514169931,0.17718406,False,"Already close; preserved"
"Mankey","Heavy_8",3,2.645,"Weapon",False,RightUpperLeg,RightUpperLeg,-0.110112548,1.31835163,0.7439962,0.00147252483,1.12944508E-06,7.313723E-07,2.38883786E-07,2.43636942,3.55669379,0.09746726,False,"Already close; preserved"
"Mankey","Heavy_8",3,2.645,"Weapon",True,RightUpperLeg,RightUpperLeg,-0.110112548,1.31835163,0.7439962,0.00147252518,1.24894484E-06,1.1703105E-06,0,-2.43636966,3.55669379,-0.097467646,False,"Already close; preserved"
"Mankey","Heavy_8",4,3.15333,"Weapon",False,RightLowerLeg,RightLowerLeg,0.446831018,-0.6866485,-1.34714365,2.40274E-07,6.143906E-07,2.4575624E-07,2.98023224E-07,2.44235826,2.941327,0.2651464,False,"Already close; preserved"
"Mankey","Heavy_8",4,3.15333,"Weapon",True,RightLowerLeg,RightLowerLeg,0.446831018,-0.6866485,-1.34714365,0,4.12953085E-07,2.98023224E-08,2.4575624E-07,-2.44235826,2.941327,-0.2651466,False,"Already close; preserved"
"Mankey","Heavy_8",5,3.53833,"Weapon",False,LeftUpperLeg,LeftUpperLeg,0.218892157,1.52676475,-0.8849888,1.55356738E-05,7.56298164E-07,0,0,2.6095686,2.6929245,-0.328104258,False,"Already close; preserved"
"Mankey","Heavy_8",5,3.53833,"Weapon",True,LeftUpperLeg,LeftUpperLeg,0.218892157,1.52676475,-0.8849888,1.55356738E-05,8.64267349E-07,2.40274E-07,5.40565168E-07,-2.60956883,2.6929245,0.32810396,False,"Already close; preserved"
"Mankey","Heavy_8",6,3.855,"Weapon",False,LeftLowerLeg,RightUpperLeg,0.06700975,1.77899492,-0.904603541,2.26630145E-05,2.4575624E-07,1.04308128E-07,0,2.53152,3.48092318,0.173398808,False,"Already close; preserved"
"Mankey","Heavy_8",6,3.855,"Weapon",True,LeftLowerLeg,RightUpperLeg,0.06700975,1.77899492,-0.904603541,2.30676142E-05,3.42402615E-07,2.38418579E-07,2.38883786E-07,-2.53152,3.48092318,-0.173399076,False,"Already close; preserved"
"Mankey","Heavy_Katana",0,1.45333,"Weapon",False,Hips,Hips,-0.6824337,0.413748741,1.37761748,5.267771E-06,6.244724E-08,2.71614283E-07,7.450581E-09,1.468298,0.8591862,-0.06417793,False,"Already close; preserved"
"Mankey","Heavy_Katana",0,1.45333,"Weapon",True,Hips,Hips,-0.6824337,0.413748741,1.37761748,4.799598E-06,1.21286661E-07,1.89074541E-07,7.450581E-09,-1.468298,0.8591862,0.0641775,False,"Already close; preserved"
"Mankey","Heavy_Katana",1,2.27833,"Weapon",False,LeftLowerArm,LeftLowerArm,-0.405602485,-0.0518391058,0.05978124,0.03432046,4.298152E-07,0.0334885977,2.149076E-07,2.63234687,0.9100323,-0.4517612,False,"Already close; preserved"
"Mankey","Heavy_Katana",1,2.27833,"Weapon",True,LeftLowerArm,LeftLowerArm,-0.405602485,-0.0518391058,0.05978124,0.03432064,4.960095E-07,0.0334887169,2.81154541E-07,-2.632347,0.9100322,0.4517612,False,"Already close; preserved"
"Mankey","Heavy_Assassin",0,0.87,"Weapon",False,LeftIndexProximal,LeftHand,0.02578489,0.6020255,0.132859126,1.81280456E-07,2.98023224E-08,6.69060455E-07,1.46000971E-07,1.69632351,0.8979169,-0.3364085,False,"Already close; preserved"
"Mankey","Heavy_Assassin",0,0.87,"Weapon",True,LeftIndexProximal,LeftHand,0.02578489,0.6020255,0.132859126,4.95113341E-07,1.2287812E-07,2.99509622E-07,6.664002E-08,-1.69632363,0.897917,0.33640787,False,"Already close; preserved"
"Mankey","Heavy_Assassin",1,1.21333,"Weapon",False,LeftShoulder,UpperChest,-0.426479131,0.191955566,1.34742177,0.007062712,3.637837E-07,9.43478938E-07,5.98660037E-08,2.32520533,0.991718948,-0.0245070364,False,"Already close; preserved"
"Mankey","Heavy_Assassin",1,1.21333,"Weapon",True,LeftShoulder,UpperChest,-0.426479131,0.191955566,1.34742177,0.00706297439,3.28586651E-07,1.23320046E-06,1.19920216E-07,-2.32520533,0.991718948,0.0245067272,False,"Already close; preserved"
"Pepe","Heavy_5",0,1.46167,"Shield",False,LeftMiddleIntermediate,LeftHand,-0.249302834,0.0300133564,0.09126448,1.52014045E-05,8.42936956E-08,1.76614913E-06,2.98023224E-08,1.54258144,0.721553147,-0.3723921,False,"Already close; preserved"
"Pepe","Heavy_5",0,1.46167,"Shield",True,LeftMiddleIntermediate,LeftHand,-0.249302834,0.0300133564,0.09126448,1.5130895E-05,0,1.50435324E-06,5.96046448E-08,-1.54258156,0.721553,0.3723916,False,"Already close; preserved"
"Pepe","Heavy_5",1,2.25833,"Weapon",False,LeftLowerArm,Chest,-0.05769545,0.1798908,0.24302876,1.48444292E-06,1.00137572E-06,7.4505806E-08,5.96046448E-08,2.55938554,1.00829256,-0.135561213,False,"Already close; preserved"
"Pepe","Heavy_5",1,2.25833,"Weapon",True,LeftLowerArm,Chest,-0.05769545,0.1798908,0.24302876,1.19803849E-06,8.940697E-08,1.49011612E-07,5.780806E-07,-2.55938554,1.00829256,0.135560885,False,"Already close; preserved"
"Pepe","Heavy_5",2,3.11667,"Weapon",False,Jaw,LeftUpperArm,0.1360891,0.188012436,0.117831893,0.00380395423,1.85068586E-07,1.88486439E-07,2.98023224E-08,2.876082,0.9019022,-0.141371235,False,"Already close; preserved"
"Pepe","Heavy_5",2,3.11667,"Weapon",True,Jaw,LeftUpperArm,0.1360891,0.188012436,0.117831893,0.00380403129,2.799674E-07,3.7252903E-07,3.57627869E-07,-2.876082,0.9019024,0.141370967,False,"Already close; preserved"
"Pepe","Heavy_5",3,3.55333,"Weapon",False,Jaw,Chest,0.0122015672,-0.335618258,0.125581428,0.00030720263,4.12482336E-07,7.4505806E-08,3.21758137E-07,3.46231031,0.6883287,-0.06360982,False,"Already close; preserved"
"Pepe","Heavy_5",3,3.55333,"Weapon",True,Jaw,Chest,0.0122015672,-0.335618258,0.125581428,0.0003071605,6.365779E-08,2.108659E-07,1.11071142E-06,-3.46231031,0.6883287,0.06360985,False,"Already close; preserved"
"Pepe","Heavy_5",4,4.20833,"Weapon",False,LeftEye,Head,0.0219935514,0.1848657,0.270288855,6.207092E-05,2.38418579E-07,2.98023224E-08,7.4505806E-08,2.800218,1.06281519,-0.1834393,False,"Already close; preserved"
"Pepe","Heavy_5",4,4.20833,"Weapon",True,LeftEye,Head,0.0219935514,0.1848657,0.270288855,6.207978E-05,4.935412E-07,1.49011612E-08,8.228086E-07,-2.800218,1.06281519,0.18343915,False,"Already close; preserved"
"Pepe","Heavy_6",0,1.43667,"Weapon",False,LeftLowerLeg,LeftLowerLeg,-0.0661699548,-0.0122534316,-0.08243176,2.17622255E-05,0,2.227412E-06,0,1.6704123,0.434023649,-0.280851722,False,"Already close; preserved"
"Pepe","Heavy_6",0,1.43667,"Weapon",True,LeftLowerLeg,LeftLowerLeg,-0.0661699548,-0.0122534316,-0.08243176,2.14492266E-05,1.2287812E-07,2.566809E-06,9.424322E-08,-1.6704123,0.4340237,0.2808511,False,"Already close; preserved"
"Pepe","Heavy_6",1,2.22833,"Weapon",False,RightEye,Head,-0.378780872,0.196055219,-0.206200287,0.000120547447,1.21286661E-07,1.34110451E-07,1.87452812E-07,1.64104593,1.30649614,0.08964002,False,"Already close; preserved"
"Pepe","Heavy_6",1,2.22833,"Weapon",True,RightEye,Head,-0.378780872,0.196055219,-0.206200287,0.000120332661,5.21540642E-08,1.73935561E-07,1.78813934E-07,-1.64104581,1.306496,-0.08964053,False,"Already close; preserved"
"Pepe","Heavy_6",2,2.85333,"Weapon",False,Chest,Spine,-0.139530569,0.254920125,0.0276466683,0.0001652368,5.146836E-07,1.37432423E-07,3.7252903E-09,1.86968756,0.6104734,-0.0198963154,False,"Already close; preserved"
"Pepe","Heavy_6",2,2.85333,"Weapon",True,Chest,Spine,-0.139530569,0.254920125,0.0276466683,0.000165472811,2.691506E-07,1.55316016E-07,1.86264515E-09,-1.86968756,0.6104734,0.01989588,False,"Already close; preserved"
"Pepe","Heavy_6",3,4.28333,"Weapon",False,Spine,Spine,-0.07106635,-0.3756268,0.0361179858,0.000216646382,2.10734243E-07,1.33280039E-07,1.98247051E-07,0.141600013,1.63471246,-0.7263056,False,"Already close; preserved"
"Pepe","Heavy_6",3,4.28333,"Weapon",True,Spine,Spine,-0.07106635,-0.3756268,0.0361179858,0.000216299057,4.064495E-07,2.98023224E-08,1.89074541E-07,-0.141599774,1.63471246,0.72630465,False,"Already close; preserved"
"Pepe","Heavy_7",0,1.195,"Weapon",False,Chest,RightUpperLeg,0.344643235,-0.164957866,0.0588318035,0.000938889745,6.00685E-08,5.58793545E-09,3.7252903E-09,3.18792057,0.7223907,-0.0162903424,False,"Already close; preserved"
"Pepe","Heavy_7",0,1.195,"Weapon",True,Chest,RightUpperLeg,0.344643235,-0.164957866,0.0588318035,0.000938953133,3.003425E-07,1.20655713E-07,0,-3.18792057,0.7223907,0.0162898246,False,"Already close; preserved"
"Pepe","Heavy_7",1,2.73833,"Weapon",False,LeftUpperLeg,LeftUpperLeg,0.028858792,0.106424242,-0.14253518,0.03828247,2.93518838E-07,0.03247814,7.4505806E-08,1.82629,0.8266154,-0.217751533,False,"Already close; preserved"
"Pepe","Heavy_7",1,2.73833,"Weapon",True,LeftUpperLeg,LeftUpperLeg,0.028858792,0.106424242,-0.14253518,0.0382833257,2.60237584E-07,0.03247895,1.49011612E-08,-1.82628989,0.8266154,0.217750639,False,"Already close; preserved"
"Pepe","Heavy_7",2,3.31667,"Weapon",False,RightEye,LeftUpperArm,0.204072282,0.226739243,-0.008852333,0.0020389338,5.78656454E-07,3.16890635E-07,2.40274E-07,1.86259842,1.40340376,0.08708795,False,"Already close; preserved"
"Pepe","Heavy_7",2,3.31667,"Weapon",True,RightEye,LeftUpperArm,0.204072282,0.226739243,-0.008852333,0.00203891029,1.90827976E-07,4.382563E-07,4.33928363E-07,-1.86259842,1.40340388,-0.08708862,False,"Already close; preserved"
"Pepe","Heavy_7",3,3.61333,"Weapon",False,RightThumbDistal,RightHand,-0.139086843,-0.103499018,-0.0766639039,6.607896E-05,7.4505806E-08,1.20137E-07,2.60237584E-07,2.28073883,1.0737927,0.172565013,False,"Already close; preserved"
"Pepe","Heavy_7",3,3.61333,"Weapon",True,RightThumbDistal,RightHand,-0.139086843,-0.103499018,-0.0766639039,6.527849E-05,2.98023224E-08,1.20137E-07,4.65527165E-07,-2.280739,1.07379293,-0.172566026,False,"Already close; preserved"
"Pepe","Heavy_7",4,4.65,"Weapon",False,LeftEye,Head,-0.5592099,0.05214165,0.0486979745,2.89975233E-05,2.41311426E-07,6.70552254E-08,4.85146643E-07,2.99961114,1.45709777,-0.06427208,False,"Already close; preserved"
"Pepe","Heavy_7",4,4.65,"Weapon",True,LeftEye,Head,-0.5592099,0.05214165,0.0486979745,2.871387E-05,2.42573321E-07,7.61017645E-07,5.18123443E-07,-2.99961114,1.45709777,0.06427147,False,"Already close; preserved"
"Pepe","Heavy_7",5,5.48333,"Weapon",False,LeftLowerArm,Chest,0.0320738927,0.29720068,-0.0286859348,0.0001336075,2.2059767E-07,1.242199E-07,1.86264515E-09,4.01778126,0.7816419,0.00442543067,False,"Already close; preserved"
"Pepe","Heavy_7",5,5.48333,"Weapon",True,LeftLowerArm,Chest,0.0320738927,0.29720068,-0.0286859348,0.000132483648,2.815738E-07,5.383012E-07,5.98660037E-08,-4.01778126,0.7816419,-0.004425859,False,"Already close; preserved"
"Pepe","Heavy_2",0,1.47,"Weapon",False,LeftThumbProximal,LeftHand,-0.126679868,0.02847312,0.10166458,0.00206928374,5.900559E-07,0.00107009325,6.664002E-08,0.9261899,0.8008127,-0.414546251,False,"Already close; preserved"
"Pepe","Heavy_2",0,1.47,"Weapon",True,LeftThumbProximal,LeftHand,-0.126679868,0.02847312,0.10166458,0.00206919154,2.98023224E-08,0.00107000023,2.149076E-07,-0.9261899,0.8008126,0.4145461,False,"Already close; preserved"
"Pepe","Heavy_2",1,2.30833,"RightFoot",False,Jaw,UpperChest,-0.07998547,0.286065876,-0.021976538,0.004983673,2.42573321E-07,0,0,2.07766819,0.970873833,0.09075342,False,"Already close; preserved"
"Pepe","Heavy_2",1,2.30833,"RightFoot",True,Jaw,UpperChest,-0.07998547,0.286065876,-0.021976538,0.0049839234,1.49011612E-08,7.450581E-09,3.0255228E-07,-2.07766819,0.9708738,-0.09075339,False,"Already close; preserved"
"Pepe","Heavy_2",2,3.47,"Weapon",False,LeftEye,Head,-0.5663227,-0.00209659035,0.0705649555,5.066943E-07,6.032786E-08,1.15856528E-06,5.681556E-07,4.35543346,1.02493489,0.0303407777,False,"Already close; preserved"
"Pepe","Heavy_2",2,3.47,"Weapon",True,LeftEye,Head,-0.5663227,-0.00209659035,0.0705649555,7.727082E-07,5.97209464E-08,1.37607128E-06,1.42389081E-06,-4.35543346,1.02493477,-0.0303400885,False,"Already close; preserved"
"Pepe","Heavy_2",3,4.15333,"Weapon",False,Chest,Spine,-0.02108212,0.237069309,0.0235478636,4.48310948E-06,5.983238E-07,5.031797E-07,6.00685E-08,3.93280959,0.299260259,-0.0164796244,False,"Already close; preserved"
"Pepe","Heavy_2",3,4.15333,"Weapon",True,Chest,Spine,-0.02108212,0.237069309,0.0235478636,4.34532376E-06,7.914554E-07,8.62282E-07,9.064023E-08,-3.93280959,0.299260259,0.0164798368,False,"Already close; preserved"
"Pepe","Heavy_8",0,1.07,"Weapon",False,LeftLittleProximal,LeftHand,-0.2269589,-0.04853081,-0.104062691,5.464121E-05,4.33928363E-07,1.60490416E-07,2.98023224E-08,1.69282222,0.6835234,-0.425437748,False,"Already close; preserved"
"Pepe","Heavy_8",0,1.07,"Weapon",True,LeftLittleProximal,LeftHand,-0.2269589,-0.04853081,-0.104062691,5.454933E-05,4.04258373E-07,2.98023224E-08,2.149076E-07,-1.692822,0.6835233,0.4254372,False,"Already close; preserved"
"Pepe","Heavy_8",1,1.21333,"Weapon",False,LeftLowerLeg,LeftLowerLeg,0.049050875,-0.189946458,0.07323914,0.00286928867,3.0538294E-07,2.08616257E-07,0,1.7553699,0.5283964,-0.188381582,False,"Already close; preserved"
"Pepe","Heavy_8",1,1.21333,"Weapon",True,LeftLowerLeg,LeftLowerLeg,0.049050875,-0.189946458,0.07323914,0.002869461,6.664002E-08,2.4755667E-07,2.5331974E-07,-1.75536978,0.5283965,0.188381135,False,"Already close; preserved"
"Pepe","Heavy_8",2,1.86667,"Weapon",False,LeftLowerLeg,LeftLowerLeg,0.114162438,-0.15190208,0.0414257124,6.892014E-05,2.99509622E-07,2.56801968E-07,1.34110451E-07,1.47518146,0.5539874,-0.183912128,False,"Already close; preserved"
"Pepe","Heavy_8",2,1.86667,"Weapon",True,LeftLowerLeg,LeftLowerLeg,0.114162438,-0.15190208,0.0414257124,6.901401E-05,4.33928363E-07,3.43697138E-07,1.74413614E-07,-1.47518146,0.5539874,0.1839116,False,"Already close; preserved"
"Pepe","Heavy_8",3,2.62,"Weapon",False,RightEye,Head,-0.4202942,-0.07656725,-0.232013389,0.0007245128,2.27456354E-07,1.01546789E-06,4.75204558E-07,1.72965789,3.920574,0.2068002,False,"Already close; preserved"
"Pepe","Heavy_8",3,2.62,"Weapon",True,RightEye,Head,-0.4202942,-0.07656725,-0.232013389,0.0007248007,9.31054331E-07,1.0062422E-06,9.39127858E-07,-1.72965789,3.920574,-0.206800669,False,"Already close; preserved"
"Pepe","Heavy_8",4,3.05333,"Weapon",False,RightHand,RightHand,-0.0489310622,0.0388284363,0.00240280456,4.45890946E-05,9.83025E-07,1.14961279E-06,2.40274E-07,2.004615,3.58946538,0.441107333,False,"Already close; preserved"
"Pepe","Heavy_8",4,3.05333,"Weapon",True,RightHand,RightHand,-0.0489310622,0.0388284363,0.00240280456,4.45890946E-05,1.4505498E-06,1.36733888E-06,0,-2.004615,3.58946538,-0.4411078,False,"Already close; preserved"
"Pepe","Heavy_8",5,3.41333,"Weapon",False,LeftLittleIntermediate,LeftHand,-0.2649602,-0.0170094986,-0.08716438,3.363836E-06,1.1920929E-07,6.2229077E-07,2.66560079E-07,1.99220109,3.10388041,-0.55901134,False,"Already close; preserved"
"Pepe","Heavy_8",5,3.41333,"Weapon",True,LeftLittleIntermediate,LeftHand,-0.2649602,-0.0170094986,-0.08716438,3.111454E-06,3.57627869E-07,4.46040332E-07,3.625609E-07,-1.992201,3.10388041,0.559010863,False,"Already close; preserved"
"Pepe","Heavy_8",6,3.855,"Weapon",False,Spine,LeftUpperLeg,-0.04121009,-0.255754381,-0.219340891,0.00377891422,1.140634E-06,2.38447683E-07,3.09557947E-07,2.63554549,3.606089,0.0320767872,False,"Already close; preserved"
"Pepe","Heavy_8",6,3.855,"Weapon",True,Spine,LeftUpperLeg,-0.04121009,-0.255754381,-0.219340891,0.003779213,2.081188E-06,2.38418579E-07,1.54743111E-06,-2.63554549,3.606089,-0.0320771225,False,"Already close; preserved"
"Pepe","Heavy_Katana",0,1.45333,"Weapon",False,Spine,Spine,-0.047190737,0.232894257,-0.06321955,0.000234561536,1.33300375E-07,5.98660037E-08,6.191719E-08,1.45323384,0.858106,0.0260286089,False,"Already close; preserved"
"Pepe","Heavy_Katana",0,1.45333,"Weapon",True,Spine,Spine,-0.047190737,0.232894257,-0.06321955,0.0002345055,2.45809616E-07,1.41573281E-07,1.20382225E-07,-1.45323384,0.858106,-0.026029015,False,"Already close; preserved"
"Pepe","Heavy_Katana",1,2.25333,"Weapon",False,Jaw,Neck,-0.00297636981,0.313104361,-0.00495358231,6.56091142E-05,2.38883786E-07,4.0108167E-05,6.143906E-08,2.2555387,0.832101,0.0587214753,False,"Already close; preserved"
"Pepe","Heavy_Katana",1,2.25333,"Weapon",True,Jaw,Neck,-0.00297636981,0.313104361,-0.00495358231,6.537347E-05,4.81067559E-07,3.99308046E-05,2.691506E-07,-2.2555387,0.8321008,-0.0587219074,False,"Already close; preserved"
"Pepe","Heavy_Assassin",0,0.87833,"Weapon",False,Chest,LeftHand,0.160076782,0.07600558,-0.030368071,0.00243129372,2.92001943E-07,1.88486439E-07,1.074538E-07,2.011277,0.9974976,-0.342471,False,"Already close; preserved"
"Pepe","Heavy_Assassin",0,0.87833,"Weapon",True,Chest,LeftHand,0.160076782,0.07600558,-0.030368071,0.00243177661,5.63541732E-07,1.78813934E-07,4.62656459E-07,-2.011277,0.9974976,0.342470527,False,"Already close; preserved"
"Pepe","Heavy_Assassin",1,1.21333,"Weapon",False,Jaw,Chest,-0.082819,0.229712769,0.166655779,0.00134363,2.98023224E-08,2.23517418E-08,2.40274E-07,2.25238466,0.9791731,-0.104036383,False,"Already close; preserved"
"Pepe","Heavy_Assassin",1,1.21333,"Weapon",True,Jaw,Chest,-0.082819,0.229712769,0.166655779,0.00134372665,4.66480145E-07,3.875018E-07,4.801435E-07,-2.25238466,0.979173,0.104036041,False,"Already close; preserved"
