guid	localId	clip	durationSeconds	status	visibleResponse	rootAndEndState	recommendedUse	limitations
932279eb1c22db24385eb04c03856eb1	7400000	BindPose	0.016666668	Unusable; support pose	Static bind pose in both fighters; no response.	No translation; remains in bind pose.	Reference pose only.	One-frame clip; no reaction motion.
932279eb1c22db24385eb04c03856eb1	7400002	tpose	0.016666668	Unusable; support pose	Static T-pose in both fighters; no response.	No translation; remains in T-pose.	Reference pose only.	One-frame clip; no reaction motion.
932279eb1c22db24385eb04c03856eb1	7400004	KB_Hit_p_HighFront_Weak	0.833333373	Candidate; mild recoil	Frontal head/upper torso flinch: brief trunk/head recoil and arm brace, then returns upright; no fall.	Root stationary; upright recovery.	Light high frontal hit reaction.	Directional class inferred from isolated response; frame names are not contact evidence.
932279eb1c22db24385eb04c03856eb1	7400006	KB_Hit_p_HighRight_Weak	0.833333373	Candidate; mild recoil	Right-side head/upper torso flinch: brief trunk/head recoil and arm brace, then returns upright; no fall.	Root stationary; upright recovery.	Light high right-side hit reaction.	Directional class inferred from isolated response; frame names are not contact evidence.
932279eb1c22db24385eb04c03856eb1	7400008	KB_Hit_p_HighLeft_Weak	0.833333373	Candidate; mild recoil	Left-side head/upper torso flinch: brief trunk/head recoil and arm brace, then returns upright; no fall.	Root stationary; upright recovery.	Light high left-side hit reaction.	Directional class inferred from isolated response; frame names are not contact evidence.
932279eb1c22db24385eb04c03856eb1	7400010	KB_Hit_p_HighUpper_Weak	1.200000048	Candidate; mild recoil	Right-side head/upper torso flinch: brief trunk/head recoil and arm brace, then returns upright; no fall.	Root stationary; upright recovery.	Light high right-side hit reaction.	Directional class inferred from isolated response; frame names are not contact evidence.
932279eb1c22db24385eb04c03856eb1	7400012	KB_Hit_m_HighFront_Weak	1.000000000	Candidate; mild recoil	Frontal head/upper torso flinch: brief trunk/head recoil and arm brace, then returns upright; no fall.	Root stationary; upright recovery.	Light high frontal hit reaction.	Directional class inferred from isolated response; frame names are not contact evidence.
932279eb1c22db24385eb04c03856eb1	7400014	KB_Hit_m_HighRight_Weak	1.033333421	Candidate; mild recoil	Right-side head/upper torso flinch: brief trunk/head recoil and arm brace, then returns upright; no fall.	Root stationary; upright recovery.	Light high right-side hit reaction.	Directional class inferred from isolated response; frame names are not contact evidence.
932279eb1c22db24385eb04c03856eb1	7400016	KB_Hit_m_HighLeft_Weak	1.000000000	Candidate; mild recoil	Left-side head/upper torso flinch: brief trunk/head recoil and arm brace, then returns upright; no fall.	Root stationary; upright recovery.	Light high left-side hit reaction.	Directional class inferred from isolated response; frame names are not contact evidence.
932279eb1c22db24385eb04c03856eb1	7400018	KB_Hit_p_MidFront_Weak	0.833333373	Candidate; mild recoil	Frontal chest/torso flinch: brief trunk/head recoil and arm brace, then returns upright; no fall.	Root stationary; upright recovery.	Light mid frontal hit reaction.	Directional class inferred from isolated response; frame names are not contact evidence.
932279eb1c22db24385eb04c03856eb1	7400020	KB_Hit_p_MidLeft_Weak	1.000000000	Candidate; mild recoil	Left-side chest/torso flinch: brief trunk/head recoil and arm brace, then returns upright; no fall.	Root stationary; upright recovery.	Light mid left-side hit reaction.	Directional class inferred from isolated response; frame names are not contact evidence.
932279eb1c22db24385eb04c03856eb1	7400022	KB_Hit_p_MidRight_Weak	0.933333457	Candidate; mild recoil	Right-side chest/torso flinch: brief trunk/head recoil and arm brace, then returns upright; no fall.	Root stationary; upright recovery.	Light mid right-side hit reaction.	Directional class inferred from isolated response; frame names are not contact evidence.
932279eb1c22db24385eb04c03856eb1	7400024	KB_Hit_m_MidFront_Weak	1.166666746	Candidate; mild recoil	Frontal chest/torso flinch: brief trunk/head recoil and arm brace, then returns upright; no fall.	Root stationary; upright recovery.	Light mid frontal hit reaction.	Directional class inferred from isolated response; frame names are not contact evidence.
932279eb1c22db24385eb04c03856eb1	7400026	KB_Hit_m_MidLeft_Weak	1.166666746	Candidate; mild recoil	Left-side chest/torso flinch: brief trunk/head recoil and arm brace, then returns upright; no fall.	Root stationary; upright recovery.	Light mid left-side hit reaction.	Directional class inferred from isolated response; frame names are not contact evidence.
932279eb1c22db24385eb04c03856eb1	7400028	KB_Hit_m_MidRight_Weak	1.166666746	Candidate; mild recoil	Right-side chest/torso flinch: brief trunk/head recoil and arm brace, then returns upright; no fall.	Root stationary; upright recovery.	Light mid right-side hit reaction.	Directional class inferred from isolated response; frame names are not contact evidence.
932279eb1c22db24385eb04c03856eb1	7400030	KB_Hit_p_LowLeft_Weak	1.000000000	Candidate; mild recoil	Left-side lower torso/legs flinch: brief trunk/head recoil and arm brace, then returns upright; no fall.	Root stationary; upright recovery.	Light low left-side hit reaction.	Directional class inferred from isolated response; frame names are not contact evidence.
932279eb1c22db24385eb04c03856eb1	7400032	KB_Hit_p_LowRight_Weak	1.000000000	Candidate; mild recoil	Right-side lower torso/legs flinch: brief trunk/head recoil and arm brace, then returns upright; no fall.	Root stationary; upright recovery.	Light low right-side hit reaction.	Directional class inferred from isolated response; frame names are not contact evidence.
932279eb1c22db24385eb04c03856eb1	7400034	KB_Hit_m_LowLeft_Weak	1.000000000	Candidate; mild recoil	Left-side lower torso/legs flinch: brief trunk/head recoil and arm brace, then returns upright; no fall.	Root stationary; upright recovery.	Light low left-side hit reaction.	Directional class inferred from isolated response; frame names are not contact evidence.
932279eb1c22db24385eb04c03856eb1	7400036	KB_Hit_m_LowRight_Weak	1.000000000	Candidate; mild recoil	Right-side lower torso/legs flinch: brief trunk/head recoil and arm brace, then returns upright; no fall.	Root stationary; upright recovery.	Light low right-side hit reaction.	Directional class inferred from isolated response; frame names are not contact evidence.
932279eb1c22db24385eb04c03856eb1	7400038	KB_Hit_m_HighFront_Med	1.500000119	Candidate; pronounced recoil	Frontal head/upper torso response: deeper torso fold/turn with crouch or knee bend, followed by a guarded rise.	Root translates about 0.90 m, generally backward (local z -0.90); ends upright/guarded.	Medium high frontal hit; stronger stagger.	Pronounced but variable crouch/recoil; no sustained down state; tune timing after paired review.
932279eb1c22db24385eb04c03856eb1	7400040	KB_Hit_m_HighRight_Med	1.516666770	Candidate; pronounced recoil	Right-side head/upper torso response: deeper torso fold/turn with crouch or knee bend, followed by a guarded rise.	Root translates about 0.92 m, generally backward (local z -0.92); ends upright/guarded.	Medium high right-side hit; stronger stagger.	Pronounced but variable crouch/recoil; no sustained down state; tune timing after paired review.
932279eb1c22db24385eb04c03856eb1	7400042	KB_Hit_m_HighLeft_Med	1.500000119	Candidate; pronounced recoil	Left-side head/upper torso response: deeper torso fold/turn with crouch or knee bend, followed by a guarded rise.	Root translates about 0.69 m, generally backward (local z -0.69); ends upright/guarded.	Medium high left-side hit; stronger stagger.	Pronounced but variable crouch/recoil; no sustained down state; tune timing after paired review.
932279eb1c22db24385eb04c03856eb1	7400044	KB_Hit_m_MidFront_Med	1.500000119	Candidate; pronounced recoil	Frontal chest/torso response: deeper torso fold/turn with crouch or knee bend, followed by a guarded rise.	Root translates about 0.93 m, generally backward (local z -0.93); ends upright/guarded.	Medium mid frontal hit; stronger stagger.	Pronounced but variable crouch/recoil; no sustained down state; tune timing after paired review.
932279eb1c22db24385eb04c03856eb1	7400046	KB_Hit_m_MidLeft_Med	1.500000119	Candidate; pronounced recoil	Left-side chest/torso response: deeper torso fold/turn with crouch or knee bend, followed by a guarded rise.	Root translates about 0.77 m, generally backward (local z -0.75); ends upright/guarded.	Medium mid left-side hit; stronger stagger.	Pronounced but variable crouch/recoil; no sustained down state; tune timing after paired review.
932279eb1c22db24385eb04c03856eb1	7400048	KB_Hit_m_MidRight_Med	1.500000119	Candidate; pronounced recoil	Right-side chest/torso response: deeper torso fold/turn with crouch or knee bend, followed by a guarded rise.	Root translates about 0.80 m, generally backward (local z -0.80); ends upright/guarded.	Medium mid right-side hit; stronger stagger.	Pronounced but variable crouch/recoil; no sustained down state; tune timing after paired review.
932279eb1c22db24385eb04c03856eb1	7400050	KB_Hit_m_LowLeft_Med	1.500000119	Candidate; pronounced recoil	Left-side lower torso/legs response: deeper torso fold/turn with crouch or knee bend, followed by a guarded rise.	Root translates about 0.74 m, generally backward (local z -0.69); ends upright/guarded.	Medium low left-side hit; stronger stagger.	Pronounced but variable crouch/recoil; no sustained down state; tune timing after paired review.
932279eb1c22db24385eb04c03856eb1	7400052	KB_Hit_m_LowRight_Med	1.500000119	Candidate; pronounced recoil	Right-side lower torso/legs response: deeper torso fold/turn with crouch or knee bend, followed by a guarded rise.	Root translates about 0.74 m, generally backward (local z -0.74); ends upright/guarded.	Medium low right-side hit; stronger stagger.	Pronounced but variable crouch/recoil; no sustained down state; tune timing after paired review.
932279eb1c22db24385eb04c03856eb1	7400054	KB_Hit_m_MidTop_Med	1.500000119	Candidate; pronounced recoil	Frontal chest/torso response: deeper torso fold/turn with crouch or knee bend, followed by a guarded rise.	Root translates about 0.93 m, generally backward (local z -0.93); ends upright/guarded.	Medium mid frontal hit; stronger stagger.	Pronounced but variable crouch/recoil; no sustained down state; tune timing after paired review. Visually close to 7400044 (MidFront_Med); distinct upper/top response is subtle, so treat as near-duplicate pending detailed pose comparison.
932279eb1c22db24385eb04c03856eb1	7400056	KB_Hit_m_HighBack_Weak	1.166666746	Candidate; mild recoil	Rearward head/upper torso flinch: brief trunk/head recoil and arm brace, then returns upright; no fall.	Root stationary; upright recovery.	Light high rearward hit reaction.	Directional class inferred from isolated response; frame names are not contact evidence.
932279eb1c22db24385eb04c03856eb1	7400058	KB_Hit_m_MidBack_Med	1.500000119	Candidate; pronounced recoil	Rearward chest/torso response: deeper torso fold/turn with crouch or knee bend, followed by a guarded rise.	Root translates about 0.85 m, generally forward (local z 0.85); ends upright/guarded.	Medium mid rearward hit; stronger stagger.	Pronounced but variable crouch/recoil; no sustained down state; tune timing after paired review.
932279eb1c22db24385eb04c03856eb1	7400060	KB_Hit_m_HighBack_Stagger	2.000000000	Candidate; deep standing recoil	Rearward head/upper torso recoil into a deep forward fold/crouch with balance steps; remains supported on the feet and returns to guard.	Root translates about 1.40 m, generally forward (local z 1.40); ends upright/guarded with no floor contact.	Heavy high rearward hit; standing stumble/recoil only; not a knockdown.	Severe-looking bend, but no ground contact or downed hold in either fighter; unsuitable alone as a lethal/downed state. Review timing and pairing in runtime.
932279eb1c22db24385eb04c03856eb1	7400062	KB_Hit_m_HighFront_Stagger	2.666666746	Candidate; deep standing recoil	Frontal high-hit recoil arches the upper torso, then bends into a guarded crouch; remains on the feet and regains stance.	Root translates about 1.16 m, generally backward (local z -1.16); ends upright/guarded with no floor contact.	Heavy high frontal hit; standing stumble/recoil only; not a knockdown.	Severe-looking bend, but no ground contact or downed hold in either fighter; unsuitable alone as a lethal/downed state. Review timing and pairing in runtime.
932279eb1c22db24385eb04c03856eb1	7400064	KB_Hit_m_MidFront_Stagger	2.666666746	Candidate; deep standing recoil	Deep abdominal fold and backward balance step, followed by return to guard; remains upright and does not contact the floor.	Root translates about 1.06 m, generally backward (local z -1.06); ends upright/guarded with no floor contact.	Heavy mid frontal hit; standing stumble/recoil only; not a knockdown.	Severe-looking bend, but no ground contact or downed hold in either fighter; unsuitable alone as a lethal/downed state. Review timing and pairing in runtime.
932279eb1c22db24385eb04c03856eb1	7400066	KB_Hit_m_MidLeft_Stagger	2.666666746	Candidate; deep standing recoil	Left-side torso recoil/turn into a deep fold and crouch with balance steps; remains supported on the feet and recovers to guard.	Root translates about 1.01 m, generally backward (local z -0.98); ends upright/guarded with no floor contact.	Heavy mid left-side hit; standing stumble/recoil only; not a knockdown.	Severe-looking bend, but no ground contact or downed hold in either fighter; unsuitable alone as a lethal/downed state. Review timing and pairing in runtime.
932279eb1c22db24385eb04c03856eb1	7400068	KB_Hit_m_MidRight_Stagger	2.666666746	Candidate; deep standing recoil	Right-side torso recoil into a deep bend/crouch, then rises back to guard; remains on the feet throughout.	Root translates about 0.90 m, generally backward (local z -0.90); ends upright/guarded with no floor contact.	Heavy mid right-side hit; standing stumble/recoil only; not a knockdown.	Severe-looking bend, but no ground contact or downed hold in either fighter; unsuitable alone as a lethal/downed state. Review timing and pairing in runtime.
932279eb1c22db24385eb04c03856eb1	7400070	KB_HitOnGroundBack	0.916666865	Support pose; situational only	Already prone supine, sustained floor pose; no preceding impact or recovery.	Root stationary; remains prone.	Downed-state hold only; pair with a separately validated knockdown.	Does not show how the fighter reaches ground; static hold gives no recovery.
932279eb1c22db24385eb04c03856eb1	7400072	KB_HitOnGroundFront	0.800000072	Support pose; situational only	Already prone face-down, sustained floor pose; no preceding impact or recovery.	Root stationary; remains prone.	Downed-state hold only; pair with a separately validated knockdown.	Does not show how the fighter reaches ground; static hold gives no recovery.
