clipGuidLocalId,avatarGuidLocalId,seconds,bone,x,y,z,rightX,rightY,rightZ,upX,upY,upZ,forwardX,forwardY,forwardZ
f83ba830485ff2b46ba1d67ec650f1e0:1827226128182048838,59dc3f26824c72872aa4cf6baeec671e:9000000,0,Hips,-0.0005740674,0.09972193,0.024175277,0.000186061108,-0.009849621,0.9999516,-0.000225709286,0.9999515,0.009849663,-1.00000012,-0.00022753235,0.000183828917
f83ba830485ff2b46ba1d67ec650f1e0:1827226128182048838,59dc3f26824c72872aa4cf6baeec671e:9000000,0,Chest,-0.0006251393,0.08754293,-0.2607182,0.000198998721,-0.07569741,0.9971314,-0.000142097473,0.9971308,0.07569744,-1.0000006,-0.000156797469,0.000187669764
f83ba830485ff2b46ba1d67ec650f1e0:1827226128182048838,59dc3f26824c72872aa4cf6baeec671e:9000000,0,Head,0.00517777,0.0526470281,-0.6897821,0.130747825,0.323820561,0.9370413,-0.828577042,0.5546834,-0.0760723054,-0.5443953,-0.7664641,0.3408335
f83ba830485ff2b46ba1d67ec650f1e0:1827226128182048838,59dc3f26824c72872aa4cf6baeec671e:9000000,0,LeftHand,-0.608773768,0.0986134,-0.172175035,0.739014149,0.2728842,-0.615948558,0.1626646,-0.959517837,-0.229930744,-0.653757334,0.0697291344,-0.7534861
f83ba830485ff2b46ba1d67ec650f1e0:1827226128182048838,59dc3f26824c72872aa4cf6baeec671e:9000000,0,RightHand,0.6036059,0.09159076,-0.1628856,-0.7732402,0.267356128,-0.5749978,0.165442422,-0.7903093,-0.589951,-0.612152338,-0.551302135,0.566864967
f83ba830485ff2b46ba1d67ec650f1e0:1827226128182048838,59dc3f26824c72872aa4cf6baeec671e:9000000,0,LeftFoot,-0.284516215,0.119293429,0.721646965,0.468401432,-0.864111245,-0.18415311,0.06870061,0.243422762,-0.967484534,0.880841,0.44052,0.173384309
f83ba830485ff2b46ba1d67ec650f1e0:1827226128182048838,59dc3f26824c72872aa4cf6baeec671e:9000000,0,RightFoot,0.291055441,0.1201196,0.7197558,-0.519077957,-0.8325531,-0.193429112,0.048345983,0.197343409,-0.979141951,0.853359342,-0.517601848,-0.0621866
f83ba830485ff2b46ba1d67ec650f1e0:1827226128182048838,59dc3f26824c72872aa4cf6baeec671e:9000000,0.1,Hips,-0.009036813,0.0612391047,0.017620977,0.0378332958,-0.09875107,0.994392633,0.157167763,0.9833081,0.09167058,-0.9868469,0.152818277,0.0527222678
f83ba830485ff2b46ba1d67ec650f1e0:1827226128182048838,59dc3f26824c72872aa4cf6baeec671e:9000000,0.1,Chest,-0.0249977782,0.11455632,-0.261307716,-0.00915631652,-0.47746563,0.87860316,0.314726233,0.832609534,0.455750972,-0.9491387,0.2806922,0.1426472
f83ba830485ff2b46ba1d67ec650f1e0:1827226128182048838,59dc3f26824c72872aa4cf6baeec671e:9000000,0.1,Head,-0.0404946655,0.342283249,-0.6257548,0.0323425531,-0.9417424,0.334777355,0.236596912,0.3326461,0.912890434,-0.9710698,0.0496816933,0.233571619
f83ba830485ff2b46ba1d67ec650f1e0:1827226128182048838,59dc3f26824c72872aa4cf6baeec671e:9000000,0.1,LeftHand,-0.364726454,0.471485466,-0.007876711,0.3710519,-0.476106644,-0.797273,-0.882197142,0.08731097,-0.462716818,0.2899137,0.8750435,-0.387623131
f83ba830485ff2b46ba1d67ec650f1e0:1827226128182048838,59dc3f26824c72872aa4cf6baeec671e:9000000,0.1,RightHand,0.5666693,0.08455497,-0.226990819,-0.8402904,-0.0218209773,-0.5416995,0.452597678,-0.578287244,-0.678779364,-0.2984457,-0.8155427,0.495803356
f83ba830485ff2b46ba1d67ec650f1e0:1827226128182048838,59dc3f26824c72872aa4cf6baeec671e:9000000,0.1,LeftFoot,-0.184527472,0.116077185,0.523991764,0.3999663,-0.721324861,-0.565435767,-0.258932948,0.502869,-0.824667633,0.8791933,0.476249278,0.0143558681
f83ba830485ff2b46ba1d67ec650f1e0:1827226128182048838,59dc3f26824c72872aa4cf6baeec671e:9000000,0.1,RightFoot,0.30176428,0.133538917,0.6953709,-0.5305272,-0.8350681,-0.145611882,0.0267931521,0.1551736,-0.987524,0.8472448,-0.5278093,-0.0599499941
f83ba830485ff2b46ba1d67ec650f1e0:1827226128182048838,59dc3f26824c72872aa4cf6baeec671e:9000000,0.25,Hips,-0.0138218971,0.06390085,-0.00245611463,0.111175418,-0.52670753,0.842745066,0.5168997,0.754917443,0.4036264,-0.848796,0.390741378,0.356183261
f83ba830485ff2b46ba1d67ec650f1e0:1827226128182048838,59dc3f26824c72872aa4cf6baeec671e:9000000,0.25,Chest,-0.0147898644,0.2885768,-0.1686452,-0.476425,-0.8771613,0.06006077,0.7021627,-0.338483781,0.6264155,-0.52913785,0.3406124,0.777172
f83ba830485ff2b46ba1d67ec650f1e0:1827226128182048838,59dc3f26824c72872aa4cf6baeec671e:9000000,0.25,Head,0.214214474,0.6243272,-0.08202468,-0.322365969,-0.874863148,-0.361517578,0.0602071,-0.400081575,0.914499938,-0.9446987,0.2730376,0.181645483
f83ba830485ff2b46ba1d67ec650f1e0:1827226128182048838,59dc3f26824c72872aa4cf6baeec671e:9000000,0.25,LeftHand,0.00623844564,0.42074126,0.436532676,-0.286595345,0.10893508,-0.9518389,-0.263471574,0.946244955,0.187625185,0.921111763,0.30455482,-0.242488131
f83ba830485ff2b46ba1d67ec650f1e0:1827226128182048838,59dc3f26824c72872aa4cf6baeec671e:9000000,0.25,RightHand,0.275709867,0.00246553123,-0.2302486,-0.9492578,-0.222099915,-0.222666413,-0.101768449,0.886840045,-0.4507304,0.2975767,-0.40519914,-0.8644425
f83ba830485ff2b46ba1d67ec650f1e0:1827226128182048838,59dc3f26824c72872aa4cf6baeec671e:9000000,0.25,LeftFoot,-0.192135215,0.09898789,0.25912863,-0.06912123,-0.213383824,-0.974520445,-0.35787335,0.917141557,-0.175436765,0.9312086,0.336628467,-0.139758348
f83ba830485ff2b46ba1d67ec650f1e0:1827226128182048838,59dc3f26824c72872aa4cf6baeec671e:9000000,0.25,RightFoot,0.273001462,0.152857587,0.4420939,-0.430262357,-0.8784773,-0.207732469,-0.14026171,0.292386949,-0.9459582,0.8917409,-0.377872884,-0.249020129
f83ba830485ff2b46ba1d67ec650f1e0:1827226128182048838,59dc3f26824c72872aa4cf6baeec671e:9000000,1.33332825,Hips,-0.0203683842,0.684704,-0.0270466022,0.08606061,-0.98643297,0.139799327,0.6258338,0.162705511,0.762796938,-0.775194049,0.0218442678,0.631345451
f83ba830485ff2b46ba1d67ec650f1e0:1827226128182048838,59dc3f26824c72872aa4cf6baeec671e:9000000,1.33332825,Chest,-0.0399713963,0.966893435,-0.06078006,-0.138001457,-0.9785188,-0.15315932,0.611412346,-0.205822751,0.7640767,-0.7791866,0.0117998123,0.626681268
f83ba830485ff2b46ba1d67ec650f1e0:1827226128182048838,59dc3f26824c72872aa4cf6baeec671e:9000000,1.33332825,Head,-0.002300663,1.37217939,0.06913356,0.141766876,-0.9338069,-0.328494549,0.0215250254,-0.328860819,0.9441346,-0.989666939,-0.140918732,-0.0265226066
f83ba830485ff2b46ba1d67ec650f1e0:1827226128182048838,59dc3f26824c72872aa4cf6baeec671e:9000000,1.33332825,LeftHand,-0.336746216,0.812150359,0.3212637,0.249324024,0.524439,-0.814126849,-0.8330225,0.5448683,0.09587869,0.4938747,0.654280543,0.5727176
f83ba830485ff2b46ba1d67ec650f1e0:1827226128182048838,59dc3f26824c72872aa4cf6baeec671e:9000000,1.33332825,RightHand,0.422483981,0.797376,-0.200269192,-0.551566243,0.814405,-0.180336773,0.7151559,0.350429773,-0.604774237,-0.429335356,-0.462541223,-0.775712132
f83ba830485ff2b46ba1d67ec650f1e0:1827226128182048838,59dc3f26824c72872aa4cf6baeec671e:9000000,1.33332825,LeftFoot,-0.184636116,0.0459280349,0.244663611,-0.035326466,0.153586179,-0.987504,0.007532589,0.9881332,0.153414637,0.9993478,-0.00201890618,-0.03606416
f83ba830485ff2b46ba1d67ec650f1e0:1827226128182048838,59dc3f26824c72872aa4cf6baeec671e:9000000,1.33332825,RightFoot,0.285134971,0.0451224446,-0.224111855,-0.581258357,0.0243911482,-0.813354,-0.09922095,0.9899676,0.100595109,0.8076477,0.139173433,-0.5730068
