attacker,victim,direction,spacingM,sourceSeconds,torsoMinimumWorldY,victimMinimumWorldY,attackerMinimumWorldY,hipsWorldX,hipsWorldY,hipsWorldZ,headWorldX,headWorldY,headWorldZ,leftFootWorldX,leftFootWorldY,leftFootWorldZ,rightFootWorldX,rightFootWorldY,rightFootWorldZ,bodySupportMinimumY,supportWorldPointX,supportWorldPointY,supportWorldPointZ,supportBone,torsoFacingUp
Pepe,Mankey,1,1.7,1.3,0.5478904,0.2344846,0.0101410234,0.37388745,1.06874979,-0.640129,-0.00353503227,0.52047354,-0.4035918,0.9203703,1.323754,-0.214355439,0.426151752,1.68312931,-0.922303855,0.2344846,-0.106319167,0.2344846,-0.29095757,Head,0.554744
Pepe,Mankey,1,1.7,1.30416667,0.5327592,0.234353319,0.0101147015,0.359888881,1.057195,-0.6547255,-0.00155186653,0.516171932,-0.380338848,0.919149756,1.33654559,-0.262842536,0.376768261,1.670302,-0.950689852,0.234353319,-0.09534904,0.234353319,-0.250643134,Head,0.5762279
Pepe,Mankey,1,1.7,1.30833328,0.51842314,0.237348765,0.010083558,0.345172763,1.04498732,-0.669858158,0.0017875433,0.513916433,-0.3564445,0.9165281,1.348922,-0.316444457,0.3247561,1.65579188,-0.9770228,0.237348765,-0.0818192661,0.237348765,-0.20960851,Head,0.5981262
Pepe,Mankey,1,1.7,1.3125,0.5049829,0.240575477,0.0100484826,0.3298515,1.03203762,-0.685317,0.00657331944,0.513593733,-0.3326957,0.911694646,1.36004663,-0.374081969,0.271007359,1.6394043,-1.00094366,0.240575477,-0.106527381,0.240575477,-0.217070222,Head,0.620062649
Pepe,Mankey,1,1.7,1.31666672,0.492489755,0.2458763,0.01003742,0.314065576,1.0182848,-0.700921357,0.0127767324,0.514992833,-0.309858233,0.9040518,1.36922872,-0.4345081,0.21644932,1.62102926,-1.022299,0.2458763,-0.106455341,0.2458763,-0.198881269,Head,0.6416373
Pepe,Mankey,1,1.7,1.32083333,0.480930358,0.252444059,0.0100621525,0.297985733,1.00368655,-0.71651125,0.02024746,0.5177965,-0.2886345,0.8932561,1.37595665,-0.496330231,0.1620025,1.60061288,-1.0411613,0.252444059,-0.08868034,0.252444059,-0.159488767,Head,0.6624325
Pepe,Mankey,1,1.7,1.325,0.47021997,0.2598006,0.0100000044,0.2818048,0.988213837,-0.731959,0.028730154,0.521587849,-0.2696204,0.879234135,1.37992394,-0.558088958,0.1085093,1.57811582,-1.057848,0.2598006,-0.044844985,0.2598006,-0.170287967,Head,0.6820282
Pepe,Mankey,1,1.7,1.32916665,0.458025575,0.267828047,0.0102105038,0.26573658,0.9718478,-0.7471696,0.03788352,0.525865436,-0.253284,0.8621728,1.38103735,-0.61831367,0.0566983223,1.553476,-1.07290745,0.267828047,-0.0260303486,0.267828047,-0.138634458,Head,0.7000052
Pepe,Mankey,1,1.7,1.33333337,0.4454465,0.2764878,0.0102387574,0.250010133,0.9545759,-0.762084365,0.0473088026,0.530065,-0.239950448,0.84248513,1.37941277,-0.675593436,0.0071592927,1.526575,-1.08708644,0.2764878,-0.006652259,0.2764878,-0.111111164,Head,0.71595335
Pepe,Mankey,1,1.7,1.3375,0.4340523,0.28646493,0.0101324748,0.234587371,0.937109232,-0.7769516,0.05740702,0.5349218,-0.229279369,0.820486,1.376317,-0.7319778,-0.04145205,1.498356,-1.09973145,0.28646493,0.0138869118,0.28646493,-0.08719489,Head,0.729894161
Pepe,Mankey,1,1.7,1.3416667,0.424295783,0.298583,0.0101350835,0.219281733,0.919777,-0.7919391,0.06851965,0.5412025,-0.220811576,0.7960574,1.37220418,-0.78948915,-0.0901324749,1.46938038,-1.11000037,0.298583,0.0361322761,0.298583,-0.06621664,Head,0.742216051
Pepe,Mankey,1,1.7,1.3458333,0.415626258,0.310764551,0.0101787029,0.204119086,0.9020071,-0.806893766,0.08011228,0.5483021,-0.21455881,0.7692803,1.36624539,-0.846702754,-0.137974679,1.43893814,-1.118592,0.310764551,0.0839128,0.310764551,-0.1258595,Head,0.7530647
Pepe,Mankey,1,1.7,1.35,0.407446563,0.3224463,0.0101650618,0.18912977,0.883233,-0.821674466,0.09163636,0.5555574,-0.210487932,0.7404647,1.357791,-0.9022056,-0.184243441,1.4063462,-1.12633872,0.3224463,0.104872219,0.3224463,-0.111543059,Head,0.7625993
Pepe,Mankey,1,1.7,1.35416663,0.399113417,0.331650734,0.0101310574,0.174353063,0.8629,-0.836147845,0.102534652,0.5622448,-0.208513826,0.7101301,1.34639025,-0.95462,-0.228369951,1.37093413,-1.13418078,0.331650734,0.0782696456,0.331650734,-0.251270354,Head,0.7709898
Pepe,Mankey,1,1.7,1.35833335,0.389936537,0.334766269,0.0100803217,0.159829021,0.8404584,-0.850197732,0.112257421,0.5675905,-0.208495408,0.6789402,1.33179152,-1.00266159,-0.269954681,1.33199537,-1.14313185,0.334766269,0.0938553661,0.334766269,-0.240818232,Head,0.7784203
Pepe,Mankey,1,1.7,1.3625,0.379186273,0.336371064,0.0100146784,0.145599544,0.815371931,-0.8637197,0.12026906,0.5707809,-0.21023652,0.6476376,1.31393659,-1.04513872,-0.3087107,1.2887789,-1.15423465,0.336371064,0.108264983,0.336371064,-0.232563257,Head,0.785082
Pepe,Mankey,1,1.7,1.36666667,0.366098464,0.335605323,0.009999925,0.131701171,0.7871114,-0.8766246,0.1260575,0.570975661,-0.213491231,0.6169453,1.29292917,-1.08096778,-0.344400764,1.240459,-1.16852152,0.335605323,0.120879464,0.335605323,-0.226317152,Head,0.7911769
Pepe,Mankey,1,1.7,1.37083328,0.35018158,0.3319884,0.0101422649,0.118181944,0.7552309,-0.8891011,0.129763,0.56772536,-0.218184561,0.58671993,1.26983058,-1.10930073,-0.377687573,1.18563414,-1.186598,0.3319884,0.132009223,0.3319884,-0.221865058,Head,0.7964012
Pepe,Mankey,1,1.7,1.375,0.331067741,0.321067482,0.0103271287,0.105070472,0.72008723,-0.90137583,0.131826758,0.561495245,-0.224321038,0.556358457,1.24574637,-1.13118148,-0.409270525,1.12415516,-1.20775771,0.321067482,0.186250269,0.321067482,-0.421509862,UpperChest,0.800406635
Pepe,Mankey,1,1.7,1.37916672,0.309433579,0.304060221,0.010434946,0.0923627,0.6823696,-0.913421333,0.1322313,0.55278635,-0.231748432,0.525737047,1.22078574,-1.14832115,-0.438860536,1.0571413,-1.23106408,0.304060221,0.110842519,0.304060221,-0.418501854,UpperChest,0.8033465
Pepe,Mankey,1,1.7,1.38333333,0.280191064,0.279741,0.0104657486,0.0800420642,0.6427751,-0.925207555,0.130990922,0.542081833,-0.240317076,0.494749874,1.19489634,-1.16232789,-0.466139674,0.98587805,-1.25564671,0.279741,-0.315387458,0.279741,-0.3784105,RightUpperArm,0.805405438
Pepe,Mankey,1,1.7,1.3875,0.249310076,0.247042641,0.0104106339,0.0680215955,0.601887763,-0.9368373,0.1280973,0.5297368,-0.2500078,0.4633612,1.16780722,-1.1748755,-0.490896821,0.9116791,-1.28086,0.247042641,-0.324437618,0.247042641,-0.3745549,RightUpperArm,0.8067982
Pepe,Mankey,1,1.7,1.39166665,0.218282416,0.21431379,0.0103371888,0.0562804341,0.5604166,-0.9482474,0.123658419,0.5162178,-0.260630876,0.4318148,1.13931692,-1.187417,-0.5129472,0.836105049,-1.306001,0.21431379,-0.319357932,0.21431379,-0.370587677,RightUpperArm,0.8077753
Pepe,Mankey,1,1.7,1.39583337,0.187735185,0.183178753,0.01018459,0.0447967649,0.5191231,-0.9592808,0.117829442,0.5020442,-0.27189216,0.400579453,1.10926247,-1.20126283,-0.5322366,0.7608496,-1.33038735,0.183178753,-0.3155082,0.183178753,-0.367290646,RightUpperArm,0.8086212
Pepe,Mankey,1,1.7,1.4,0.158188477,0.15400742,0.0102261417,0.0334929824,0.478681475,-0.9698702,0.110754132,0.4876541,-0.283574849,0.370283127,1.07738531,-1.21775472,-0.5489069,0.6875689,-1.35354722,0.15400742,0.07389799,0.15400742,-0.7541413,Spine,0.809646547
Pepe,Mankey,1,1.7,1.4041667,0.127833337,0.119844243,0.0103206709,0.022151649,0.436820418,-0.9804005,0.101708412,0.472164422,-0.296030432,0.340301275,1.04273331,-1.23508573,-0.5623642,0.61218816,-1.37833321,0.119844243,0.07027778,0.119844243,-0.754259348,Spine,0.8108975
Pepe,Mankey,1,1.7,1.4083333,0.0858098,0.08346279,0.0103561031,0.0107148886,0.391968966,-0.9911051,0.0902462,0.4547191,-0.3096244,0.309660435,1.00521946,-1.25134373,-0.5720265,0.531466365,-1.4061718,0.08346279,0.06594139,0.08346279,-0.754306555,Spine,0.811953247
Pepe,Mankey,1,1.7,1.4125,0.05034205,0.05034205,0.0103487587,-0.0006789565,0.35659647,-1.00170469,0.0770005,0.446560442,-0.3240439,0.278762043,0.97655946,-1.26756883,-0.5782926,0.459190458,-1.43477869,0.05034205,-0.00144383032,0.05034205,-0.992282748,Hips,0.812587
Pepe,Mankey,1,1.7,1.41666663,0.04786076,0.04786076,0.01031648,-0.0119014382,0.3536801,-1.01194477,0.06267738,0.469456255,-0.3388202,0.248301327,0.978929937,-1.2846694,-0.581775546,0.4198224,-1.46226454,0.04786076,-0.00166574377,0.04786076,-0.996106148,Hips,0.812787235
Pepe,Mankey,1,1.7,1.42083335,0.0438900627,0.0438900627,0.0102734,-0.02283293,0.348800421,-1.02159524,0.0480473042,0.487830579,-0.3533282,0.219262362,0.977101266,-1.30341387,-0.583324432,0.380515546,-1.48717475,0.0438900627,-0.00202333368,0.0438900627,-0.9997376,Hips,0.8127684
Pepe,Mankey,1,1.7,1.425,0.04030276,0.04030276,0.0102281542,-0.03335023,0.343947679,-1.03044009,0.0339421034,0.5025765,-0.366803885,0.192876637,0.9722532,-1.32441783,-0.583996058,0.344858855,-1.50844789,0.04030276,-0.00276496168,0.04030276,-1.00313747,Hips,0.8129411
Pepe,Mankey,1,1.7,1.42916667,0.03354276,0.03354276,0.0101862783,-0.0433236361,0.337542981,-1.03827214,0.0212292671,0.5110741,-0.3783909,0.170514345,0.9619748,-1.34814167,-0.5849916,0.312815458,-1.52533114,0.03354276,-0.08563501,0.03354276,-0.991513431,Hips,0.8138563
Pepe,Mankey,1,1.7,1.43333328,0.0264302269,0.0264302269,0.0101275127,-0.05261022,0.330826759,-1.04488635,0.0107907057,0.5135454,-0.387207836,0.153541982,0.9465842,-1.37488127,-0.587585,0.287066072,-1.53722346,0.0264302269,-0.08789771,0.0264302269,-0.994983256,Hips,0.8161148
Pepe,Mankey,1,1.7,1.4375,0.02092019,0.02092019,0.0100618834,-0.06119424,0.325445265,-1.05031466,0.00277113914,0.51119,-0.392785132,0.142970741,0.927260041,-1.40394521,-0.5917901,0.270579159,-1.54497325,0.02092019,-0.0910783038,0.02092019,-0.9977389,Hips,0.8207641
Pepe,Mankey,1,1.7,1.44166672,0.0162141323,0.0162141323,0.0100094778,-0.0692215,0.3206864,-1.05481958,-0.00349462032,0.504147351,-0.395537883,0.1382947,0.9036301,-1.43404627,-0.5967854,0.261787683,-1.55028844,0.0162141323,-0.095103465,0.0162141323,-0.999869347,Hips,0.8279851
Pepe,Mankey,1,1.7,1.44583333,0.0122850733,0.0122850733,0.0100001255,-0.07677275,0.3166295,-1.058536,-0.008399606,0.493357,-0.396027,0.138385534,0.8759019,-1.464452,-0.602469444,0.258843333,-1.55369043,0.0122850733,-0.09980849,0.0122850733,-1.00164509,Hips,0.8369819
Pepe,Mankey,1,1.7,1.45,0.0091276,0.0091276,0.0100329537,-0.0839209557,0.313354462,-1.06159663,-0.0123711824,0.4797322,-0.394872516,0.1420263,0.8443151,-1.49443507,-0.6086602,0.259925932,-1.55557966,0.0091276,-0.105006404,0.0091276,-1.00333691,Hips,0.846900165
Pepe,Mankey,1,1.7,1.45416665,0.006755272,0.006755272,0.0100592272,-0.0907280445,0.310944438,-1.06412482,-0.0158274174,0.464213818,-0.3926907,0.1479792,0.80922395,-1.52330136,-0.6151546,0.263263375,-1.55634475,0.006755272,-0.110491343,0.006755272,-1.00520837,Hips,0.8568969
Pepe,Mankey,1,1.7,1.45833337,0.00519043673,0.00519043673,0.0100667085,-0.09725177,0.309478968,-1.06623888,-0.0191521645,0.447791576,-0.390054017,0.155052722,0.7711346,-1.55042577,-0.621756554,0.267144054,-1.55643666,0.00519043673,-0.116049007,0.00519043673,-1.00751984,Hips,0.8661935
Pepe,Mankey,1,1.7,1.4625,0.00500006368,0.00500006368,0.01004969,-0.103555024,0.309570432,-1.06805515,-0.0226765871,0.432051182,-0.387464017,0.162152708,0.7312605,-1.57529235,-0.628280163,0.27046302,-1.55639672,0.00500006368,-0.121468872,0.00500006368,-1.01053309,Hips,0.8741132
Pepe,Mankey,1,1.7,1.4666667,0.00554711046,0.00554711046,0.0100737913,-0.109720945,0.310612321,-1.06969261,-0.0266827345,0.417419881,-0.385338545,0.168332458,0.6897605,-1.59752369,-0.6345136,0.270968616,-1.55685878,0.00554711046,-0.126560032,0.00554711046,-1.014516,Hips,0.8800882
Pepe,Mankey,1,1.7,1.4708333,0.007591547,0.007591547,0.0101179639,-0.115604579,0.3133901,-1.07089591,-0.0308966637,0.403285056,-0.3831626,0.174495935,0.645557046,-1.61703682,-0.640476465,0.26993826,-1.55754149,0.007591547,-0.13138327,0.007591547,-1.019602,Hips,0.8842171
Pepe,Mankey,1,1.7,1.475,0.0110464571,0.0110464571,0.0101076523,-0.1210106,0.3177466,-1.07146215,-0.034884572,0.38789022,-0.3805668,0.181245625,0.5970207,-1.63291,-0.6462487,0.269066274,-1.55784822,0.0110464571,-0.136079252,0.0110464571,-1.02562857,Hips,0.886966169
Pepe,Mankey,1,1.7,1.47916663,0.0123118712,0.0123118712,0.0100621823,-0.1258806,0.319954932,-1.07264,-0.0385526419,0.368310452,-0.3791302,0.186800659,0.5624829,-1.63746953,-0.6515845,0.265070856,-1.5590148,0.0123118712,-0.140512392,0.0123118712,-1.03346813,Hips,0.8884166
Pepe,Mankey,1,1.7,1.48333335,0.0139647936,0.0139647936,0.009999933,-0.130373538,0.3224796,-1.07354116,-0.0420179367,0.347839922,-0.378207356,0.191193759,0.5301539,-1.63866282,-0.6564888,0.260843277,-1.56011736,0.0139647936,-0.144766033,0.0139647936,-1.041851,Hips,0.8887006
Pepe,Mankey,1,1.7,1.4875,0.0150838466,0.0147334784,0.0100035686,-0.134583831,0.324314237,-1.07414746,-0.0453335047,0.326326936,-0.377909869,0.193952262,0.497482628,-1.63778973,-0.6609485,0.2557761,-1.56107712,0.0147334784,-0.07942265,0.0147334784,-0.8420246,Spine,0.888029039
Pepe,Mankey,1,1.7,1.49166667,0.0127817411,0.009900932,0.0100720823,-0.138606846,0.3255432,-1.07460093,-0.04856229,0.304716051,-0.378383428,0.194745421,0.465482,-1.63530993,-0.6649952,0.250311077,-1.56195509,0.009900932,-0.08465429,0.009900932,-0.850544155,Spine,0.8867
Pepe,Mankey,1,1.7,1.49583328,0.0150965387,0.0144364489,0.0101324776,-0.142552376,0.335610956,-1.07506466,-0.0517908335,0.2933024,-0.379669577,0.193479,0.4444627,-1.63181138,-0.668721437,0.254211247,-1.56280744,0.0144364489,-0.08979483,0.0144364489,-0.8587469,Spine,0.885097265
Pepe,Mankey,1,1.7,1.5,0.035856165,0.0236534663,0.0101696653,-0.1465432,0.3631818,-1.075722,-0.0551272631,0.3015765,-0.381719381,0.190269768,0.443853855,-1.62797332,-0.672271252,0.276414752,-1.56368935,0.0236534663,-0.07016564,0.0236534663,-0.2424141,Head,0.8836833
Pepe,Mankey,1,1.7,1.50416672,0.0548530146,0.0218660776,0.0101538887,-0.150574923,0.388474256,-1.07647383,-0.05853522,0.3086898,-0.38436535,0.185508549,0.4425945,-1.623805,-0.6758734,0.2966105,-1.564448,0.0218660776,-0.0723753646,0.0218660776,-0.2643071,Head,0.882134557
Pepe,Mankey,1,1.7,1.50833333,0.0770420954,0.0243649036,0.0101112425,-0.154544711,0.4169028,-1.07710969,-0.0619008541,0.318852723,-0.387505025,0.179438,0.4449157,-1.61892366,-0.67952,0.319709837,-1.56496739,0.0243649036,-0.07509098,0.0243649036,-0.287623972,Head,0.879928768
Pepe,Mankey,1,1.7,1.5125,0.09744501,0.0221585166,0.0100611579,-0.158440828,0.443300515,-1.0776614,-0.06523585,0.3274518,-0.3910875,0.172156632,0.446426928,-1.61354637,-0.683054566,0.3408223,-1.56533659,0.0221585166,-0.0468343422,0.0221585166,-0.240972862,Head,0.8773054
Pepe,Mankey,1,1.7,1.51666665,0.115055442,0.01923228,0.0100427484,-0.162255645,0.466489255,-1.07816947,-0.0685448647,0.333960146,-0.3949798,0.163870811,0.4466468,-1.60798454,-0.6863526,0.3590272,-1.56563652,0.01923228,-0.0485853851,0.01923228,-0.266041845,Head,0.874553144
Pepe,Mankey,1,1.7,1.52083337,0.12957184,0.016299542,0.015859725,-0.165985227,0.4860126,-1.07868266,-0.07185078,0.338453323,-0.399018019,0.154868424,0.445730537,-1.60262537,-0.6893203,0.3741077,-1.56593883,0.016299542,-0.05091654,0.016299542,-0.290134132,Head,0.872003436
Pepe,Mankey,1,1.7,1.525,0.140821666,0.0134990085,0.01680466,-0.169630647,0.501556933,-1.07925594,-0.07517505,0.341162235,-0.402992278,0.145490825,0.443894923,-1.59790945,-0.691887856,0.385973454,-1.5663029,0.0134990085,-0.0537930354,0.0134990085,-0.31212613,Head,0.870018
Pepe,Mankey,1,1.7,1.5291667,0.148703784,0.0109038688,0.0158683211,-0.1731925,0.5128895,-1.07994962,-0.07853782,0.342381358,-0.406669647,0.136104226,0.441377074,-1.594307,-0.694,0.39460817,-1.56677818,0.0109038688,-0.0571545623,0.0109038688,-0.330890834,Head,0.868981361
Pepe,Mankey,1,1.7,1.5333333,0.153053164,0.008451631,0.0149305183,-0.176673055,0.519716263,-1.08082473,-0.081954,0.342333585,-0.4098123,0.127065,0.43832,-1.59229493,-0.695608258,0.39993456,-1.56739986,0.008451631,-0.06091866,0.008451631,-0.345334619,Head,0.869278
Pepe,Mankey,1,1.7,1.5375,0.154171929,0.006376508,0.0140731586,-0.18009007,0.5222788,-1.08190548,-0.08539629,0.34157145,-0.41224578,0.118436813,0.4349185,-1.59224892,-0.696805358,0.4022915,-1.5680542,0.006376508,-0.06495192,0.006376508,-0.3547702,Head,0.8711234
Pepe,Mankey,1,1.7,1.54166663,0.152996913,0.004999982,0.0133993179,-0.183466434,0.5216494,-1.08316207,-0.08882046,0.340765029,-0.414002925,0.110102832,0.4315721,-1.59410119,-0.6977447,0.4025698,-1.56860161,0.004999982,-0.069122605,0.004999982,-0.359680384,Head,0.874325931
Pepe,Mankey,1,1.7,1.54583335,0.151082188,0.005269535,0.0128837675,-0.186809778,0.519531,-1.08456337,-0.09221208,0.3410748,-0.415195435,0.102064729,0.429524928,-1.5976088,-0.6984519,0.402287662,-1.56903219,0.005269535,-0.0733591,0.005269535,-0.36082226,Head,0.878625453
Pepe,Mankey,1,1.7,1.55,0.148341477,0.006598373,0.0125019979,-0.190122843,0.515976369,-1.08607531,-0.09555721,0.342023522,-0.4159625,0.09428257,0.428426445,-1.60248971,-0.6989397,0.4013215,-1.56934214,0.006598373,-0.07761169,0.006598373,-0.358997,Head,0.883737147
Pepe,Mankey,1,1.7,1.55416667,0.143897384,0.00765836658,0.0122389859,-0.193407178,0.5102458,-1.08766234,-0.09884715,0.342344254,-0.416450649,0.08670372,0.427166641,-1.6084373,-0.699213743,0.398751736,-1.56953824,0.00765836658,-0.08185252,0.00765836658,-0.355020732,Head,0.8893765
Pepe,Mankey,1,1.7,1.55833328,0.138198718,0.008453637,0.0120765148,-0.1966623,0.5029285,-1.08929121,-0.102081537,0.3420988,-0.416802853,0.0792790651,0.425978541,-1.61513281,-0.6992812,0.394978672,-1.56963944,0.008453637,-0.08607708,0.008453637,-0.349706769,Head,0.8952671
Pepe,Mankey,1,1.7,1.5625,0.131681979,0.008951473,0.01200802,-0.199887276,0.4946087,-1.09093213,-0.105267406,0.341338158,-0.417146176,0.07198256,0.425091743,-1.62225556,-0.6991533,0.3903839,-1.5696758,0.008951473,-0.09030117,0.008951473,-0.3438503,Head,0.9011493
Pepe,Mankey,1,1.7,1.56666672,0.124810129,0.00910681952,0.01186406,-0.203081608,0.485905677,-1.09256148,-0.108425021,0.340144128,-0.41759,0.06482166,0.42476204,-1.62949419,-0.6988449,0.385368377,-1.56969512,0.00910681952,-0.0945640355,0.00910681952,-0.3382219,Head,0.9067897
Pepe,Mankey,1,1.7,1.57083333,0.1177163,0.009815992,0.011622292,-0.206227183,0.47672978,-1.09420741,-0.111568809,0.33920604,-0.4180126,0.0577873,0.425958842,-1.63726449,-0.6983439,0.380172819,-1.56957769,0.009815992,-0.098901026,0.009815992,-0.3318803,Head,0.9125567
Pepe,Mankey,1,1.7,1.575,0.109618276,0.01121127,0.0114222988,-0.209311128,0.466030031,-1.09590268,-0.11465919,0.338332236,-0.418325931,0.0507307649,0.428552061,-1.64588666,-0.6976073,0.374119252,-1.56919861,0.01121127,-0.103245363,0.01121127,-0.323780775,Head,0.9187667
Pepe,Mankey,1,1.7,1.57916665,0.09995909,0.0124085667,0.011258143,-0.212341666,0.453350246,-1.09762871,-0.117650509,0.3366397,-0.41865328,0.04349786,0.43147853,-1.6549232,-0.696621537,0.3665869,-1.56860769,0.0124085667,-0.107509829,0.0124085667,-0.3144975,Head,0.925143838
Pepe,Mankey,1,1.7,1.58333337,0.08905679,0.0133694233,0.0111256642,-0.215328217,0.4391198,-1.099373,-0.120505691,0.334124833,-0.419099659,0.0359757543,0.4345191,-1.663976,-0.6953802,0.357830435,-1.56787133,0.0133694233,-0.111620367,0.0133694233,-0.304582864,Head,0.93143785
Pepe,Mankey,1,1.7,1.5875,0.0772589,0.0140442206,0.0110208383,-0.218279958,0.4238102,-1.10112321,-0.123198748,0.330818534,-0.419740647,0.0281078219,0.43744275,-1.67270851,-0.6938832,0.348140419,-1.567064,0.0140442206,-0.115519844,0.0140442206,-0.294552058,Head,0.9374343
Pepe,Mankey,1,1.7,1.5916667,0.0649500638,0.0143754231,0.01095354,-0.2212081,0.4079417,-1.10287046,-0.125716925,0.3267969,-0.420619935,0.0199022889,0.440014273,-1.68086457,-0.6921425,0.3378455,-1.56627488,0.0143754231,-0.119168781,0.0143754231,-0.284873843,Head,0.9429547
Pepe,Mankey,1,1.7,1.5958333,0.05256266,0.0143064884,0.0109018935,-0.224123955,0.39209497,-1.10460675,-0.128056526,0.322192639,-0.42174688,0.0114371777,0.442009866,-1.68828011,-0.6901778,0.3273263,-1.56560421,0.0143064884,-0.12254332,0.0143064884,-0.2759633,Head,0.9478569
Pepe,Mankey,1,1.7,1.6,0.040572945,0.0137864342,0.010808358,-0.227043033,0.376903862,-1.106325,-0.130226851,0.317193538,-0.423101157,0.002853334,0.44322592,-1.69488645,-0.6880207,0.31701377,-1.56516552,0.0137864342,-0.125638083,0.0137864342,-0.268181264,Head,0.952033162
Pepe,Mankey,1,1.7,1.60416663,0.0292791985,0.0131811071,0.0106822532,-0.229941964,0.362491518,-1.108039,-0.132361174,0.312520325,-0.4246243,-0.00568711758,0.444560766,-1.70079589,-0.6858275,0.307280362,-1.56471336,0.0131811071,-0.09318455,0.0131811071,-0.305858463,Head,0.9558246
Pepe,Mankey,1,1.7,1.60833335,0.0186211728,0.012785051,0.0106606111,-0.232798219,0.348578781,-1.10976267,-0.134516954,0.308573753,-0.426298052,-0.0141964555,0.4468283,-1.7061348,-0.6836406,0.298137039,-1.5640471,0.012785051,-0.09616067,0.012785051,-0.298697144,Head,0.9595048
Pepe,Mankey,1,1.7,1.6125,0.011799735,0.008366244,0.0106418664,-0.235624075,0.338473439,-1.11149371,-0.136599422,0.3083327,-0.428128868,-0.0227471,0.452935427,-1.71094871,-0.681332,0.292747051,-1.56335282,0.008366244,-0.212482631,0.008366244,-0.895245135,Spine,0.9629067
Pepe,Mankey,1,1.7,1.61666667,0.0126370136,0.008028654,0.0105627067,-0.238429546,0.3361142,-1.11323178,-0.1385194,0.3154063,-0.430102855,-0.0314046741,0.4664087,-1.71532774,-0.6787797,0.294910342,-1.56281662,0.008028654,-0.215656757,0.008028654,-0.893641233,Spine,0.9658921
Pepe,Mankey,1,1.7,1.62083328,0.013271057,0.00758811273,0.0105026728,-0.241221189,0.333763123,-1.1149801,-0.140192986,0.3217281,-0.432191223,-0.0402292,0.4790878,-1.719404,-0.6758678,0.296757519,-1.56262755,0.00758811273,-0.218551859,0.00758811273,-0.8923463,Spine,0.9683492
Pepe,Mankey,1,1.7,1.625,0.0136538735,0.007046476,0.0104604652,-0.244004965,0.331502,-1.11674237,-0.141542554,0.32705313,-0.4343486,-0.0492716432,0.4906222,-1.72334886,-0.6724844,0.29824385,-1.56297052,0.007046476,-0.221073836,0.007046476,-0.891484261,Spine,0.970188141
Pepe,Mankey,1,1.7,1.62916672,0.0137346461,0.006403011,0.0104341563,-0.246786237,0.329411834,-1.11852455,-0.1424936,0.331138432,-0.4365227,-0.05857414,0.500653565,-1.72736263,-0.668519139,0.299331456,-1.56403017,0.006403011,-0.223129168,0.006403011,-0.891180933,Spine,0.971327
Pepe,Mankey,1,1.7,1.63333333,0.0134806717,0.00567448651,0.010428044,-0.2495724,0.3275905,-1.12033236,-0.142972827,0.333761126,-0.438658148,-0.06816286,0.508827,-1.73166418,-0.6638621,0.300008148,-1.56598425,0.00567448651,-0.224629283,0.00567448651,-0.89156127,Spine,0.971681237
Pepe,Mankey,1,1.7,1.6375,0.012993658,0.005007801,0.0104077123,-0.2524253,0.326261669,-1.12219739,-0.142964244,0.334847063,-0.440737039,-0.0780081749,0.5150717,-1.73652434,-0.658287048,0.300342053,-1.56905746,0.005007801,-0.225526929,0.005007801,-0.892781258,Spine,0.9711611
Pepe,Mankey,1,1.7,1.64166665,0.0128978537,0.00500004273,0.0103569208,-0.255370975,0.325981766,-1.124133,-0.142549515,0.335144252,-0.4427738,-0.0879645348,0.5201664,-1.74196672,-0.651811838,0.300977826,-1.57314551,0.00500004273,-0.22590512,0.00500004273,-0.894792736,Spine,0.969834864
Pepe,Mankey,1,1.7,1.64583337,0.0131512256,0.00554817729,0.0103083,-0.2583685,0.3265461,-1.12611592,-0.141798258,0.334895641,-0.4447793,-0.09787452,0.5242409,-1.74782133,-0.6446841,0.301958144,-1.577938,0.00554817729,-0.225876883,0.00554817729,-0.897416055,Spine,0.967816532
Pepe,Mankey,1,1.7,1.65,0.0131551307,0.00599183468,0.0102833537,-0.261376143,0.32719174,-1.12811947,-0.140786886,0.333673179,-0.446765631,-0.107603431,0.5268897,-1.75389624,-0.6371511,0.302739829,-1.58313906,0.00599183468,-0.225550517,0.00599183468,-0.9004684,Spine,0.9652158
Pepe,Mankey,1,1.7,1.6541667,0.012958386,0.006318835,0.0101743024,-0.2643473,0.327807516,-1.13011777,-0.139579654,0.331810743,-0.448745161,-0.117050469,0.52838707,-1.759995,-0.6294637,0.30340156,-1.58847475,0.006318835,-0.225026354,0.006318835,-0.90376544,Spine,0.9621481
Pepe,Mankey,1,1.7,1.6583333,0.0126127265,0.006521194,0.0100513361,-0.2672274,0.328292,-1.13208365,-0.138241053,0.3296096,-0.450718075,-0.1261583,0.5290431,-1.76592517,-0.6218771,0.3039996,-1.59369206,0.006521194,-0.224392936,0.006521194,-0.907117665,Spine,0.9587512
Pepe,Mankey,1,1.7,1.6625,0.0121664787,0.006589517,0.010000213,-0.26995492,0.328549922,-1.13399172,-0.136835456,0.327372849,-0.452673167,-0.134916842,0.529195845,-1.77150249,-0.6146476,0.304563582,-1.59856331,0.006589517,-0.223727092,0.006589517,-0.9103339,Spine,0.9551896
Pepe,Mankey,1,1.7,1.66666663,0.0116666779,0.00651541,0.010093959,-0.272457719,0.328493685,-1.13581669,-0.13542521,0.3254079,-0.454585344,-0.143351972,0.5292122,-1.77654934,-0.608029842,0.3051081,-1.6028825,0.00651541,-0.223091111,0.00651541,-0.9132192,Spine,0.951657653
Pepe,Mankey,1,1.7,1.67083335,0.0114002982,0.0066543,0.0103315273,-0.274787784,0.328570634,-1.1375978,-0.133836269,0.32367292,-0.456480473,-0.1516521,0.529428661,-1.78126073,-0.6015694,0.305899531,-1.60709548,0.0066543,-0.22230415,0.0066543,-0.9160169,Spine,0.9478768
Pepe,Mankey,1,1.7,1.675,0.011308034,0.00702450331,0.01060677,-0.277035475,0.328908473,-1.13937187,-0.131935954,0.321714759,-0.4583951,-0.159886837,0.529509366,-1.78590024,-0.594817758,0.3068383,-1.61160135,0.00702450331,-0.221231014,0.00702450331,-0.9190135,Spine,0.9434968
Pepe,Mankey,1,1.7,1.67916667,0.0110727847,0.007270447,0.01083868,-0.27918148,0.329106659,-1.14111233,-0.129845619,0.319382876,-0.460310131,-0.167938828,0.5290015,-1.79040408,-0.588040352,0.30753535,-1.61616564,0.007270447,-0.219990373,0.007270447,-0.922077835,Spine,0.9386428
Pepe,Mankey,1,1.7,1.68333328,0.0107252588,0.00738654332,0.0110306889,-0.281202555,0.329120845,-1.14279449,-0.1276877,0.3168773,-0.462197036,-0.175701618,0.527819633,-1.79471409,-0.581512332,0.307950228,-1.62057066,0.00738654332,-0.218693763,0.00738654332,-0.925078,Spine,0.933464348
Pepe,Mankey,1,1.7,1.6875,0.0102911172,0.00736463256,0.0111827031,-0.283071041,0.328910261,-1.14439464,-0.125585914,0.314396977,-0.46401754,-0.183075309,0.5258942,-1.79877734,-0.575513244,0.3080422,-1.624622,0.00736463256,-0.21744521,0.00736463256,-0.9278806,Spine,0.928137064
Pepe,Mankey,1,1.7,1.69166672,0.00979703851,0.007200003,0.011286837,-0.2847545,0.3284427,-1.14589107,-0.123659015,0.312145442,-0.465725154,-0.189971566,0.523173034,-1.80254364,-0.570330858,0.30777806,-1.62813807,0.007200003,-0.216338873,0.007200003,-0.930350959,Spine,0.922865748
Pepe,Mankey,1,1.7,1.69583333,0.009265991,0.006886936,0.0113306195,-0.286219478,0.327689916,-1.14726341,-0.122029185,0.310325652,-0.467267543,-0.19630444,0.5196172,-1.80596292,-0.566255,0.3071381,-1.63095438,0.006886936,-0.215466142,0.006886936,-0.932354569,Spine,0.9178836
Pepe,Mankey,1,1.7,1.7,0.008719965,0.006421043,0.0112875495,-0.2874303,0.326626927,-1.14849138,-0.120816112,0.3091421,-0.468589336,-0.201991439,0.5151982,-1.80898249,-0.563573,0.306121975,-1.63291085,0.006421043,-0.214914456,0.006421043,-0.9337563,Spine,0.9134408
Pepe,Mankey,1,1.7,1.70416665,0.008280025,0.00592077058,0.0112986909,-0.288341641,0.325372428,-1.14955533,-0.120060921,0.30876404,-0.469639152,-0.206996322,0.5100224,-1.81151,-0.562529564,0.3048221,-1.63396466,0.00592077058,-0.214685276,0.00592077058,-0.934497058,Spine,0.9096214
Pepe,Mankey,1,1.7,1.70833337,0.008064331,0.005534102,0.0114301806,-0.288959861,0.324103445,-1.1504674,-0.119665384,0.309162974,-0.4704327,-0.211412668,0.504319,-1.81355107,-0.562947869,0.303401917,-1.63430345,0.005534102,-0.214678645,0.005534102,-0.9346776,Spine,0.906271935
Pepe,Mankey,1,1.7,1.7125,0.008008421,0.005219548,0.0115184262,-0.289332271,0.322799474,-1.15125275,-0.11953795,0.310164273,-0.471020371,-0.215347648,0.498158872,-1.815195,-0.5644884,0.301907122,-1.63409352,0.005219548,-0.2148371,0.005219548,-0.934401453,Spine,0.9032904
Pepe,Mankey,1,1.7,1.7166667,0.00829453,0.0051812036,0.01162322,-0.289507747,0.321683645,-1.15193677,-0.11958766,0.31183973,-0.47145614,-0.2189014,0.491846532,-1.81653142,-0.566812754,0.300621927,-1.63349164,0.0051812036,-0.215105474,0.0051812036,-0.9337732,Spine,0.9005654
Pepe,Mankey,1,1.7,1.7208333,0.00874516,0.005262331,0.0117232157,-0.28953445,0.3206176,-1.152544,-0.119723558,0.313900173,-0.471792549,-0.22217083,0.48531577,-1.81765139,-0.569582462,0.299454272,-1.63265157,0.005262331,-0.215430021,0.005262331,-0.932896852,Spine,0.8979805
Pepe,Mankey,1,1.7,1.725,0.009137714,0.0052602333,0.0118177077,-0.289460421,0.319417328,-1.15310061,-0.119856954,0.316010058,-0.4720821,-0.225257754,0.478443265,-1.81865573,-0.572463632,0.298242629,-1.631733,0.0052602333,-0.215756238,0.0052602333,-0.9318776,Spine,0.8954071
Pepe,Mankey,1,1.7,1.72916663,0.008219618,0.005173592,0.0119105242,-0.2893306,0.31810087,-1.15363276,-0.119898081,0.3180353,-0.472373,-0.228266478,0.4713012,-1.8196516,-0.5751244,0.2969993,-1.63090026,0.005173592,-0.216026545,0.005173592,-0.930819869,Spine,0.8927191
Pepe,Mankey,1,1.7,1.73333335,0.00730444631,0.005155292,0.0120043587,-0.28918767,0.316841334,-1.15416908,-0.119755864,0.31999585,-0.4727125,-0.231306434,0.464107841,-1.82075441,-0.5772369,0.295857579,-1.63032568,0.005155292,-0.2161791,0.005155292,-0.929829836,Spine,0.8897799
Pepe,Mankey,1,1.7,1.7375,0.00656248955,0.00524555426,0.01197073,-0.288974762,0.31566,-1.15467381,-0.1194706,0.3220424,-0.47305125,-0.2343309,0.4567624,-1.82191586,-0.5789517,0.294825524,-1.62991381,0.00524555426,-0.2162125,0.00524555426,-0.9288196,Spine,0.8865726
Pepe,Mankey,1,1.7,1.74166667,0.00601728959,0.00547707966,0.0119169652,-0.2886263,0.31456092,-1.1551044,-0.119145155,0.32438162,-0.473326951,-0.237225533,0.4491837,-1.82299566,-0.5806395,0.2939419,-1.62946284,0.00547707966,-0.216183916,0.00547707966,-0.927651644,Spine,0.883209944
Pepe,Mankey,1,1.7,1.74583328,0.00597669976,0.00597669976,0.01201074,-0.288171649,0.313845515,-1.15547919,-0.118785977,0.327272177,-0.473563939,-0.239997625,0.441762149,-1.82397687,-0.582307458,0.2935133,-1.62899077,0.00597669976,-0.312768459,0.00597669976,-1.12378383,Hips,0.879756331
Pepe,Mankey,1,1.7,1.75,0.005904621,0.005904621,0.012220501,-0.287640452,0.312974751,-1.15581465,-0.118398905,0.3301315,-0.4737841,-0.242652655,0.4340436,-1.82484519,-0.5839635,0.2930048,-1.62851191,0.005904621,-0.3163946,0.005904621,-1.12012255,Hips,0.876282156
Pepe,Mankey,1,1.7,1.75416672,0.00580545142,0.00580545142,0.0125195468,-0.287062168,0.311954677,-1.15612841,-0.1179868,0.3329216,-0.474009454,-0.245192766,0.426114231,-1.82559013,-0.585616946,0.292424679,-1.62804222,0.00580545142,-0.3200226,0.00580545142,-1.1163913,Hips,0.872861
Pepe,Mankey,1,1.7,1.75833333,0.005683522,0.005683522,0.012881333,-0.2864666,0.3107956,-1.15643668,-0.117551923,0.335606635,-0.474258751,-0.247617245,0.418058544,-1.82620764,-0.587277651,0.291783333,-1.627596,0.005683522,-0.3236205,0.005683522,-1.11263037,Hips,0.8695724
Pepe,Mankey,1,1.7,1.7625,0.00554362871,0.00554362871,0.0132874213,-0.285884023,0.3095128,-1.15675688,-0.117095709,0.338156343,-0.4745512,-0.249923348,0.4099606,-1.826695,-0.588955641,0.291093826,-1.62718832,0.00554362871,-0.32715708,0.00554362871,-1.10888112,Hips,0.8664992
Pepe,Mankey,1,1.7,1.76666665,0.0064861346,0.0064861346,0.0137270046,-0.285343766,0.309221536,-1.15710568,-0.116616845,0.341640234,-0.474904567,-0.2521037,0.402998865,-1.82705534,-0.590664744,0.291466266,-1.626832,0.0064861346,-0.330599576,0.0064861346,-1.10518289,Hips,0.8637243
Pepe,Mankey,1,1.7,1.77083337,0.006700106,0.006700106,0.0130220223,-0.284835577,0.309176117,-1.15746737,-0.116172671,0.345351517,-0.475289375,-0.2541349,0.39622736,-1.82732248,-0.592386246,0.292111576,-1.62650073,0.006700106,-0.253254771,0.006700106,-1.12015736,Hips,0.861012161
Pepe,Mankey,1,1.7,1.775,0.00660779746,0.00660779746,0.0117489276,-0.284326434,0.309031576,-1.15781891,-0.115786314,0.3490076,-0.475676984,-0.2560147,0.389145166,-1.82750916,-0.5940988,0.292673945,-1.6261704,0.00660779746,-0.256762773,0.00660779746,-1.1170609,Hips,0.858183146
Pepe,Mankey,1,1.7,1.7791667,0.006513528,0.006513528,0.0123074381,-0.28381443,0.3087876,-1.15816236,-0.115401506,0.3525915,-0.476082683,-0.257766843,0.381873757,-1.82758617,-0.595807552,0.29319346,-1.62585759,0.006513528,-0.2602572,0.006513528,-1.11392939,Hips,0.855423152
Pepe,Mankey,1,1.7,1.7833333,0.00641835155,0.00641835155,0.0126702534,-0.2832985,0.308445364,-1.15850282,-0.114964485,0.356087744,-0.4765217,-0.2594099,0.374536842,-1.82752979,-0.597520351,0.293709755,-1.62558115,0.00641835155,-0.2637343,0.00641835155,-1.11077392,Hips,0.8529221
Pepe,Mankey,1,1.7,1.7875,0.006322018,0.006322018,0.0128774364,-0.282778859,0.308004767,-1.15884328,-0.11441648,0.359478235,-0.477009952,-0.260959744,0.367257982,-1.82731986,-0.5992452,0.294260353,-1.62535691,0.006322018,-0.267190069,0.006322018,-1.10760236,Hips,0.850876749
Pepe,Mankey,1,1.7,1.79166663,0.00622489536,0.00622489536,0.0129213631,-0.282255054,0.307466656,-1.15918708,-0.113697886,0.362742782,-0.477561235,-0.262423754,0.360160023,-1.82693839,-0.6009879,0.294882268,-1.62520146,0.00622489536,-0.2706191,0.00622489536,-1.104423,Hips,0.8494847
Pepe,Mankey,1,1.7,1.79583335,0.006126584,0.006126584,0.0115375314,-0.281728745,0.306831419,-1.1595372,-0.11274755,0.365861624,-0.478189677,-0.263807535,0.353362858,-1.82637322,-0.6027578,0.295609444,-1.6251297,0.006126584,-0.2740169,0.006126584,-1.10124278,Hips,0.8489461
Pepe,Mankey,1,1.7,1.8,0.006135709,0.006135709,0.0100567155,-0.281201839,0.30620864,-1.15989685,-0.111504316,0.368920565,-0.4789097,-0.26511097,0.347096175,-1.82561421,-0.604563236,0.296585768,-1.62515736,0.006135709,-0.277378,0.006135709,-1.09806848,Hips,0.8494529
Pepe,Mankey,1,1.7,1.80416667,0.006185065,0.006185065,0.0100003574,-0.280604482,0.305477142,-1.160309,-0.109888554,0.372397661,-0.479824841,-0.2664529,0.341168344,-1.82479477,-0.606435537,0.2977173,-1.62519956,0.006185065,-0.280535042,0.006185065,-1.09469354,Hips,0.85053587
Pepe,Mankey,1,1.7,1.80833328,0.00613572728,0.00613572728,0.010085877,-0.2799133,0.304467469,-1.16078067,-0.107923269,0.3763954,-0.4809724,-0.267849684,0.335256755,-1.823985,-0.6083561,0.2988229,-1.62521374,0.00613572728,-0.283422649,0.00613572728,-1.09101689,Hips,0.8517961
Pepe,Mankey,1,1.7,1.8125,0.00649624737,0.00649624737,0.0101757608,-0.2791971,0.303729653,-1.16126859,-0.105695486,0.380944341,-0.482264251,-0.2691642,0.329900682,-1.8230859,-0.6102755,0.3004176,-1.62527132,0.00649624737,-0.286187023,0.00649624737,-1.08721077,Hips,0.8535325
Pepe,Mankey,1,1.7,1.81666672,0.007150136,0.007150136,0.0102008078,-0.278520823,0.303698868,-1.161734,-0.10328722,0.38596034,-0.4836018,-0.270280957,0.325517356,-1.822007,-0.6121676,0.302889317,-1.62543368,0.007150136,-0.208634481,0.007150136,-1.10369277,Hips,0.8560512
Pepe,Mankey,1,1.7,1.82083333,0.006852759,0.006852759,0.0101527721,-0.277944446,0.3035681,-1.16214573,-0.100776792,0.3901172,-0.484878033,-0.271103859,0.321275473,-1.82066011,-0.6140276,0.305373371,-1.62575233,0.006852759,-0.211743474,0.006852759,-1.10073328,Hips,0.859655738
Pepe,Mankey,1,1.7,1.825,0.00647658855,0.00647658855,0.010181481,-0.277523518,0.303403735,-1.16247785,-0.0982447863,0.3929614,-0.485978037,-0.271551728,0.317208171,-1.81896114,-0.615871668,0.307873845,-1.62626982,0.00647658855,-0.215164334,0.00647658855,-1.09813774,Hips,0.8646407
Pepe,Mankey,1,1.7,1.82916665,0.006018088,0.006018088,0.0104542421,-0.2773074,0.3032709,-1.16271007,-0.09578133,0.394036561,-0.486783028,-0.271556377,0.313339084,-1.816826,-0.6177294,0.310387135,-1.62702024,0.006018088,-0.219029516,0.006018088,-1.09608817,Hips,0.871264458
Pepe,Mankey,1,1.7,1.83333337,0.00548279146,0.00548279146,0.0102017727,-0.277338147,0.303242266,-1.16282415,-0.09349859,0.392891675,-0.4871772,-0.271052957,0.3096875,-1.814163,-0.619634748,0.31291464,-1.62803173,0.00548279146,-0.223469749,0.00548279146,-1.09476876,Hips,0.879731238
Pepe,Mankey,1,1.7,1.8375,0.0049998844,0.0049998844,0.0100000789,-0.277602315,0.303476334,-1.16284037,-0.09152973,0.389357656,-0.487104028,-0.2699722,0.3061915,-1.81093359,-0.6215824,0.3155583,-1.62929785,0.0049998844,-0.228539079,0.0049998844,-1.09429371,Hips,0.8899491
Pepe,Mankey,1,1.7,1.8416667,0.005023867,0.005023867,0.0103948954,-0.27802527,0.304371178,-1.16279685,-0.08990228,0.3841774,-0.4866562,-0.268383265,0.303145617,-1.80718672,-0.6235632,0.318736374,-1.63076067,0.005023867,-0.234116271,0.005023867,-1.09455287,Hips,0.9014173
Pepe,Mankey,1,1.7,1.8458333,0.005461322,0.005461322,0.0106950579,-0.2785567,0.3057659,-1.1626997,-0.08859789,0.377675027,-0.4859508,-0.266419172,0.300507933,-1.80296063,-0.6255908,0.322340161,-1.63237679,0.005461322,-0.240075171,0.005461322,-1.09539151,Hips,0.9136465
Pepe,Mankey,1,1.7,1.85,0.00582597125,0.00582597125,0.0107330354,-0.279153228,0.307108849,-1.162552,-0.08758664,0.369784147,-0.4851009,-0.264186621,0.2978486,-1.79829884,-0.6276685,0.325874656,-1.63411152,0.00582597125,-0.246295691,0.00582597125,-1.09665012,Hips,0.9261598
Pepe,Mankey,1,1.7,1.85416663,0.00611176761,0.00611176761,0.0105252219,-0.279780149,0.30833438,-1.16235971,-0.08682144,0.3609256,-0.484213382,-0.261774421,0.2952313,-1.79325855,-0.6297991,0.3293381,-1.63593686,0.00611176761,-0.25266543,0.00611176761,-1.09817,Hips,0.93851006
Pepe,Mankey,1,1.7,1.85833335,0.006309323,0.006309323,0.0106373979,-0.28041327,0.30938217,-1.16213238,-0.08622682,0.351520151,-0.4833856,-0.259254932,0.292727828,-1.78791273,-0.631991148,0.332743049,-1.63783324,0.006309323,-0.2590843,0.006309323,-1.09979486,Hips,0.9503046
Pepe,Mankey,1,1.7,1.8625,0.006408813,0.006408813,0.0116486214,-0.281038523,0.310201049,-1.16188121,-0.08569932,0.341992617,-0.482698917,-0.256684542,0.290424228,-1.78234875,-0.6342592,0.3361212,-1.63978124,0.006408813,-0.26546222,0.006408813,-1.10136926,Hips,0.961208642
Pepe,Mankey,1,1.7,1.86666667,0.006401741,0.006401741,0.0121328048,-0.281653523,0.31075114,-1.161621,-0.08510077,0.332764626,-0.4822224,-0.254112959,0.2884215,-1.77666867,-0.6366278,0.339526922,-1.64176583,0.006401741,-0.271723658,0.006401741,-1.102741,Hips,0.9709629
Pepe,Mankey,1,1.7,1.87083328,0.006478285,0.006478285,0.0117002446,-0.282349348,0.311267644,-1.16132426,-0.08477664,0.323430121,-0.481811076,-0.251037717,0.287147254,-1.77065134,-0.6391051,0.343332231,-1.64390039,0.006478285,-0.2782077,0.006478285,-1.10405016,Hips,0.979741633
Pepe,Mankey,1,1.7,1.875,0.006722969,0.006722969,0.011015,-0.283165216,0.311867982,-1.16098249,-0.08511484,0.313405126,-0.481351346,-0.247127771,0.286539137,-1.76409006,-0.6416229,0.3476439,-1.64627838,0.006722969,-0.285144627,0.006722969,-1.10551512,Hips,0.98728615
Pepe,Mankey,1,1.7,1.87916672,0.00696600974,0.00696600974,0.0101473667,-0.284032,0.312349737,-1.16063643,-0.08598101,0.302852362,-0.480941027,-0.242709517,0.286026955,-1.757125,-0.644111753,0.352134883,-1.64884365,0.00696600974,-0.292301983,0.00696600974,-1.10709739,Hips,0.99287957
Pepe,Mankey,1,1.7,1.88333333,0.007185018,0.007185018,0.009999991,-0.284883738,0.312673062,-1.1603235,-0.08718133,0.292088747,-0.48067,-0.238133311,0.285279483,-1.7499187,-0.6465199,0.35663107,-1.65153635,0.007185018,-0.299442977,0.007185018,-1.10875714,Hips,0.996030748
Pepe,Mankey,1,1.7,1.8875,0.00735742366,0.00735742366,0.0106835356,-0.285660863,0.312814355,-1.16007125,-0.08846414,0.281426221,-0.480612844,-0.2337687,0.284062266,-1.74265242,-0.6488197,0.360971451,-1.65428054,0.00735742366,-0.306335181,0.00735742366,-1.110446,Hips,0.9965158
Pepe,Mankey,1,1.7,1.89166665,0.0105436817,0.009685205,0.0114437127,-0.286307573,0.315848738,-1.15989876,-0.08951044,0.274226159,-0.480837762,-0.229994416,0.285321,-1.73552942,-0.6510061,0.368090123,-1.65698814,0.009685205,-0.197587818,0.009685205,-0.9437571,Spine,0.9943934
Pepe,Mankey,1,1.7,1.89583337,0.0247704647,0.01850733,0.0117543014,-0.286776185,0.331594527,-1.15981841,-0.08997631,0.280621558,-0.481392473,-0.227190256,0.298818082,-1.728773,-0.6531006,0.387668282,-1.6595583,0.01850733,-0.00483404566,0.01850733,-0.31024605,Head,0.989998639
Pepe,Mankey,1,1.7,1.9,0.03496551,0.01740552,0.0113105737,-0.2871685,0.3459409,-1.15992975,-0.08959854,0.286722422,-0.482428,-0.224182367,0.31256184,-1.72272229,-0.6552912,0.405461758,-1.6619724,0.01740552,-0.0153586157,0.01740552,-0.3175009,Head,0.9839145
Pepe,Mankey,1,1.7,1.9041667,0.0450057238,0.0168915521,0.011026185,-0.2875805,0.359531224,-1.16013741,-0.0887334347,0.2926115,-0.483778536,-0.220585108,0.327317,-1.71717286,-0.6576854,0.4222361,-1.66421866,0.0168915521,-0.0250788759,0.0168915521,-0.325125515,Head,0.9762448
Pepe,Mankey,1,1.7,1.9083333,0.0544668734,0.0159013383,0.0112249823,-0.287910819,0.372174829,-1.16025913,-0.0876721144,0.297589868,-0.485184133,-0.217921376,0.340334773,-1.71173513,-0.6601193,0.4379961,-1.66625392,0.0159013383,-0.0350898281,0.0159013383,-0.333096027,Head,0.9667004
Pepe,Mankey,1,1.7,1.9125,0.06335396,0.0148776537,0.0107039474,-0.2881521,0.383791864,-1.16036844,-0.08618665,0.301855117,-0.486758262,-0.2161851,0.351777583,-1.70655036,-0.6625768,0.452637821,-1.66811275,0.0148776537,-0.04473313,0.0148776537,-0.341260433,Head,0.9555723
Pepe,Mankey,1,1.7,1.91666663,0.072814256,0.0150081441,0.0099997,-0.2883203,0.39548108,-1.16053188,-0.08403337,0.306761,-0.488612473,-0.215388775,0.362976,-1.701748,-0.6650748,0.467225641,-1.66982079,0.0150081441,-0.00725917052,0.0150081441,-0.341539055,Head,0.9433374
Pepe,Mankey,1,1.7,1.92083335,0.0807862058,0.0130698532,0.0101200556,-0.288339853,0.405167133,-1.16080189,-0.08084321,0.310462683,-0.490852177,-0.215449452,0.3720783,-1.697435,-0.667546034,0.4796431,-1.67138493,0.0130698532,-0.0137677416,0.0130698532,-0.35048458,Head,0.930639
Pepe,Mankey,1,1.7,1.925,0.08707384,0.0109832454,0.0102803912,-0.2881931,0.4126662,-1.161237,-0.07628465,0.312993526,-0.493600458,-0.21634233,0.379109353,-1.69371879,-0.6699883,0.4896579,-1.67281783,0.0109832454,-0.0174994171,0.0109832454,-0.35951522,Head,0.9182575
Pepe,Mankey,1,1.7,1.92916667,0.09147079,0.0087528,0.0110798487,-0.287863851,0.417799264,-1.16189325,-0.07001495,0.314388126,-0.496997267,-0.218048811,0.384079665,-1.69069827,-0.672409058,0.497035652,-1.67412543,0.0087528,-0.0175540056,0.0087528,-0.368624479,Head,0.907066047
Pepe,Mankey,1,1.7,1.93333328,0.0939035863,0.0065136,0.0117702438,-0.287334323,0.420520455,-1.16282415,-0.0616961122,0.3148325,-0.501203537,-0.220556378,0.38711,-1.6884625,-0.6748177,0.5016673,-1.67531037,0.0065136,-0.0130284633,0.0065136,-0.3778519,Head,0.897976458
Pepe,Mankey,1,1.7,1.9375,0.09505845,0.004999811,0.0100000817,-0.28655684,0.421504021,-1.16398323,-0.0509462357,0.315213263,-0.5063547,-0.22413218,0.388777763,-1.68695319,-0.677289,0.5041392,-1.67620862,0.004999811,-0.002631495,0.004999811,-0.3877043,Head,0.8915772
Pepe,Mankey,1,1.7,1.94166672,0.09640261,0.00535613066,0.0101604024,-0.285531044,0.422264,-1.16527689,-0.0378958,0.316914618,-0.512475848,-0.228911877,0.390415639,-1.68601608,-0.6798916,0.50597167,-1.67669737,0.00535613066,0.0133432457,0.00535613066,-0.398675531,Head,0.887717843
Pepe,Mankey,1,1.7,1.94583333,0.09753685,0.006716432,0.0105245989,-0.28430438,0.4224836,-1.166689,-0.0229992867,0.319397479,-0.519570053,-0.234687328,0.3917091,-1.68559194,-0.6826142,0.5069188,-1.67684448,0.006716432,0.0743581355,0.006716432,-0.4298169,Head,0.8861063
Pepe,Mankey,1,1.7,1.95,0.09743307,0.007902253,0.0107647367,-0.282920718,0.4211979,-1.16820669,-0.00671458244,0.321493149,-0.527609348,-0.241258144,0.39168632,-1.68562508,-0.685437441,0.506084144,-1.67672229,0.007902253,0.09524717,0.007902253,-0.446566343,Head,0.8863702
Pepe,Mankey,1,1.7,1.95416665,0.0962509662,0.00917779747,0.0108263157,-0.281422973,0.418623358,-1.16981947,0.0105111,0.323208779,-0.536523342,-0.248425484,0.3905606,-1.68607044,-0.688334,0.5037543,-1.67641091,0.00917779747,0.117251553,0.00917779747,-0.463759184,Head,0.8880885
Pepe,Mankey,1,1.7,1.95833337,0.09388374,0.0101860063,0.0104990182,-0.279856682,0.414712548,-1.17151845,0.0282565951,0.324266881,-0.5461952,-0.2559992,0.3882936,-1.68689656,-0.6912768,0.499952734,-1.67599261,0.0101860063,0.139432147,0.0101860063,-0.480646253,Head,0.890826941
Pepe,Mankey,1,1.7,1.9625,0.09057236,0.0108955139,0.0100005092,-0.2782694,0.4097765,-1.17329609,0.0461367369,0.3247172,-0.5564645,-0.263793945,0.3852262,-1.68808782,-0.6942395,0.49507004,-1.67555475,0.0108955139,0.161072314,0.0108955139,-0.496387541,Head,0.894162357
Pepe,Mankey,1,1.7,1.9666667,0.0865768045,0.0112804668,0.0101400046,-0.276713371,0.404160351,-1.1751461,0.06380463,0.324607551,-0.567133665,-0.271631241,0.3817579,-1.68964684,-0.697198153,0.489538521,-1.67518723,0.0112804668,0.181609645,0.0112804668,-0.5101107,Head,0.897693455
Pepe,Mankey,1,1.7,1.9708333,0.08232555,0.0125252875,0.010402902,-0.275085449,0.39812848,-1.17713976,0.0820713639,0.3248151,-0.5786012,-0.280019641,0.37820828,-1.6916517,-0.700178,0.483539879,-1.674826,0.0125252875,0.202724829,0.0125252875,-0.5218449,Head,0.9020669
Pepe,Mankey,1,1.7,1.975,0.07710513,0.0146927545,0.0101142116,-0.273260117,0.390725642,-1.17929935,0.101554811,0.325060248,-0.5912856,-0.289386034,0.373535961,-1.69404781,-0.7031988,0.475964963,-1.67431617,0.0146927545,0.22611177,0.0146927545,-0.5324544,Head,0.9078248
Pepe,Mankey,1,1.7,1.97916663,0.06999705,0.01656927,0.0102565465,-0.2712667,0.3810321,-1.18154907,0.121645451,0.324151874,-0.604964256,-0.299426317,0.3666994,-1.6966747,-0.7062279,0.465889782,-1.67363048,0.01656927,0.251155466,0.01656927,-0.5423254,Head,0.914435863
Pepe,Mankey,1,1.7,1.98333335,0.0612724461,0.0180765782,0.0103103705,-0.269143462,0.3693479,-1.18382227,0.141761959,0.322072446,-0.6193708,-0.309830785,0.3579032,-1.69941068,-0.7092278,0.453620553,-1.6727649,0.0180765782,0.2771362,0.0180765782,-0.5518146,Head,0.9214084
Pepe,Mankey,1,1.7,1.9875,0.0480146445,0.0173489247,0.0102792364,-0.266943574,0.3560627,-1.18605983,0.161360323,0.318846315,-0.634190559,-0.320288777,0.347471058,-1.70217609,-0.7121625,0.439565629,-1.67174053,0.0173489247,0.305960476,0.0173489247,-0.6062381,Head,0.928306937
Pepe,Mankey,1,1.7,1.99166667,0.0352570936,0.0177618638,0.0101676527,-0.264736176,0.343440026,-1.18821013,0.179951131,0.3163274,-0.649066567,-0.3304907,0.337636352,-1.70493817,-0.7150035,0.426021427,-1.67059982,0.0177618638,0.3294115,0.0177618638,-0.6157291,Head,0.9347676
Pepe,Mankey,1,1.7,1.99583328,0.0221626721,0.0175854526,0.0100000743,-0.2626561,0.330355644,-1.19021916,0.1970582,0.312945127,-0.6636007,-0.340183139,0.327278346,-1.70770133,-0.7177839,0.411911368,-1.66939282,0.0175854526,0.3516162,0.0175854526,-0.62531656,Head,0.940508664
Pepe,Mankey,1,1.7,2,0.009370582,0.009370582,0.0100197289,-0.260743141,0.317466,-1.1920532,0.212373674,0.308882475,-0.677384257,-0.34900856,0.317088723,-1.7105211,-0.7204416,0.397954017,-1.66819656,0.009370582,-0.246786773,0.009370582,-1.159244,Hips,0.9453225
Pepe,Mankey,1,1.7,2.0041666,0.00501833763,0.00501833763,0.01012755,-0.2589991,0.3129245,-1.19379139,0.2262767,0.312696129,-0.690636456,-0.357256174,0.31537053,-1.71356845,-0.722991347,0.3923851,-1.66711247,0.00501833763,-0.239389211,0.00501833763,-1.16211712,Hips,0.949586153
Pepe,Mankey,1,1.7,2.00833344,0.00499995472,0.00499995472,0.0100836866,-0.257347822,0.312621385,-1.195521,0.239333034,0.3208642,-0.7037742,-0.36537528,0.318093419,-1.71691549,-0.7254443,0.391081035,-1.66615379,0.00499995472,-0.232083321,0.00499995472,-1.165111,Hips,0.953692853
Pepe,Mankey,1,1.7,2.0125,0.00505611161,0.00505611161,0.0100817131,-0.255782,0.3122969,-1.19721162,0.251508176,0.328901,-0.71665585,-0.373296142,0.3209537,-1.72049129,-0.727797866,0.389721662,-1.66527009,0.00505611161,-0.224907935,0.00505611161,-1.168161,Hips,0.9575316
Pepe,Mankey,1,1.7,2.01666665,0.00512404228,0.00512404228,0.0100813713,-0.254296541,0.311891139,-1.1988349,0.2627887,0.336512625,-0.729139864,-0.380937457,0.323855817,-1.72423553,-0.730042934,0.388201922,-1.66442144,0.00512404228,-0.217901856,0.00512404228,-1.17120481,Hips,0.961019337
Pepe,Mankey,1,1.7,2.02083325,0.00518060336,0.00518060336,0.0102018034,-0.252890944,0.31138736,-1.20036244,0.273175359,0.3434392,-0.7410815,-0.3882109,0.3267532,-1.72809565,-0.7321713,0.386471361,-1.66357183,0.00518060336,-0.211107865,0.00518060336,-1.17417753,Hips,0.964097738
Pepe,Mankey,1,1.7,2.025,0.0052210195,0.0052210195,0.0102004688,-0.251566648,0.310790628,-1.201766,0.282683074,0.349433571,-0.7523367,-0.3950163,0.329626054,-1.732029,-0.7341732,0.384512722,-1.66269326,0.0052210195,-0.2045705,0.0052210195,-1.17701483,Hips,0.9667342
Pepe,Mankey,1,1.7,2.0291667,0.005242753,0.005242753,0.0101559525,-0.2503295,0.310111225,-1.20301831,0.291335046,0.354250729,-0.762762845,-0.4012481,0.3324632,-1.73599768,-0.736039758,0.382321984,-1.66176212,0.005242753,-0.198338076,0.005242753,-1.17964864,Hips,0.9689127
Pepe,Mankey,1,1.7,2.0333333,0.00524322,0.00524322,0.0100980811,-0.249187112,0.3093622,-1.20409214,0.2991606,0.357643574,-0.772222,-0.4067924,0.3352566,-1.73997509,-0.7377634,0.379902035,-1.66075683,0.00524322,-0.192459822,0.00524322,-1.18200886,Hips,0.9706322
Pepe,Mankey,1,1.7,2.0375,0.005245837,0.005245837,0.0100412657,-0.248209,0.3085847,-1.20498586,0.30609107,0.359390616,-0.7805448,-0.411504269,0.338167667,-1.74403679,-0.739336848,0.377375543,-1.65977943,0.005245837,-0.187040508,0.005245837,-1.184058,Hips,0.971943438
Pepe,Mankey,1,1.7,2.04166675,0.005259462,0.005259462,0.009999993,-0.247439027,0.3077944,-1.20573056,0.31215632,0.359600842,-0.787763834,-0.415413737,0.341341138,-1.748285,-0.7407731,0.374850571,-1.65893078,0.005259462,-0.182088852,0.005259462,-1.18583071,Hips,0.9729639
Pepe,Mankey,1,1.7,2.04583335,0.00527043547,0.00527043547,0.01000878,-0.246845484,0.306977,-1.20634735,0.3175125,0.3585366,-0.794050753,-0.418658972,0.344743758,-1.75272572,-0.7420926,0.37231335,-1.65818465,0.00527043547,-0.177514434,0.00527043547,-1.18736386,Hips,0.9737775
Pepe,Mankey,1,1.7,2.05,0.00528141949,0.00528141949,0.0100507131,-0.246390581,0.306131333,-1.2068572,0.322300315,0.356481463,-0.799582958,-0.421378851,0.348342627,-1.75735593,-0.743312955,0.3697519,-1.657512,0.00528141949,-0.173222646,0.00528141949,-1.18869579,Hips,0.9744464
Pepe,Mankey,1,1.7,2.05416656,0.00529422,0.00529422,0.0100801429,-0.246035457,0.305252343,-1.20728123,0.3266471,0.3537191,-0.8045395,-0.423714757,0.352094829,-1.76216352,-0.7444495,0.367143154,-1.65687585,0.00529422,-0.169120073,0.00529422,-1.1898694,Hips,0.9750233
Pepe,Mankey,1,1.7,2.0583334,0.005308014,0.005308014,0.0100922948,-0.245738387,0.304329842,-1.20764077,0.33067584,0.35053584,-0.809098661,-0.425813079,0.355944276,-1.76713252,-0.745517254,0.3644564,-1.65624154,0.005308014,-0.165110633,0.005308014,-1.19093239,Hips,0.9755527
Pepe,Mankey,1,1.7,2.0625,0.00532361539,0.00532361539,0.0100726066,-0.245456934,0.303352177,-1.20795691,0.334505975,0.347220838,-0.8134389,-0.4278252,0.359829128,-1.77224112,-0.7465303,0.361656249,-1.65556729,0.00532361539,-0.161098346,0.00532361539,-1.19193661,Hips,0.976074755
Pepe,Mankey,1,1.7,2.0666666,0.005339861,0.005339861,0.01008654,-0.245148063,0.302303135,-1.20825124,0.338256121,0.3440645,-0.8177361,-0.429912567,0.363679051,-1.77746522,-0.747501969,0.358702838,-1.65480936,0.005339861,-0.1569865,0.005339861,-1.19294024,Hips,0.976629257
Pepe,Mankey,1,1.7,2.07083344,0.00536212,0.00536212,0.0100571113,-0.244850159,0.301183134,-1.2085073,0.34182024,0.340814173,-0.8218159,-0.431884766,0.367604733,-1.78285742,-0.748427868,0.355559021,-1.65399313,0.00536212,-0.152816474,0.00536212,-1.19388664,Hips,0.977181
Pepe,Mankey,1,1.7,2.075,0.005392822,0.005392822,0.0100224167,-0.244624853,0.300007,-1.20870137,0.345039964,0.337079138,-0.8254375,-0.433486819,0.3717284,-1.78844845,-0.7492949,0.35223794,-1.65317786,0.005392822,-0.148707628,0.005392822,-1.19468617,Hips,0.977679
Pepe,Mankey,1,1.7,2.07916665,0.0054261745,0.0054261745,0.0100000827,-0.244460583,0.2987767,-1.20884192,0.3479579,0.332942456,-0.8286762,-0.434786677,0.3759868,-1.7941792,-0.750106454,0.348767638,-1.65236592,0.0054261745,-0.144673422,0.0054261745,-1.195351,Hips,0.978136361
Pepe,Mankey,1,1.7,2.08333325,0.005459954,0.005459954,0.01001125,-0.244346142,0.297499329,-1.20893931,0.350614429,0.328494,-0.8316061,-0.435854435,0.380313933,-1.79999578,-0.7508657,0.345181018,-1.651562,0.005459954,-0.140727013,0.005459954,-1.19589663,Hips,0.9785638
Pepe,Mankey,1,1.7,2.0875,0.005490971,0.005490971,0.0100390334,-0.244268537,0.296181828,-1.20900118,0.353051484,0.323824227,-0.8342981,-0.4367621,0.384635538,-1.80584419,-0.7515744,0.34151268,-1.650765,0.005490971,-0.136878848,0.005490971,-1.196339,Hips,0.9789726
Pepe,Mankey,1,1.7,2.0916667,0.0055171866,0.0055171866,0.0100538544,-0.244216561,0.294833034,-1.20903671,0.35531047,0.319027722,-0.8368246,-0.437587023,0.388873458,-1.81167829,-0.752239,0.337801933,-1.64997613,0.0055171866,-0.133139312,0.0055171866,-1.19669819,Hips,0.9793742
Pepe,Mankey,1,1.7,2.0958333,0.0055362503,0.0055362503,0.0100489054,-0.244175911,0.293462247,-1.20905232,0.357435554,0.31420058,-0.8392522,-0.438406229,0.392943829,-1.817453,-0.7528614,0.334092557,-1.64919257,0.0055362503,-0.129514217,0.0055362503,-1.19699514,Hips,0.9797785
Pepe,Mankey,1,1.7,2.1,0.00554657169,0.00554657169,0.01002809,-0.244134188,0.292079955,-1.20905507,0.359471768,0.309439957,-0.841647565,-0.439302683,0.39675808,-1.82313156,-0.753446341,0.3304325,-1.64841175,0.00554657169,-0.126009673,0.00554657169,-1.1972543,Hips,0.980197966
Pepe,Mankey,1,1.7,2.10416675,0.00547964824,0.00547964824,0.0100446828,-0.244112015,0.290678,-1.20902765,0.361354947,0.304595262,-0.843897045,-0.440149426,0.4003835,-1.82882226,-0.7539958,0.326764226,-1.64761877,0.00547964824,-0.1672016,0.00547964824,-1.12761629,Hips,0.980619669
Pepe,Mankey,1,1.7,2.10833335,0.0050584767,0.0050584767,0.0100415787,-0.244131207,0.289464921,-1.20895851,0.3630148,0.299728632,-0.8458906,-0.440785885,0.404132873,-1.83459926,-0.7545091,0.3232272,-1.64681208,0.0050584767,-0.164077386,0.0050584767,-1.12780762,Hips,0.9810264
Pepe,Mankey,1,1.7,2.1125,0.005031644,0.005031644,0.0100252358,-0.244181991,0.288620919,-1.20886147,0.364486367,0.295104384,-0.8476947,-0.4412551,0.4081259,-1.84038,-0.7549894,0.3200135,-1.64600194,0.005031644,-0.161077991,0.005031644,-1.12791717,Hips,0.981422246
Pepe,Mankey,1,1.7,2.11666656,0.00500197476,0.00500197476,0.0100018661,-0.244253039,0.287756652,-1.20874834,0.365808129,0.2904167,-0.8493747,-0.4416051,0.411908954,-1.84608746,-0.7554387,0.3167499,-1.64519656,0.00500197476,-0.158207238,0.00500197476,-1.12795818,Hips,0.9818118
Pepe,Mankey,1,1.7,2.1208334,0.00547162024,0.00547162024,0.0100001143,-0.244333744,0.287382782,-1.20863116,0.367018163,0.2862615,-0.850990355,-0.4418943,0.4159268,-1.85165286,-0.75586,0.313967764,-1.644403,0.00547162024,-0.1554679,0.00547162024,-1.1279459,Hips,0.982199967
Pepe,Mankey,1,1.7,2.125,0.0100394655,0.00953926,0.0100252358,-0.244412065,0.291107327,-1.20851994,0.368158847,0.286331683,-0.8526005,-0.442187071,0.4237191,-1.85701442,-0.7562555,0.315300882,-1.64362741,0.00953926,0.5340559,0.00953926,-0.8826774,Head,0.982592762
Pepe,Mankey,1,1.7,2.1291666,0.0141890757,0.0090913875,0.0100487787,-0.244477272,0.294423431,-1.20842457,0.369271845,0.286206573,-0.854260266,-0.4425558,0.4307113,-1.86211669,-0.756629,0.316272378,-1.64287734,0.0090913875,0.534011841,0.0090913875,-0.887552738,Head,0.9829968
Pepe,Mankey,1,1.7,2.13333344,0.0180048756,0.008727694,0.0100647174,-0.24451828,0.29742527,-1.20835364,0.3704015,0.286065519,-0.8560223,-0.4430821,0.43692863,-1.86691284,-0.75698483,0.317009181,-1.64215553,0.008727694,0.5341132,0.008727694,-0.8923913,Head,0.983418941
Pepe,Mankey,1,1.7,2.1375,0.0216154158,0.008505943,0.0100499867,-0.244544983,0.300239354,-1.20829213,0.371528029,0.2859818,-0.8578417,-0.443754077,0.442696959,-1.87162626,-0.7573339,0.317642272,-1.64144373,0.008505943,0.534317553,0.008505943,-0.897176743,Head,0.983855963
Pepe,Mankey,1,1.7,2.14166665,0.0249963179,0.008267465,0.01001545,-0.24457407,0.3028348,-1.20822489,0.372605264,0.285819381,-0.859641254,-0.444479585,0.4481088,-1.87638676,-0.757681251,0.318111926,-1.64072669,0.008267465,0.534533,0.008267465,-0.9018891,Head,0.984300256
Pepe,Mankey,1,1.7,2.14583325,0.0281338282,0.008012614,0.0100222006,-0.244604111,0.3052022,-1.20815885,0.373636782,0.2855779,-0.861423433,-0.4452337,0.452976078,-1.88102973,-0.7580242,0.31840232,-1.64001083,0.008012614,0.5347695,0.008012614,-0.906526,Head,0.9847529
Pepe,Mankey,1,1.7,2.15,0.0310165435,0.007742884,0.0100258524,-0.2446332,0.307334155,-1.20809972,0.374628067,0.285259217,-0.863190353,-0.446002722,0.457115173,-1.88542068,-0.7583586,0.3184973,-1.63930416,0.007742884,0.5350378,0.007742884,-0.911084831,Head,0.9852138
Pepe,Mankey,1,1.7,2.1541667,0.0336313359,0.00745956646,0.0100209974,-0.244659066,0.3092219,-1.2080518,0.375584155,0.2848641,-0.8649419,-0.446787119,0.460345984,-1.88945544,-0.7586807,0.318381965,-1.63861012,0.00745956646,0.535349548,0.00745956646,-0.915560663,Head,0.985683739
Pepe,Mankey,1,1.7,2.1583333,0.03596675,0.00716440426,0.0100055477,-0.244677424,0.3108583,-1.20801783,0.376512647,0.284393966,-0.866677,-0.447594762,0.462496132,-1.89305615,-0.75898397,0.3180412,-1.63793266,0.00716440426,0.5357183,0.00716440426,-0.919947863,Head,0.986163557
Pepe,Mankey,1,1.7,2.1625,0.03823079,0.00707844,0.009999949,-0.244683623,0.312455684,-1.20799959,0.377420753,0.284070045,-0.8683924,-0.448444843,0.463620573,-1.89616525,-0.75926125,0.317681462,-1.63727415,0.00707844,0.5361574,0.00707844,-0.9242383,Head,0.9866532
Pepe,Mankey,1,1.7,2.16666675,0.04052465,0.007093315,0.0100193135,-0.24467361,0.31411916,-1.207998,0.378315955,0.28400594,-0.8700859,-0.449364543,0.463671774,-1.89873469,-0.7595072,0.317400128,-1.63663578,0.007093315,0.533227742,0.007093315,-0.865432858,Head,0.9871529
Pepe,Mankey,1,1.7,2.17083335,0.04244255,0.00671162456,0.0100283669,-0.244646788,0.3154487,-1.20801568,0.3792168,0.283855915,-0.8717776,-0.4503981,0.462332428,-1.90079749,-0.7597382,0.31682235,-1.63600707,0.00671162456,0.5337671,0.00671162456,-0.8695217,Head,0.987665
Pepe,Mankey,1,1.7,2.175,0.0440448672,0.00639697071,0.010014954,-0.244606853,0.316505045,-1.2080487,0.380128,0.283693939,-0.873471558,-0.45157063,0.459850758,-1.90247357,-0.759971857,0.316028118,-1.635375,0.00639697071,0.534420669,0.00639697071,-0.873506546,Head,0.98818934
Pepe,Mankey,1,1.7,2.17916656,0.0453976355,0.006147309,0.0100063253,-0.244556665,0.317350924,-1.20808983,0.381036133,0.283531666,-0.8751399,-0.452875376,0.4563058,-1.9038285,-0.760201931,0.315065831,-1.63473773,0.006147309,0.535155356,0.006147309,-0.8773854,Head,0.988721967
Pepe,Mankey,1,1.7,2.1833334,0.0465666763,0.00596093526,0.0100112921,-0.244498968,0.318048656,-1.2081331,0.381925941,0.283379883,-0.87675494,-0.454298615,0.451770127,-1.90491831,-0.760421753,0.3139845,-1.634095,0.00596093526,0.535936356,0.00596093526,-0.881156743,Head,0.989259362
Pepe,Mankey,1,1.7,2.1875,0.04761673,0.005836362,0.0100130942,-0.244435787,0.318659067,-1.20817232,0.382783771,0.283248574,-0.8782911,-0.4558195,0.446315527,-1.9057858,-0.7606224,0.312830329,-1.63344812,0.005836362,0.536730945,0.005836362,-0.884819567,Head,0.9897971
Pepe,Mankey,1,1.7,2.1916666,0.0487371944,0.005897062,0.01001173,-0.244368792,0.319367617,-1.2082026,0.383595,0.2832717,-0.879723966,-0.4574113,0.440135121,-1.90647089,-0.760795832,0.3117746,-1.63279736,0.005897062,0.5375052,0.005897062,-0.8883757,Head,0.990331352
Pepe,Mankey,1,1.7,2.19583344,0.0498137549,0.00596439559,0.0100053623,-0.244348168,0.3200559,-1.20824289,0.38429752,0.28328,-0.881053269,-0.458637357,0.4347305,-1.90692282,-0.7609805,0.3106844,-1.63217032,0.00596439559,0.5381785,0.00596439559,-0.891849935,Head,0.990859151
Pepe,Mankey,1,1.7,2.2,0.05081786,0.005945583,0.0100002,-0.244352937,0.320691556,-1.20827579,0.384898961,0.283189565,-0.8822426,-0.459661841,0.429390252,-1.90724564,-0.7611426,0.309514731,-1.63155639,0.005945583,0.5387398,0.005945583,-0.8952306,Head,0.9913768
Pepe,Mankey,1,1.7,2.20416665,0.0519769154,0.006085544,0.010000186,-0.244355559,0.32150808,-1.208293,0.385427028,0.2832644,-0.8832759,-0.460745335,0.4231184,-1.90732169,-0.76126194,0.308501452,-1.630936,0.006085544,0.5336681,0.006085544,-0.8709386,Head,0.9918876
Pepe,Mankey,1,1.7,2.20833325,0.0530436635,0.00596918073,0.010000824,-0.244351983,0.322265059,-1.20830166,0.385900229,0.28332606,-0.884174168,-0.461962581,0.415382862,-1.90698254,-0.7613512,0.307422131,-1.63030028,0.00596918073,0.5339828,0.00596918073,-0.874152,Head,0.992394865
Pepe,Mankey,1,1.7,2.2125,0.054024674,0.00586673152,0.0100011788,-0.244343877,0.322965831,-1.20830607,0.386322945,0.2833716,-0.884954751,-0.4632604,0.4065877,-1.90626991,-0.7614143,0.3062866,-1.62965643,0.00586673152,0.534268141,0.00586673152,-0.87727356,Head,0.992895067
Pepe,Mankey,1,1.7,2.2166667,0.0549258031,0.00577784842,0.0100012943,-0.244333744,0.323613167,-1.20830846,0.386700451,0.283398241,-0.8856339,-0.464591622,0.397134751,-1.9052465,-0.7614552,0.305105478,-1.62901127,0.00577784842,0.534531951,0.00577784842,-0.8803017,Head,0.9933851
Pepe,Mankey,1,1.7,2.2208333,0.0557565168,0.0057052304,0.0100008156,-0.244324565,0.324212879,-1.20831084,0.387036622,0.28340736,-0.886227548,-0.4659201,0.387420237,-1.9040072,-0.7614789,0.303890169,-1.62837017,0.0057052304,0.534780741,0.0057052304,-0.8832347,Head,0.9938624
Pepe,Mankey,1,1.7,2.225,0.05652561,0.00564925559,0.0100006964,-0.244317055,0.324770927,-1.208313,0.387337118,0.2833988,-0.8867504,-0.467212081,0.3778324,-1.90268207,-0.761487246,0.302652359,-1.62773848,0.00564925559,0.5350208,0.00564925559,-0.886068642,Head,0.9943244
Pepe,Mankey,1,1.7,2.22916675,0.0572435856,0.00561085856,0.01000281,-0.244312763,0.325294346,-1.20831406,0.387607068,0.283374518,-0.8872146,-0.468447447,0.368746072,-1.90143692,-0.7614831,0.301403,-1.62712038,0.00561085856,0.535257161,0.00561085856,-0.888798,Head,0.994769037
Pepe,Mankey,1,1.7,2.23333335,0.0578872748,0.005556821,0.0100061763,-0.244312763,0.325756848,-1.20831072,0.387852132,0.2833032,-0.887632668,-0.469606638,0.3604932,-1.90046477,-0.7614676,0.300120354,-1.62651837,0.005556821,0.5354949,0.005556821,-0.8914154,Head,0.9951941
Pepe,Mankey,1,1.7,2.2375,0.0584347062,0.00547791226,0.0100073991,-0.2443155,0.326141983,-1.20830178,0.3880619,0.283175379,-0.8879759,-0.4707178,0.352563918,-1.89969134,-0.7614368,0.2987753,-1.62592626,0.00547791226,0.5357257,0.00547791226,-0.893916667,Head,0.9956027
Pepe,Mankey,1,1.7,2.24166656,0.0589030981,0.005406462,0.0100053838,-0.244320512,0.326472074,-1.20828986,0.388227284,0.283021361,-0.8882213,-0.471820235,0.344422549,-1.89892125,-0.761391044,0.2973837,-1.62533629,0.005406462,0.5359443,0.005406462,-0.8963081,Head,0.9959971
Pepe,Mankey,1,1.7,2.2458334,0.059302792,0.00534421625,0.0100023774,-0.244329572,0.326754,-1.20827591,0.388352931,0.28284353,-0.888386548,-0.472920418,0.33632037,-1.89819527,-0.761335731,0.295961618,-1.62475014,0.00534421625,0.536155939,0.00534421625,-0.8985927,Head,0.9963748
Pepe,Mankey,1,1.7,2.25,0.0596435852,0.005291511,0.0100002764,-0.244342923,0.32699424,-1.20826173,0.388446033,0.282643557,-0.888489544,-0.4740218,0.328505158,-1.89756644,-0.7612753,0.294524938,-1.62417054,0.005291511,0.5363671,0.005291511,-0.9007749,Head,0.9967341
Pepe,Mankey,1,1.7,2.2541666,0.059936326,0.00524861459,0.0100025143,-0.244362,0.327200383,-1.20824778,0.3885123,0.28242448,-0.888547242,-0.4751277,0.321219921,-1.89709818,-0.7612133,0.293089867,-1.62360072,0.00524861459,0.5365816,0.00524861459,-0.9028574,Head,0.997073352
Pepe,Mankey,1,1.7,2.25833344,0.06019287,0.005216444,0.0100047495,-0.244384766,0.327381343,-1.20823419,0.388560683,0.282190561,-0.888577044,-0.476239681,0.3147067,-1.89686012,-0.7611513,0.291672528,-1.62304354,0.005216444,0.5368053,0.005216444,-0.904843152,Head,0.997391343
Pepe,Mankey,1,1.7,2.2625,0.06042713,0.00519747334,0.0100058829,-0.24440968,0.327547848,-1.20822072,0.3885999,0.281948924,-0.8885947,-0.477355,0.309208453,-1.896928,-0.761088967,0.290291131,-1.62250161,0.00519747334,0.537043,0.00519747334,-0.906733453,Head,0.997687
Pepe,Mankey,1,1.7,2.26666665,0.0606289655,0.0051679993,0.0100078955,-0.244432926,0.3276871,-1.20820642,0.3886415,0.28168115,-0.888616,-0.478468657,0.304943323,-1.897374,-0.7610259,0.2889385,-1.62197721,0.0051679993,0.5373008,0.0051679993,-0.90853,Head,0.9979597
Pepe,Mankey,1,1.7,2.27083325,0.06078233,0.005125556,0.01005486,-0.244455218,0.327788055,-1.208188,0.388671219,0.281383842,-0.888607442,-0.479568481,0.302028865,-1.89829731,-0.76095295,0.287584752,-1.6214695,0.005125556,0.5375678,0.005125556,-0.910214543,Head,0.9982119
Pepe,Mankey,1,1.7,2.275,0.0608946271,0.00509247975,0.0101226689,-0.244477272,0.32786274,-1.20816565,0.388676256,0.281076431,-0.8885401,-0.4806397,0.3002999,-1.89968061,-0.7608682,0.2862261,-1.62097585,0.00509247975,0.5378359,0.00509247975,-0.9117781,Head,0.998445451
Pepe,Mankey,1,1.7,2.2791667,0.060978882,0.00507065048,0.0101599228,-0.244498968,0.3279216,-1.20814192,0.3886646,0.2807646,-0.8884353,-0.481666565,0.2995463,-1.901414,-0.760776043,0.284885883,-1.62049508,0.00507065048,0.5381088,0.00507065048,-0.913234353,Head,0.9986595
Pepe,Mankey,1,1.7,2.2833333,0.06104685,0.00505954539,0.0101664513,-0.2445203,0.327973753,-1.20811963,0.388644844,0.28045243,-0.8883148,-0.482634425,0.299557835,-1.90338421,-0.7606828,0.283583641,-1.62003171,0.00505954539,0.5383907,0.00505954539,-0.9145962,Head,0.998853266
Pepe,Mankey,1,1.7,2.2875,0.06111105,0.00506037241,0.0101454984,-0.244540691,0.3280291,-1.2081002,0.38862443,0.280145824,-0.88819927,-0.4835353,0.3001262,-1.90547848,-0.7605916,0.282338738,-1.61958683,0.00506037241,0.5386834,0.00506037241,-0.91587615,Head,0.999026537
Pepe,Mankey,1,1.7,2.29166675,0.06118403,0.00507239951,0.0101032993,-0.244559884,0.328098029,-1.20808518,0.388612181,0.2798499,-0.888107836,-0.484369278,0.301043123,-1.90759242,-0.7605076,0.281172752,-1.61916184,0.00507239951,0.538989663,0.00507239951,-0.9170855,Head,0.9991791
Pepe,Mankey,1,1.7,2.29583335,0.06125976,0.00507799955,0.0100411931,-0.244577885,0.328172117,-1.20807469,0.388615966,0.279552877,-0.888060749,-0.485147476,0.302078515,-1.90962887,-0.7604339,0.28008604,-1.61875856,0.00507799955,0.5393103,0.00507799955,-0.9182361,Head,0.999311268
Pepe,Mankey,1,1.7,2.3,0.06139542,0.0051406,0.0100090047,-0.244593382,0.328306556,-1.20806766,0.388640255,0.279324532,-0.8880417,-0.4858886,0.3030665,-1.911501,-0.760372758,0.279142559,-1.61837745,0.0051406,0.5396423,0.0051406,-0.919303358,Head,0.999423563
Pepe,Mankey,1,1.7,2.30416656,0.0615674332,0.00518352073,0.0100001944,-0.244605184,0.328480035,-1.20805633,0.388690978,0.279090554,-0.888101041,-0.486616373,0.304311454,-1.91335416,-0.7603178,0.2783161,-1.61801839,0.00518352073,0.539991736,0.00518352073,-0.9203311,Head,0.999518037
Pepe,Mankey,1,1.7,2.3083334,0.06175972,0.00521386741,0.0101122176,-0.244614363,0.328680217,-1.208038,0.388752371,0.278856874,-0.8881797,-0.487313032,0.306156069,-1.91530454,-0.760262847,0.277581453,-1.61768258,0.00521386741,0.540345967,0.00521386741,-0.9212645,Head,0.9995959
Pepe,Mankey,1,1.7,2.3125,0.0619594343,0.005230012,0.010220944,-0.24462235,0.3288937,-1.2080183,0.388824135,0.278623432,-0.8882838,-0.4879464,0.3084055,-1.91723847,-0.7602105,0.2769208,-1.61737108,0.005230012,0.540701866,0.005230012,-0.92212,Head,0.999657
Pepe,Mankey,1,1.7,2.3166666,0.06215432,0.005232258,0.0103117935,-0.244629979,0.329107672,-1.20800126,0.3889057,0.278391331,-0.888416946,-0.488494277,0.310864419,-1.91906464,-0.76016295,0.276317924,-1.61708641,0.005232258,0.541057169,0.005232258,-0.922910631,Head,0.9997016
Pepe,Mankey,1,1.7,2.32083344,0.0623311661,0.005220004,0.0103628123,-0.244639277,0.32930848,-1.20798957,0.38899678,0.278160244,-0.888582647,-0.488948584,0.313337177,-1.92071116,-0.760122657,0.275757134,-1.61682618,0.005220004,0.5414095,0.005220004,-0.923649848,Head,0.999730945
Pepe,Mankey,1,1.7,2.325,0.0624060854,0.00519336341,0.0103427023,-0.24465,0.329482257,-1.207985,0.3890984,0.277930081,-0.8887823,-0.489309072,0.315625,-1.922126,-0.7600912,0.275221944,-1.61658907,0.00519336341,0.5417596,0.00519336341,-0.92434895,Head,0.9997464
Pepe,Mankey,1,1.7,2.32916665,0.06235174,0.00515118334,0.0102927648,-0.244661689,0.329613745,-1.207988,0.3892122,0.2776992,-0.889016449,-0.4895848,0.3175302,-1.92327714,-0.7600696,0.274693727,-1.61637008,0.00515118334,0.5421082,0.00515118334,-0.9250182,Head,0.9997499
Pepe,Mankey,1,1.7,2.33333325,0.062299598,0.00513331732,0.0100326352,-0.244673491,0.329727441,-1.20799816,0.389339477,0.277506441,-0.889283836,-0.489790082,0.318895221,-1.92414415,-0.760057569,0.274194628,-1.61616766,0.00513331732,0.542457,0.00513331732,-0.925666332,Head,0.9997439
Pepe,Mankey,1,1.7,2.3375,0.0622663721,0.00514015835,0.010003821,-0.244683027,0.329844922,-1.2080096,0.389489353,0.2773576,-0.889596164,-0.4899466,0.319751263,-1.92474163,-0.760054,0.2737597,-1.61598277,0.00514015835,0.542810559,0.00514015835,-0.9262839,Head,0.999730051
Pepe,Mankey,1,1.7,2.3416667,0.0622318462,0.005135416,0.0100000026,-0.2446878,0.3299527,-1.20801556,0.389665842,0.2772205,-0.8899537,-0.4900744,0.32026583,-1.92513347,-0.760054946,0.2733818,-1.61581635,0.005135416,0.543171346,0.005135416,-0.9268524,Head,0.999709368
Pepe,Mankey,1,1.7,2.3458333,0.0621858537,0.00511861267,0.0100148711,-0.244688511,0.3300395,-1.208017,0.389862865,0.2770909,-0.890342653,-0.4901861,0.3205056,-1.92537618,-0.760058761,0.273038626,-1.61566651,0.00511861267,0.5435364,0.00511861267,-0.927373,Head,0.9996834
Pepe,Mankey,1,1.7,2.35,0.06211826,0.00508895144,0.0100247618,-0.244686127,0.330093831,-1.208014,0.390073121,0.2769644,-0.8907488,-0.490288973,0.320534229,-1.9255147,-0.760064244,0.272708178,-1.61552966,0.00508895144,0.543901861,0.00508895144,-0.927846,Head,0.9996536
Pepe,Mankey,1,1.7,2.35416675,0.062019363,0.005046528,0.0100240819,-0.24468255,0.330105066,-1.20800948,0.39028886,0.27683714,-0.8911595,-0.490388155,0.320415616,-1.92559147,-0.7600708,0.272369474,-1.61540341,0.005046528,0.5442635,0.005046528,-0.928273,Head,0.9996215
Pepe,Mankey,1,1.7,2.35833335,0.06188778,0.00499992352,0.01001366,-0.244678259,0.330070257,-1.20800376,0.390503824,0.2767138,-0.891561568,-0.490484118,0.3202203,-1.92564416,-0.760077357,0.272008747,-1.61528432,0.00499992352,0.544618666,0.00499992352,-0.9286556,Head,0.9995885
Pepe,Mankey,1,1.7,2.3625,0.0617730469,0.005008825,0.0100374613,-0.244674683,0.3300377,-1.20799959,0.390710562,0.2766498,-0.891941845,-0.490576744,0.320069849,-1.925714,-0.76008296,0.271664441,-1.61517251,0.005008825,0.5449635,0.005008825,-0.92899543,Head,0.999556065
Pepe,Mankey,1,1.7,2.36666656,0.0616687462,0.00507560652,0.0100392355,-0.244673491,0.330000669,-1.20799816,0.390901774,0.276643544,-0.8922884,-0.49066627,0.320029527,-1.92583477,-0.7600875,0.271319121,-1.615062,0.00507560652,0.5452946,0.00507560652,-0.929294944,Head,0.999525368
Pepe,Mankey,1,1.7,2.3708334,0.0615207031,0.00515424972,0.0100098643,-0.244674087,0.329900324,-1.20799863,0.391082942,0.276650846,-0.8926076,-0.4907503,0.320004135,-1.92598867,-0.7600908,0.270921,-1.61495757,0.00515424972,0.5456163,0.00515424972,-0.929550469,Head,0.9994984
Pepe,Mankey,1,1.7,2.375,0.0613150671,0.00522477832,0.0100002056,-0.244674087,0.3297232,-1.20799875,0.391264051,0.276656151,-0.892916262,-0.490831137,0.319895476,-1.92613149,-0.760094047,0.270469248,-1.61485994,0.00522477832,0.545935452,0.00522477832,-0.929761052,Head,0.9994764
Pepe,Mankey,1,1.7,2.3791666,0.0610555261,0.00528163137,0.0100112716,-0.2446742,0.3294766,-1.20799875,0.391442627,0.2766534,-0.8932124,-0.490908146,0.31971103,-1.92626333,-0.760095954,0.269969374,-1.61477041,0.00528163137,0.5462495,0.00528163137,-0.9299269,Head,0.9994589
Pepe,Mankey,1,1.7,2.38333344,0.0607520677,0.005325027,0.0100215487,-0.244674087,0.329174727,-1.20799839,0.391617119,0.27664268,-0.89349407,-0.490980625,0.319465041,-1.92638457,-0.7600982,0.26943472,-1.61468852,0.005325027,0.5465568,0.005325027,-0.930048048,Head,0.999445558
Pepe,Mankey,1,1.7,2.3875,0.0604138821,0.005353488,0.010023376,-0.244674087,0.328830957,-1.20799816,0.391785651,0.276622444,-0.893761337,-0.491049528,0.319171846,-1.926494,-0.7601,0.2688777,-1.61461234,0.005353488,0.5468548,0.005353488,-0.930127,Head,0.9994356
Pepe,Mankey,1,1.7,2.39166665,0.0600519255,0.005368984,0.0100166928,-0.244673491,0.32845974,-1.20799792,0.391947269,0.276594281,-0.894012153,-0.491113663,0.318845242,-1.9265933,-0.7601013,0.2683109,-1.61454308,0.005368984,0.5471427,0.005368984,-0.930164158,Head,0.999428332
Pepe,Mankey,1,1.7,2.39583325,0.0596747622,0.0053693247,0.0100262035,-0.244673371,0.3280741,-1.20799792,0.39209947,0.276556015,-0.8942457,-0.491173625,0.3184989,-1.92668176,-0.760102868,0.2677458,-1.61447954,0.0053693247,0.5474173,0.0053693247,-0.9301604,Head,0.999422848
Pepe,Mankey,1,1.7,2.4,0.0592938252,0.00535643,0.0100869965,-0.244673491,0.327688962,-1.20799816,0.3922407,0.276509434,-0.894460857,-0.491227627,0.318146646,-1.92676008,-0.760104537,0.26719594,-1.61442149,0.00535643,0.547676861,0.00535643,-0.9301172,Head,0.999417961
Pepe,Mankey,1,1.7,2.4041667,0.05891694,0.00536639243,0.010129814,-0.244674087,0.327318,-1.20799839,0.392373681,0.2764911,-0.8946592,-0.491278529,0.317802846,-1.92682719,-0.760105968,0.26667732,-1.61436844,0.00536639243,0.547924161,0.00536639243,-0.9300317,Head,0.9994159
Pepe,Mankey,1,1.7,2.4083333,0.0584175326,0.005399142,0.0101187974,-0.2446742,0.326938361,-1.20799887,0.392501444,0.27650097,-0.894843638,-0.491325378,0.3174452,-1.92688525,-0.76010704,0.266169846,-1.61432385,0.005399142,0.5481626,0.005399142,-0.929903865,Head,0.999418259
Pepe,Mankey,1,1.7,2.4125,0.05788237,0.00541944476,0.0100693377,-0.2446742,0.32652697,-1.207999,0.392622441,0.276503,-0.8950116,-0.491369724,0.3170511,-1.92693329,-0.760108352,0.265648633,-1.6142838,0.00541944476,0.5483912,0.00541944476,-0.9297326,Head,0.9994243
Pepe,Mankey,1,1.7,2.41666675,0.0573246367,0.005425716,0.0100001795,-0.2446742,0.326096416,-1.207999,0.392734975,0.2764955,-0.895162761,-0.491410136,0.3166319,-1.92697322,-0.760109067,0.2651251,-1.61425,0.005425716,0.548608243,0.005425716,-0.9295204,Head,0.9994327
Pepe,Mankey,1,1.7,2.42083335,0.0567587465,0.0054186685,0.0100022722,-0.2446742,0.325660557,-1.207999,0.392837435,0.2764784,-0.895295441,-0.491446733,0.316202581,-1.9270041,-0.7601104,0.264611036,-1.61422122,0.0054186685,0.548812866,0.0054186685,-0.929267049,Head,0.9994424
Pepe,Mankey,1,1.7,2.425,0.0561988652,0.00539801549,0.0100759938,-0.244674087,0.325232983,-1.20799875,0.3929288,0.2764511,-0.895407856,-0.491479754,0.3157765,-1.92702746,-0.760110855,0.264119923,-1.61419749,0.00539801549,0.5490034,0.00539801549,-0.928973556,Head,0.9994523
Pepe,Mankey,1,1.7,2.42916656,0.05565875,0.00536376843,0.0101408921,-0.244674087,0.324826837,-1.20799863,0.3930066,0.276413232,-0.895499766,-0.491508245,0.315367162,-1.92704415,-0.760111332,0.263663083,-1.614178,0.00536376843,0.549178,0.00536376843,-0.9286413,Head,0.999461353
Pepe,Mankey,1,1.7,2.4333334,0.0551526062,0.005316291,0.0101900976,-0.24467361,0.3244556,-1.20799816,0.393070668,0.2763646,-0.8955683,-0.4915316,0.314987123,-1.92705274,-0.760111332,0.263251871,-1.61416173,0.005316291,0.5493368,0.005316291,-0.928270459,Head,0.9994687
Pepe,Mankey,1,1.7,2.4375,0.0546930768,0.005276604,0.0102289822,-0.244673848,0.3241326,-1.20799816,0.3931203,0.276327133,-0.8956143,-0.491552472,0.314651161,-1.92705393,-0.7601117,0.262902617,-1.6141516,0.005276604,0.549478233,0.005276604,-0.927857339,Head,0.9994748
Pepe,Mankey,1,1.7,2.4416666,0.0542719029,0.00525374152,0.0102212727,-0.2446742,0.323850483,-1.20799816,0.39315775,0.276310027,-0.895639837,-0.491572142,0.31435293,-1.92704546,-0.7601129,0.262610257,-1.61414611,0.00525374152,0.5496042,0.00525374152,-0.9274008,Head,0.999481142
Pepe,Mankey,1,1.7,2.44583344,0.0538724959,0.005230015,0.0102170156,-0.244674087,0.323592216,-1.20799816,0.393184,0.2762954,-0.8956441,-0.491589069,0.314074248,-1.92702806,-0.7601124,0.2623559,-1.61414587,0.005230015,0.549716055,0.005230015,-0.926901639,Head,0.9994875
Pepe,Mankey,1,1.7,2.45,0.0534954965,0.005204491,0.0101694986,-0.244674087,0.323358148,-1.20799816,0.393198341,0.2762815,-0.895628631,-0.491603374,0.31381622,-1.92700291,-0.7601124,0.262138367,-1.61414981,0.005204491,0.5498136,0.005204491,-0.9263641,Head,0.9994938
Pepe,Mankey,1,1.7,2.45416665,0.0531434864,0.005178411,0.01008859,-0.24467361,0.3231506,-1.20799828,0.393201232,0.276269168,-0.8955925,-0.4916154,0.313581228,-1.92697179,-0.7601117,0.261959583,-1.61415875,0.005178411,0.5498975,0.005178411,-0.925789058,Head,0.999499738
Pepe,Mankey,1,1.7,2.45833325,0.05281713,0.005151237,0.010143335,-0.244673491,0.3229699,-1.20799828,0.393192828,0.2762573,-0.8955373,-0.491624951,0.313369662,-1.92693532,-0.7601116,0.261817783,-1.61417031,0.005151237,0.5499684,0.005151237,-0.92518,Head,0.999505162
Pepe,Mankey,1,1.7,2.4625,0.0525178164,0.00512269745,0.0102689965,-0.24467361,0.322817,-1.20799839,0.3931732,0.2762451,-0.895463169,-0.4916315,0.31318143,-1.9268949,-0.7601112,0.261712939,-1.61418533,0.00512269745,0.5500266,0.00512269745,-0.9245396,Head,0.99951
Pepe,Mankey,1,1.7,2.4666667,0.0522468761,0.00509309,0.0102719311,-0.24467361,0.322693139,-1.20799816,0.393142551,0.2762323,-0.8953698,-0.491633773,0.313018233,-1.9268508,-0.760110736,0.261644661,-1.6142025,0.00509309,0.5500726,0.00509309,-0.9238693,Head,0.9995139
Pepe,Mankey,1,1.7,2.4708333,0.0520053841,0.00505417353,0.0100570982,-0.24467361,0.3225994,-1.20799792,0.393098921,0.276211351,-0.895255268,-0.491633177,0.3128818,-1.92680144,-0.76011014,0.261616141,-1.61422372,0.00505417353,0.550104141,0.00505417353,-0.923164,Head,0.9995166
Pepe,Mankey,1,1.7,2.475,0.05181111,0.005020967,0.0100002727,-0.244673848,0.322554052,-1.20799792,0.3930411,0.276197851,-0.8951165,-0.4916321,0.312791348,-1.92674375,-0.76011,0.261648268,-1.61424851,0.005020967,0.550119162,0.005020967,-0.9224168,Head,0.999517858
Pepe,Mankey,1,1.7,2.47916675,0.05170714,0.00504512759,0.0101287123,-0.244674087,0.3226001,-1.207998,0.392970532,0.2762431,-0.894957244,-0.491627574,0.312789828,-1.92667925,-0.7601088,0.2617822,-1.61427808,0.00504512759,0.550119638,0.00504512759,-0.9216335,Head,0.999518156
Pepe,Mankey,1,1.7,2.48333335,0.05161864,0.005060844,0.01027182,-0.244673491,0.322662443,-1.20799792,0.3928905,0.276280463,-0.8947789,-0.491622448,0.312802076,-1.9266082,-0.7601074,0.26194188,-1.61430979,0.005060844,0.550109,0.005060844,-0.9208178,Head,0.999518
Pepe,Mankey,1,1.7,2.4875,0.0515374951,0.005068333,0.0103577971,-0.24467361,0.322733,-1.20799816,0.392800927,0.276310027,-0.8945853,-0.491616368,0.312820256,-1.92653263,-0.7601067,0.2621176,-1.61434484,0.005068333,0.550087452,0.005068333,-0.9199754,Head,0.9995177
Pepe,Mankey,1,1.7,2.49166656,0.05145322,0.005065984,0.0103591559,-0.244673491,0.3228012,-1.20799816,0.39270404,0.276329547,-0.8943779,-0.491608143,0.3128342,-1.926453,-0.7601057,0.26229775,-1.61438239,0.005065984,0.5500578,0.005065984,-0.9191094,Head,0.999517739
Pepe,Mankey,1,1.7,2.4958334,0.051359836,0.005056851,0.0102492105,-0.244673491,0.322860926,-1.20799816,0.392602026,0.2763416,-0.89416033,-0.491598248,0.312837273,-1.92637122,-0.760104656,0.262474746,-1.61442113,0.005056851,0.550022244,0.005056851,-0.9182264,Head,0.9995186
Pepe,Mankey,1,1.7,2.5,0.0512608737,0.00505180657,0.0101563213,-0.24467361,0.322915733,-1.20799828,0.392496139,0.2763568,-0.893934548,-0.4915867,0.312832981,-1.926289,-0.760103464,0.262650877,-1.61446214,0.00505180657,0.5499827,0.00505180657,-0.917329669,Head,0.9995206
Pepe,Mankey,1,1.7,2.5041666,0.0511672,0.005057497,0.0100416373,-0.24467361,0.322976679,-1.20799816,0.392384738,0.2763821,-0.893696845,-0.491573334,0.312832475,-1.92620313,-0.7601024,0.262839317,-1.61450469,0.005057497,0.54993695,0.005057497,-0.9164125,Head,0.999523461
Pepe,Mankey,1,1.7,2.50833344,0.0510782152,0.00506239058,0.009999781,-0.244673491,0.3230433,-1.20799792,0.3922653,0.276406646,-0.8934447,-0.4915576,0.312834531,-1.92611182,-0.760100961,0.263041556,-1.61454964,0.00506239058,0.549881935,0.00506239058,-0.915468752,Head,0.999526739
Pepe,Mankey,1,1.7,2.5125,0.0509920344,0.005065926,0.0101307435,-0.24467361,0.323113561,-1.20799792,0.392138243,0.276429355,-0.8931791,-0.491541147,0.31283915,-1.92601633,-0.7601001,0.263254732,-1.61459792,0.005065926,0.549818337,0.005065926,-0.9145014,Head,0.999530137
Pepe,Mankey,1,1.7,2.51666665,0.05090754,0.00506766839,0.0102989431,-0.24467361,0.32318607,-1.207998,0.392005056,0.2764495,-0.8929017,-0.491523385,0.3128443,-1.92591691,-0.760098457,0.263475418,-1.61464775,0.00506766839,0.5497478,0.00506766839,-0.9135143,Head,0.9995337
Pepe,Mankey,1,1.7,2.52083325,0.05082374,0.00506834639,0.0104000987,-0.244673848,0.323259562,-1.20799792,0.391866237,0.276467264,-0.892614067,-0.4915055,0.312849522,-1.92581439,-0.7600974,0.263701379,-1.614699,0.00506834639,0.549671531,0.00506834639,-0.9125109,Head,0.99953717
Pepe,Mankey,1,1.7,2.525,0.05074032,0.005068523,0.0103727225,-0.244673848,0.323333621,-1.207998,0.391723067,0.276483059,-0.8923184,-0.4914869,0.312854856,-1.92571032,-0.760095954,0.263931483,-1.61475194,0.005068523,0.5495905,0.005068523,-0.911495268,Head,0.9995405
Pepe,Mankey,1,1.7,2.5291667,0.0506552346,0.00506686047,0.0104298517,-0.244673491,0.323405623,-1.20799792,0.391576022,0.2764952,-0.8920147,-0.4914682,0.312857121,-1.92560518,-0.7600943,0.2641604,-1.614804,0.00506686047,0.54950583,0.00506686047,-0.9104698,Head,0.9995436
Pepe,Mankey,1,1.7,2.5333333,0.05057088,0.00506720832,0.0109655075,-0.244673491,0.3234781,-1.207998,0.3914258,0.27650708,-0.8917063,-0.491449,0.312859982,-1.92550063,-0.760093331,0.264390528,-1.61485767,0.00506720832,0.549418449,0.00506720832,-0.909439266,Head,0.999546349
Pepe,Mankey,1,1.7,2.5375,0.0504889749,0.00506910076,0.0117011368,-0.24467361,0.323553026,-1.20799792,0.391271442,0.276518852,-0.891390145,-0.4914291,0.3128642,-1.92539442,-0.7600918,0.2646255,-1.61491084,0.00506910076,0.5493269,0.00506910076,-0.908398,Head,0.999548852
Pepe,Mankey,1,1.7,2.54166675,0.0504084975,0.00507058343,0.0122248018,-0.24467361,0.3236297,-1.20799792,0.391110927,0.276528865,-0.8910634,-0.4914075,0.312867731,-1.92528641,-0.76009,0.2648667,-1.61496651,0.00507058343,0.5492288,0.00507058343,-0.9073391,Head,0.999550939
Pepe,Mankey,1,1.7,2.54583335,0.05032691,0.00506962929,0.0100001413,-0.24467361,0.323705435,-1.20799792,0.390945554,0.276534915,-0.8907272,-0.491384625,0.3128696,-1.92517686,-0.7600887,0.265110821,-1.61502361,0.00506962929,0.5491255,0.00506962929,-0.9062664,Head,0.9995525
Pepe,Mankey,1,1.7,2.55,0.0502456725,0.00506921439,0.0102058239,-0.244673371,0.323781222,-1.20799792,0.3907762,0.276539534,-0.8903838,-0.491360545,0.312870026,-1.92506611,-0.760086536,0.265356153,-1.61508131,0.00506921439,0.549018562,0.00506921439,-0.9051837,Head,0.999553442
Pepe,Mankey,1,1.7,2.55416656,0.0501616821,0.00506666,0.010993626,-0.24467361,0.323854029,-1.207998,0.390603244,0.276539922,-0.890034854,-0.491337538,0.3128685,-1.9249543,-0.760085,0.265599936,-1.61513913,0.00506666,0.548907936,0.00506666,-0.9040946,Head,0.99955374
Pepe,Mankey,1,1.7,2.5583334,0.0500747,0.005062984,0.011053985,-0.244673491,0.3239232,-1.207998,0.390427977,0.2765369,-0.8896815,-0.49131465,0.312863439,-1.92484283,-0.7600837,0.265838951,-1.61519682,0.005062984,0.5487953,0.005062984,-0.9030027,Head,0.9995534
Pepe,Mankey,1,1.7,2.5625,0.0499840975,0.005058693,0.0111444667,-0.244673848,0.3239879,-1.207998,0.390250981,0.276530623,-0.8893253,-0.49129343,0.312855422,-1.92473125,-0.760082364,0.2660713,-1.61525261,0.005058693,0.5486818,0.005058693,-0.901911,Head,0.9995522
Pepe,Mankey,1,1.7,2.5666666,0.04989151,0.00505578658,0.0112066306,-0.24467361,0.324049562,-1.20799816,0.390073568,0.276523083,-0.8889683,-0.491272926,0.312845826,-1.92462194,-0.760080934,0.26629743,-1.61530828,0.00505578658,0.548568845,0.00505578658,-0.90082407,Head,0.999550164
Pepe,Mankey,1,1.7,2.57083344,0.04979818,0.0050544464,0.0100003295,-0.24467361,0.324109882,-1.20799828,0.38989377,0.2765147,-0.888608038,-0.491253257,0.312834978,-1.9245137,-0.7600796,0.266520619,-1.61536324,0.0050544464,0.548453748,0.0050544464,-0.89973557,Head,0.9995474
Pepe,Mankey,1,1.7,2.575,0.0497040078,0.005052917,0.0100003295,-0.244673491,0.32416895,-1.20799816,0.389710575,0.2765041,-0.888240755,-0.4912318,0.312821925,-1.92440557,-0.760077953,0.2667436,-1.61541843,0.005052917,0.548335552,0.005052917,-0.8986388,Head,0.9995436
Pepe,Mankey,1,1.7,2.57916665,0.04960661,0.00504968269,0.0100003295,-0.244673491,0.324224353,-1.20799816,0.3895246,0.276489556,-0.8878694,-0.4912101,0.312804669,-1.924298,-0.760076642,0.2669625,-1.61547351,0.00504968269,0.5482151,0.00504968269,-0.8975389,Head,0.9995388
Pepe,Mankey,1,1.7,2.58333325,0.04950623,0.005045907,0.0100001879,-0.244673848,0.324275941,-1.20799816,0.389336348,0.276472241,-0.887494862,-0.491189361,0.312783957,-1.924192,-0.76007545,0.267176241,-1.61552811,0.005045907,0.548092544,0.005045907,-0.8964383,Head,0.999533
Pepe,Mankey,1,1.7,2.5875,0.0494015738,0.00504090125,0.0100003295,-0.244674087,0.324322373,-1.207998,0.38914755,0.27645123,-0.887119,-0.491169333,0.312758625,-1.92408741,-0.7600746,0.267381549,-1.61558187,0.00504090125,0.547970057,0.00504090125,-0.8953413,Head,0.9995261
Pepe,Mankey,1,1.7,2.5916667,0.0492915772,0.005035062,0.0100003295,-0.24467361,0.324362218,-1.20799816,0.388958544,0.276426852,-0.886742532,-0.4911493,0.3127292,-1.92398477,-0.7600728,0.2675761,-1.61563313,0.005035062,0.547848165,0.005035062,-0.8942499,Head,0.999518156
Pepe,Mankey,1,1.7,2.5958333,0.04917598,0.005028112,0.0100003295,-0.24467361,0.324395061,-1.20799828,0.388769925,0.2763987,-0.886367142,-0.4911319,0.312694877,-1.9238857,-0.760071158,0.267757475,-1.61568379,0.005028112,0.547727466,0.005028112,-0.8931684,Head,0.999509156
Pepe,Mankey,1,1.7,2.6,0.04905634,0.00502301427,0.0100001879,-0.244674087,0.324422151,-1.20799816,0.388582468,0.276369721,-0.8859958,-0.491117,0.312657565,-1.92378914,-0.7600707,0.26792568,-1.61573124,0.00502301427,0.5476089,0.00502301427,-0.8921013,Head,0.9994992
Pepe,Mankey,1,1.7,2.60416675,0.0489340872,0.005019242,0.0100003295,-0.24467361,0.324445456,-1.20799816,0.388395756,0.276339829,-0.885623634,-0.491102576,0.312618434,-1.92369545,-0.760069132,0.268085837,-1.6157763,0.005019242,0.547491848,0.005019242,-0.891040742,Head,0.9994882
Pepe,Mankey,1,1.7,2.60833335,0.04880814,0.005015021,0.0100003295,-0.244673371,0.324464172,-1.207998,0.388207823,0.276307166,-0.8852505,-0.4910878,0.312574565,-1.92360413,-0.7600676,0.2682385,-1.61582088,0.005015021,0.5473743,0.005015021,-0.889983058,Head,0.9994759
Pepe,Mankey,1,1.7,2.6125,0.0486778,0.00500951475,0.0100003295,-0.244673371,0.3244774,-1.20799816,0.388019025,0.276271164,-0.8848762,-0.491073966,0.312525868,-1.92351627,-0.7600663,0.2683814,-1.61586475,0.00500951475,0.5472562,0.00500951475,-0.88893044,Head,0.9994625
Pepe,Mankey,1,1.7,2.61666656,0.04854243,0.005003684,0.0100001879,-0.24467361,0.324484378,-1.207998,0.387830347,0.276232481,-0.8845027,-0.491061449,0.312472552,-1.92343259,-0.7600651,0.268512934,-1.61590683,0.005003684,0.547139049,0.005003684,-0.8878867,Head,0.999447942
Pepe,Mankey,1,1.7,2.6208334,0.04840446,0.00500016147,0.0100003295,-0.244673848,0.32448718,-1.20799816,0.387643,0.2761939,-0.8841321,-0.49105072,0.312417984,-1.923351,-0.7600645,0.268633574,-1.61594582,0.00500016147,0.547024,0.00500016147,-0.8868554,Head,0.999432266
Pepe,Mankey,1,1.7,2.625,0.0482678078,0.005003323,0.0100003295,-0.244673848,0.324489564,-1.207998,0.387457937,0.276159972,-0.8837653,-0.491042018,0.312365174,-1.923274,-0.7600633,0.2687456,-1.61598194,0.005003323,0.5469119,0.005003323,-0.885839641,Head,0.999415636
Pepe,Mankey,1,1.7,2.6291666,0.0481292047,0.0050112647,0.0100003295,-0.244674087,0.324488044,-1.20799816,0.3872753,0.276128769,-0.8834036,-0.491035938,0.312312365,-1.92320311,-0.760062933,0.2688443,-1.61601591,0.0050112647,0.5468029,0.0050112647,-0.884843051,Head,0.9993981
Pepe,Mankey,1,1.7,2.63333344,0.0479838848,0.00501991948,0.0100001879,-0.24467361,0.324477583,-1.20799816,0.387097418,0.276096076,-0.8830491,-0.491032839,0.312254727,-1.92313635,-0.7600615,0.268922627,-1.61604512,0.00501991948,0.5466997,0.00501991948,-0.883869052,Head,0.9993798
Pepe,Mankey,1,1.7,2.6375,0.0478319265,0.005030255,0.0100003295,-0.244673491,0.3244579,-1.20799828,0.386923462,0.276062876,-0.8827024,-0.491032958,0.312192351,-1.92307818,-0.7600609,0.268978268,-1.61606956,0.005030255,0.5466015,0.005030255,-0.882923,Head,0.999360859
Pepe,Mankey,1,1.7,2.64166665,0.0476712063,0.00504057156,0.0100003295,-0.24467361,0.3244269,-1.20799828,0.3867534,0.2760275,-0.882363,-0.491036773,0.312122762,-1.923028,-0.7600603,0.269009322,-1.61608875,0.00504057156,0.5465087,0.00504057156,-0.882004738,Head,0.999341249
Pepe,Mankey,1,1.7,2.64583325,0.04750152,0.00504853576,0.0100003295,-0.244673848,0.324384838,-1.20799828,0.386586428,0.275987983,-0.882028639,-0.4910426,0.312044233,-1.92298532,-0.7600609,0.269017965,-1.6161046,0.00504853576,0.5464199,0.00504853576,-0.881106853,Head,0.999320865
Pepe,Mankey,1,1.7,2.65,0.0473249629,0.00505500752,0.0100001879,-0.24467361,0.324334264,-1.20799828,0.386421919,0.275945455,-0.8816983,-0.491049051,0.311959058,-1.92294657,-0.760059834,0.2690104,-1.61611772,0.00505500752,0.546334267,0.00505500752,-0.880224,Head,0.9992997
Pepe,Mankey,1,1.7,2.6541667,0.04714271,0.0050588497,0.0100003295,-0.244673491,0.3242771,-1.20799816,0.3862583,0.275899023,-0.88136977,-0.491056442,0.311869353,-1.92291129,-0.7600595,0.268992573,-1.6161294,0.0050588497,0.546249747,0.0050588497,-0.879349,Head,0.999277532
Pepe,Mankey,1,1.7,2.6583333,0.0469570868,0.00506029977,0.0100003295,-0.244673491,0.324216038,-1.20799816,0.38609466,0.275849342,-0.8810424,-0.491063952,0.311775774,-1.92287624,-0.760059237,0.2689689,-1.616141,0.00506029977,0.54616493,0.00506029977,-0.878476441,Head,0.9992542
Pepe,Mankey,1,1.7,2.6625,0.0467703678,0.005060033,0.0100003295,-0.244673491,0.3241538,-1.20799816,0.385930032,0.275797248,-0.880713761,-0.4910717,0.311681658,-1.92283952,-0.760058641,0.268945932,-1.61615348,0.005060033,0.5460782,0.005060033,-0.8776002,Head,0.99922967
Pepe,Mankey,1,1.7,2.66666675,0.0465833768,0.00505774235,0.0100001879,-0.24467361,0.324091464,-1.20799816,0.385764152,0.275742471,-0.880384,-0.491078019,0.311586857,-1.922799,-0.760057569,0.268927485,-1.61616778,0.00505774235,0.545989037,0.00505774235,-0.876715958,Head,0.999203742
