seconds,gap_m,blade_x,blade_y,blade_z,body_x,body_y,body_z
0,0.986673832,0.663805366,1.461554,0.49569118,1.53052425,1.16820526,0.126543328
0.0333333351,1.068287,0.390809,1.10937178,0.29840976,1.34929132,0.9024952,-0.125560418
0.06666667,1.15398252,0.369362056,1.27837682,0.3626853,1.37347579,0.936902046,-0.09209642
0.1,1.26512945,0.3075054,1.44973266,0.365248978,1.47310567,1.06643212,0.0570134744
0.13333334,1.37121415,0.233621672,1.60605526,0.298959672,1.4894551,1.11062217,0.0588414855
0.166666672,1.45081043,0.164343163,1.7824434,0.218247637,1.5719229,1.5369277,-0.0333317555
0.2,1.54593313,0.0837452263,1.9286958,0.140569746,1.56410456,1.53354251,-0.06509863
0.233333334,1.6189636,0.0245216489,2.01467538,0.09158976,1.5624007,1.53433406,-0.0672927052
0.266666681,1.592745,0.0386945158,1.98361385,0.0695082,1.55929828,1.53032112,-0.06878969
0.3,1.57239747,0.04965938,1.96098685,0.0462052226,1.55696034,1.52873957,-0.07058463
0.333333343,1.55838621,0.05669594,1.94705939,0.01888046,1.55467916,1.52718663,-0.07233648
0.366666675,1.26960421,0.4129424,1.86552668,0.389375538,1.55756581,1.52821612,-0.0441607758
0.4,1.12384474,0.804685235,1.65411842,0.8888418,1.58502614,1.289041,0.167167634
0.433333337,1.04626083,1.080768,1.3500092,1.21893549,1.58656371,1.11507738,0.3337013
0.466666669,0.866045952,1.1401509,0.9686651,1.23908389,1.49253416,0.82888484,0.460416377
0.5,0.747482538,1.17079484,0.927933156,1.26355231,1.49386048,0.7862018,0.604559958
0.533333361,0.685098,1.18699729,0.8972818,1.26950824,1.49083233,0.763612747,0.6701952
0.566666663,0.693704,1.20595157,0.8944912,1.277879,1.53353524,0.7717803,0.6788329
0.6,0.727870762,1.22268474,0.90214473,1.28396451,1.5622828,0.7948172,0.6491812
0.6333333,0.7604358,1.23278809,0.9057227,1.2871418,1.60690939,0.8050448,0.632802546
0.6666667,0.763497,1.22100031,0.9090554,1.28039181,1.63397992,0.8176729,0.6447624
0.7,0.7206301,1.1779784,0.857020438,1.27481818,1.59476149,0.8079647,0.6889913
0.733333349,0.6846539,1.07789373,0.878652751,1.21237111,1.58478928,0.758117855,0.768209934
0.766666651,0.754270554,1.01053929,0.864220142,1.22602153,1.5950321,0.653290331,0.798469365
0.8,0.906894863,1.05176938,0.719138563,1.36610854,1.703736,0.4951739,0.776839733
0.8333333,0.9995629,0.9821954,0.533772945,1.35982037,1.76607168,0.378852,0.759267747
0.8666667,0.976319551,0.9819235,0.5291534,1.34111607,1.74338007,0.3520221,0.7563013
0.8916667,0.9258892,0.9797695,0.519244969,1.30628991,1.70862544,0.351808816,0.7603916
0.9,0.9061372,0.9855172,0.51438576,1.30152142,1.69486129,0.353686571,0.7610666
0.933333337,0.819899,0.9729782,0.487985641,1.23249638,1.62810266,0.366022855,0.7548235
0.966666639,0.749778569,0.9465334,0.451319575,1.15578938,1.55063772,0.371200532,0.718975067
1,0.7059997,0.90664506,0.4097745,1.08295786,1.45258915,0.371117979,0.6369912
1.0333333,0.687662065,0.8607035,0.3712525,1.02356231,1.33894014,0.3719542,0.529428363
1.06666672,0.694855452,0.8128265,0.346413434,0.9770294,1.23323131,0.334032029,0.423919439
1.1,0.7140931,0.796785653,0.336140662,0.962904036,1.15704024,0.312412,0.3468013
1.13333333,0.92130965,0.632779062,0.5720085,1.01616752,1.10994709,0.2792655,0.284441
1.16666663,1.16253841,0.173305884,0.845525,0.625252545,1.02516425,0.1959367,0.173735291
1.2,1.24891388,0.189934075,0.9298583,0.633868039,1.00158155,0.131787241,0.119964585
1.23333335,1.293782,0.227761284,0.987351954,0.660535038,1.14291346,0.426503956,-0.06183469
1.26666665,1.25733685,0.27381888,1.0176183,0.691228569,1.1420939,0.355675846,0.0676689
1.3,1.24370229,0.317133665,1.02212071,0.719741344,1.16326845,0.3486322,0.10552258
1.33333337,1.21679485,0.3815846,1.02989089,0.73532,1.16255927,0.326875359,0.121775113
1.36666667,1.18822634,0.461199552,1.03456056,0.7719011,1.17668,0.327804774,0.139077261
1.4,1.1649673,0.5448044,1.03854084,0.8177951,1.18155229,0.3395602,0.137260765
1.43333328,1.14881945,0.6120636,1.03974712,0.854488254,1.18174148,0.3395747,0.143846422
1.4666667,1.206264,0.663774252,1.14571857,0.8804899,1.1818,0.337671,0.149886563
1.5,1.30750608,0.6988293,1.28985608,0.9092161,1.18146348,0.33638975,0.15586473
1.5333333,1.4156599,0.628582537,1.2999301,1.039675,1.179645,0.335809231,0.16166921
1.56666672,1.47178042,0.576697648,1.191975,1.20096612,1.17716157,0.335935682,0.165216476
1.6,1.471578,0.599923,1.09337068,1.28836024,1.1748091,0.33682,0.164670512
1.63333333,1.43584609,0.6418322,0.980752349,1.32961106,1.17211759,0.338584185,0.159965262
1.66666663,1.39071226,0.694995761,0.972779155,1.29803467,1.17966115,0.339916378,0.15844503
1.7,1.341427,0.7288725,0.9494081,1.25950623,1.17531359,0.342039973,0.149902433
1.73333335,1.29141772,0.7494698,0.916785,1.21855283,1.17097425,0.343602479,0.140797958
1.76666665,1.24422646,0.7632474,0.881925762,1.17911494,1.16705012,0.344444573,0.1321399
1.78333342,1.22283423,0.7696671,0.8659867,1.16112936,1.16561186,0.3445322,0.12834841
1.8,1.20329475,0.776903331,0.85231775,1.14479983,1.16451979,0.344466537,0.1251142
1.83333337,1.1714735,0.795265853,0.8248007,1.12379813,1.16337156,0.3440762,0.1209262
1.86666667,1.149125,0.8194909,0.822544634,1.10696876,1.16376722,0.343715519,0.120721057
1.9,1.13486075,0.840753138,0.827103853,1.09762919,1.16601551,0.34325394,0.123975
1.93333328,1.12717462,0.859561563,0.832957864,1.09564114,1.16937888,0.3424483,0.129237413
1.9666667,1.1235795,0.876758337,0.8347599,1.10015082,1.17267084,0.3413359,0.135060444
2,1.12161517,0.89396584,0.82747376,1.11030316,1.17559516,0.33990106,0.1402627
2.0333333,1.11948884,0.913374245,0.806439161,1.12576711,1.1776669,0.3384163,0.143749192
2.0666666,1.10163307,0.9184478,0.704265952,1.14609027,1.1702565,0.320066482,0.14480187
2.1,1.08037543,0.929561853,0.5786312,1.155952,1.17318392,0.3167874,0.136492714
2.13333344,0.836343169,0.981873631,0.039857056,1.10281861,1.55063236,0.0258012246,0.489804834
2.16666675,0.803028762,0.962427139,0.0759940743,1.11579382,1.5655148,0.02643979,0.5878877
2.2,0.8183053,0.975316167,0.07937218,1.12111568,1.62074625,0.03704231,0.619865537
2.23333335,0.8384426,0.9738433,0.116153821,1.0996995,0.956964,0.08574317,0.261978656
2.26666665,0.83988595,0.978041351,0.103035539,1.09539747,0.9615358,0.08088463,0.255965978
2.3,0.848665,0.977680862,0.0841081142,1.09493029,0.9662314,0.06717033,0.246511549
2.33333325,0.856400669,0.9769433,0.06600614,1.09302807,0.9763714,0.06167601,0.236638531
2.36666656,0.8601826,0.976644635,0.0476481169,1.08998978,0.9840875,0.0606221333,0.229937255
2.4,0.8572116,0.978085935,0.0113910884,1.085603,0.976872742,0.04276698,0.228966683
2.4333334,0.8538257,0.9803055,-0.005970627,1.08135164,0.9769648,0.042887,0.2289315
2.4666667,0.850900054,0.9832436,-0.0205411538,1.07759225,0.9767399,0.04271717,0.229071781
2.5,0.8486155,0.989039242,-0.0875054747,1.06775439,0.9764263,0.04242296,0.229239166
2.5333333,0.8473095,0.9904257,-0.09235643,1.06573713,0.976252258,0.04218111,0.229296952
2.5666666,0.845738947,0.9876044,-0.09640434,1.06351054,0.976213634,0.0419751145,0.229246989
2.6,0.8428534,0.9800398,-0.103193037,1.05948246,0.976152956,0.04169149,0.229184151
2.63333344,0.840027,0.969322562,-0.11365585,1.05473781,0.9743463,0.03748139,0.228434175
2.66666675,0.8382831,0.9574385,-0.118145376,1.0520016,0.974185467,0.0371762142,0.228403836
2.67500019,0.8380675,0.954875767,-0.1188052,1.05160975,0.9741462,0.037103653,0.228397667
2.7,0.8378979,0.947781,-0.119862422,1.05106366,0.9740302,0.03689565,0.228378564
2.73333335,0.838427365,0.9438549,-0.119212061,1.05162084,0.973900259,0.0366682,0.22835961
2.76666665,0.8479017,0.986799538,-0.0250244,1.09452081,1.7056632,0.07400125,0.655925035
2.8,0.8742771,0.971596,0.0157989189,1.12031376,1.72379673,0.08470548,0.6800793
2.83333325,0.8854735,0.7918299,0.466614723,1.02042878,0.9788636,0.08856604,0.241865426
2.86666656,1.041126,0.7514953,0.930759549,0.878861964,0.9761989,0.1442518,0.234767854
2.9,1.0871979,0.6912558,1.10807538,0.761535764,1.000859,0.227749363,0.20370847
2.9333334,1.05506039,0.6123722,1.144806,0.6769526,1.0130496,0.315015167,0.1630876
2.9666667,0.9397702,0.638127744,1.08234251,0.6103522,1.02965546,0.3724517,0.1350322
3,0.7980207,0.6878631,0.9549668,0.5540801,1.03933132,0.379138976,0.127782777
3.0333333,0.7272675,0.732415736,0.8648239,0.5498347,1.04391837,0.359547317,0.1296208
3.0666666,0.7549164,0.7016338,0.864979863,0.5417435,1.02776909,0.3260476,0.125706673
3.1,0.809218466,0.637311757,0.8926601,0.518338144,1.046612,0.3116874,0.131325692
3.13333344,0.8587167,0.6059119,0.917890668,0.513121247,1.08524072,0.284319371,0.187198251
3.16666675,0.9050066,0.584635854,0.9282535,0.5027168,1.12269652,0.250374526,0.238127127
3.2,0.943598151,0.5361911,0.900513,0.4595572,1.14639831,0.209589511,0.2579402
3.23333335,0.990892768,0.5994789,0.921015143,0.5615138,1.16825759,0.163404256,0.271022767
3.26666665,1.05123329,0.651887655,0.9442233,0.6471717,1.18726981,0.117806554,0.2790782
3.3,1.10025775,0.682819963,0.958199739,0.6961325,1.20818925,0.0842161,0.282965481
3.33333325,1.13362145,0.691114,0.968785644,0.710794032,1.21831691,0.05901817,0.2871457
3.36666656,1.13947141,0.6937049,0.9753423,0.7162319,1.21763575,0.0585781336,0.287938744
3.4,1.140172,0.6940381,0.976193249,0.7169208,1.21737409,0.05839854,0.288243055
3.4333334,1.13727856,0.692812145,0.9730683,0.714370668,1.2174139,0.0584240332,0.288200021
3.4666667,1.13229454,0.6906565,0.9676397,0.7098206,1.21764076,0.0585776381,0.287938237
3.5,1.12675476,0.688217,0.96159935,0.7045716,1.21794462,0.05877675,0.287586957
3.5333333,1.12419844,0.684658945,0.9588238,0.698814631,1.21821272,0.0589456633,0.287278831
3.5666666,1.12364137,0.6828202,0.9581999,0.696132064,1.21832848,0.0590166,0.287145227
3.56666684,1.12364149,0.6828201,0.9581999,0.696132243,1.21832848,0.0590165742,0.2871453
