linkSeconds,seconds,role,rig,bone,x,y,z,dxFromBefore,dyFromBefore,dzFromBefore,displacementFromBefore,rotationFromBeforeDegrees
0.4,0.399,attacker,actor,Root,-0.475,0,0,0,0,0,0,0
0.4,0.399,attacker,model,Root,-0.475,0,0,0,0,0,0,0
0.4,0.399,attacker,fighter,Root,-0.475,0,0,0,0,0,0,0
0.4,0.399,attacker,fighter,Hips,-0.475207269,0.7840393,0.09344051,0,0,0,0,0
0.4,0.399,attacker,native,Root,-0.475,0,0,0,0,0,0,0
0.4,0.399,attacker,native,Hips,-0.475207269,0.7840394,0.0934405,0,0,0,0,0
0.4,0.399,receiver,actor,Root,0.4750001,0,-1.13248824E-07,0,0,0,0,0
0.4,0.399,receiver,model,Root,0.4750001,0,-1.13248824E-07,0,0,0,0,0
0.4,0.399,receiver,fighter,Root,0.4750001,0,-1.13248824E-07,0,0,0,0,0
0.4,0.399,receiver,fighter,Hips,0.6418021,0.812776864,-0.0068071573,0,0,0,0,0
0.4,0.399,receiver,native,Root,0.4750001,0,-1.13248824E-07,0,0,0,0,0
0.4,0.399,receiver,native,Hips,0.6418021,0.812776864,-0.0068071573,0,0,0,0,0
0.4,0.4,attacker,actor,Root,-0.475,0,0,0,0,0,0,0
0.4,0.4,attacker,model,Root,-0.475,0,0,0,0,0,0,0
0.4,0.4,attacker,fighter,Root,-0.475,0,0,0,0,0,0,0
0.4,0.4,attacker,fighter,Hips,-0.475721,0.7842056,0.09333511,-0.000513732433,0.000166296959,-0.000105403364,0.0005501687,0.189745575
0.4,0.4,attacker,native,Root,-0.475,0,0,0,0,0,0,0
0.4,0.4,attacker,native,Hips,-0.475721,0.7842057,0.0933351,-0.000513732433,0.000166296959,-0.000105403364,0.0005501687,0.18557483
0.4,0.4,receiver,actor,Root,0.4750001,0,-1.13248824E-07,0,0,0,0,0
0.4,0.4,receiver,model,Root,0.4750001,0,-1.13248824E-07,0,0,0,0,0
0.4,0.4,receiver,fighter,Root,0.4750001,0,-1.13248824E-07,0,0,0,0,0
0.4,0.4,receiver,fighter,Hips,0.641629338,0.8127718,-0.006638968,-0.000172734261,-5.066395E-06,0.0001681894,0.00024114408,0
0.4,0.4,receiver,native,Root,0.4750001,0,-1.13248824E-07,0,0,0,0,0
0.4,0.4,receiver,native,Hips,0.6416293,0.8127718,-0.006638968,-0.000172793865,-5.066395E-06,0.0001681894,0.00024118679,0
0.4,0.401,attacker,actor,Root,-0.475,0,0,0,0,0,0,0
0.4,0.401,attacker,model,Root,-0.475,0,0,0,0,0,0,0
0.4,0.401,attacker,fighter,Root,-0.475,0,0,0,0,0,0,0
0.4,0.401,attacker,fighter,Hips,-0.476209253,0.7843703,0.0932324752,-0.00100198388,0.0003309846,-0.000208035111,0.00107554684,0.405417562
0.4,0.401,attacker,native,Root,-0.474982947,0,1.83631328E-05,1.70469284E-05,0,1.83631328E-05,2.5055986E-05,0
0.4,0.401,attacker,native,Hips,-0.476209253,0.784370363,0.0932324752,-0.00100198388,0.0003309846,-0.000208027661,0.00107554544,0.391670555
0.4,0.401,receiver,actor,Root,0.4750001,0,-1.13248824E-07,0,0,0,0,0
0.4,0.401,receiver,model,Root,0.4750001,0,-1.13248824E-07,0,0,0,0,0
0.4,0.401,receiver,fighter,Root,0.4750001,0,-1.13248824E-07,0,0,0,0,0
0.4,0.401,receiver,fighter,Hips,0.641453743,0.8127684,-0.0064709126,-0.000348329544,-8.46386E-06,0.0003362447,0.0004842165,0.16785875
0.4,0.401,receiver,native,Root,0.4750001,0,-1.13248824E-07,0,0,0,0,0
0.4,0.401,receiver,native,Hips,0.6414537,0.8127684,-0.0064709126,-0.000348389149,-8.46386E-06,0.0003362447,0.000484259363,0
0.8,0.799,attacker,actor,Root,-0.475,0,0,0,0,0,0,0
0.8,0.799,attacker,model,Root,-0.475,0,0,0,0,0,0,0
0.8,0.799,attacker,fighter,Root,-0.475,0,0,0,0,0,0,0
0.8,0.799,attacker,fighter,Hips,-0.4267287,0.7787814,0.08930121,0,0,0,0,0
0.8,0.799,attacker,native,Root,-0.438334733,0,0.0395048931,0,0,0,0,0
0.8,0.799,attacker,native,Hips,-0.4267287,0.7787815,0.0893012062,0,0,0,0,0
0.8,0.799,receiver,actor,Root,0.4750001,0,-1.13248824E-07,0,0,0,0,0
0.8,0.799,receiver,model,Root,0.4750001,0,-1.13248824E-07,0,0,0,0,0
0.8,0.799,receiver,fighter,Root,0.4750001,0,-1.13248824E-07,0,0,0,0,0
0.8,0.799,receiver,fighter,Hips,0.735239267,0.813384652,0.0491303,0,0,0,0,0
0.8,0.799,receiver,native,Root,0.4750001,0,-1.13248824E-07,0,0,0,0,0
0.8,0.799,receiver,native,Hips,0.645225465,0.813384652,-0.0115629975,0,0,0,0,0
0.8,0.8,attacker,actor,Root,-0.475,0,0,0,0,0,0,0
0.8,0.8,attacker,model,Root,-0.475,0,0,0,0,0,0,0
0.8,0.8,attacker,fighter,Root,-0.475,0,0,0,0,0,0,0
0.8,0.8,attacker,fighter,Hips,-0.42678526,0.7787912,0.0893643051,-5.65648079E-05,9.775162E-06,6.309152E-05,8.529754E-05,0
0.8,0.8,attacker,native,Root,-0.438334733,0,0.0395048931,0,0,0,0,0
0.8,0.8,attacker,native,Hips,-0.42678526,0.778791249,0.0893643,-5.65648079E-05,9.775162E-06,6.309152E-05,8.529754E-05,0
0.8,0.8,receiver,actor,Root,0.4750001,0,-1.13248824E-07,0,0,0,0,0
0.8,0.8,receiver,model,Root,0.4750001,0,-1.13248824E-07,0,0,0,0,0
0.8,0.8,receiver,fighter,Root,0.4750001,0,-1.13248824E-07,0,0,0,0,0
0.8,0.8,receiver,fighter,Hips,0.735134,0.8133423,0.049353905,-0.0001052618,-4.23789024E-05,0.000223606825,0.00025075092,0
0.8,0.8,receiver,native,Root,0.4750001,0,-1.13248824E-07,0,0,0,0,0
0.8,0.8,receiver,native,Hips,0.6451202,0.8133423,-0.0113394056,-0.0001052618,-4.23789024E-05,0.000223591924,0.000250737648,0
0.8,0.801,attacker,actor,Root,-0.475,0,0,0,0,0,0,0
0.8,0.801,attacker,model,Root,-0.475,0,0,0,0,0,0,0
0.8,0.801,attacker,fighter,Root,-0.475,0,0,0,0,0,0,0
0.8,0.801,attacker,fighter,Hips,-0.426844567,0.77880764,0.08942798,-0.000115871429,2.62260437E-05,0.000126764178,0.000173732988,0.306466818
0.8,0.801,attacker,native,Root,-0.438311964,0,0.0395030454,2.27689743E-05,0,-1.847744E-06,2.28438257E-05,0
0.8,0.801,attacker,native,Hips,-0.426844567,0.7788077,0.0894279554,-0.000115871429,2.62260437E-05,0.000126749277,0.000173722117,0.3214251
0.8,0.801,receiver,actor,Root,0.4750001,0,-1.13248824E-07,0,0,0,0,0
0.8,0.801,receiver,model,Root,0.4750001,0,-1.13248824E-07,0,0,0,0,0
0.8,0.801,receiver,fighter,Root,0.4750001,0,-1.13248824E-07,0,0,0,0,0
0.8,0.801,receiver,fighter,Hips,0.7350261,0.8133009,0.0495755747,-0.00021314621,-8.37445259E-05,0.0004452765,0.0005007151,0.17245847
0.8,0.801,receiver,native,Root,0.4750001,0,-1.13248824E-07,0,0,0,0,0
0.8,0.801,receiver,native,Hips,0.645012259,0.813300848,-0.011117721,-0.000213205814,-8.380413E-05,0.0004452765,0.000500750437,0.16785875
