seconds,handHeadGapM,handX,handY,handZ,headX,headY,headZ,headLocalX,headLocalY,headLocalZ,attackerMinimumY,receiverMinimumY,attackerHipsX,attackerHipsY,attackerHipsZ,receiverHipsX,receiverHipsY,receiverHipsZ
0,0.3410421,-0.165356457,1.18422353,-0.199808747,0.07036334,1.3509717,-0.0183123723,-0.6645597,0.9586016,1.61033773,-0.0428202748,0.008215666,-0.436792016,0.6839731,0.0557566471,0.4021248,0.879487038,-0.0394217223
0.0333333351,0.373020619,-0.03936702,1.10509741,-0.265106559,0.09738791,1.37508321,-0.0470466353,-0.839566946,1.02225721,1.51057649,-0.0515130162,-0.00875091553,-0.432112783,0.706417263,0.04189959,0.4025668,0.8766371,-0.0171786733
0.06666667,0.627066433,-0.08787807,0.8743187,-0.2779167,0.181406766,1.38159561,-0.02618638,-0.6390686,0.6801315,1.36268735,-0.04897487,-0.0294355154,-0.422497541,0.753196537,0.0130293611,0.40341422,0.87057066,0.0295045786
0.1,0.86479795,-0.297938168,0.783342,-0.251849771,0.234775171,1.40388453,0.0292532519,-0.342206776,0.616432846,1.47321761,-0.0220683813,-0.03320104,-0.414645761,0.793565452,-0.0119787166,0.403904855,0.865118146,0.07048113
0.12,0.9104158,-0.346453249,0.782650352,-0.249009773,0.23978588,1.41258454,0.04825043,-0.233322427,0.6587573,1.56203949,-0.0128226876,-0.0339396,-0.413422674,0.8020554,-0.0173572078,0.403975159,0.8638164,0.07976166
0.13333334,0.910855353,-0.34733063,0.7826823,-0.248696163,0.239369318,1.41299129,0.0482064448,-0.233575463,0.6638156,1.56675673,-0.0127975941,-0.0340049863,-0.413903683,0.8018511,-0.0173154436,0.403931737,0.8637067,0.0800803
0.166666672,0.9130094,-0.350285947,0.783004642,-0.249510556,0.238089219,1.41422951,0.0487445071,-0.234282419,0.6779494,1.57994187,-0.0132696629,-0.0340458155,-0.415442646,0.8013113,-0.0170845129,0.403660655,0.86340636,0.08064737
0.2,0.9149722,-0.352199256,0.784177661,-0.2533651,0.237073034,1.41536129,0.0491898172,-0.234900281,0.6903042,1.59146333,-0.0144197345,-0.0341695547,-0.4166231,0.8007251,-0.0174043942,0.403379768,0.863069057,0.0812463462
0.233333334,0.9170371,-0.3533361,0.785272,-0.2580473,0.236969352,1.41606116,0.0495263338,-0.2352592,0.6974821,1.59815907,-0.01554811,-0.0344249,-0.417228043,0.8000677,-0.0186059382,0.403490126,0.8627047,0.0819852948
0.266666681,0.919139743,-0.35389328,0.7865809,-0.2642877,0.23713395,1.41649091,0.04990654,-0.235463187,0.7015574,1.60196221,-0.0159202814,-0.03471291,-0.417364478,0.799215853,-0.0206018873,0.4035782,0.862318158,0.08287663
0.3,0.921286464,-0.353708029,0.7884536,-0.272762477,0.237416238,1.41687787,0.0503841974,-0.235639736,0.705085754,1.60525274,-0.0154742,-0.0350332856,-0.417582,0.7981128,-0.0232669469,0.403701,0.8619122,0.08385279
0.333333343,0.9252927,-0.354861647,0.7906474,-0.284218132,0.237751514,1.41718423,0.0510843843,-0.235783651,0.707963169,1.60793591,-0.0144477487,-0.03526497,-0.418041378,0.796866834,-0.0264418423,0.403795719,0.861484468,0.08489613
0.366666675,0.9304983,-0.344945,0.763885,-0.263160646,0.248887926,1.40667927,0.05307505,-0.2303626,0.599581063,1.50684142,-0.0137273669,-0.0353471041,-0.41890958,0.795528054,-0.0299355444,0.403971285,0.8610366,0.08601727
0.4,0.935785353,-0.344807774,0.765709043,-0.280152321,0.2495942,1.4066422,0.05389138,-0.230362654,0.5995815,1.5068413,-0.0126903653,-0.0354573131,-0.420260429,0.794377148,-0.0338036753,0.404069841,0.860572636,0.08719781
0.433333337,0.942972362,-0.364631176,0.770163655,-0.2705056,0.24797748,1.40919065,0.0543820336,-0.2316816,0.625952065,1.53143775,-0.0130746365,-0.0355187654,-0.421524465,0.7933994,-0.03749809,0.40425685,0.860099137,0.08843168
0.466666669,0.9496101,-0.365195334,0.764432132,-0.274723858,0.251577079,1.40659833,0.0553878024,-0.230362624,0.5995815,1.5068413,-0.0134754777,-0.035618484,-0.422474444,0.7924133,-0.041061867,0.40458113,0.8596166,0.08969116
0.5,0.9570725,-0.3655763,0.7571189,-0.278425723,0.252635121,1.40662754,0.0561501049,-0.230362728,0.599583566,1.506841,-0.0161803961,-0.0357570052,-0.423327923,0.791121662,-0.0447154641,0.404894441,0.8591242,0.0909612849
0.533333361,0.9636682,-0.356076568,0.7488008,-0.295284361,0.2536566,1.40671957,0.05688726,-0.230362535,0.59958154,1.50684142,-0.02517873,-0.035775125,-0.424101055,0.7896578,-0.0482233949,0.405698121,0.8586278,0.0922214
0.566666663,0.972564459,-0.364845157,0.746530533,-0.296324342,0.254965782,1.40728021,0.0574070625,-0.230362579,0.599580944,1.50684118,-0.0387391448,-0.0360568762,-0.4246869,0.787710547,-0.05145949,0.406157136,0.8581175,0.09358679
0.6,0.979108036,-0.365791053,0.739429355,-0.29582718,0.3201608,1.33942151,0.06212823,-0.237118661,-0.09218716,0.8737413,-0.0542690158,-0.03637314,-0.425007522,0.7855679,-0.05427753,0.4066202,0.857596338,0.09501508
0.6333333,0.984118462,-0.367750823,0.736815333,-0.298623085,0.3210821,1.33958066,0.06286331,-0.234143987,-0.09480536,0.8742127,-0.07050407,-0.0366795063,-0.4248201,0.7833462,-0.0565481558,0.407096267,0.857070744,0.0964914262
0.6666667,0.9882304,-0.369436771,0.7341778,-0.299965978,0.321906716,1.33959639,0.06350599,-0.2309914,-0.0965973,0.8747469,-0.07797569,-0.03696239,-0.424099982,0.781312,-0.0583150424,0.407544017,0.8565504,0.0980182
0.7,0.9918468,-0.371420771,0.7317964,-0.30031395,0.32277742,1.33931947,0.06405488,-0.227737039,-0.09660162,0.8754139,-0.067727685,-0.0372293,-0.422794223,0.7798047,-0.05956357,0.407969773,0.856034458,0.0995623842
0.733333349,0.9939527,-0.371896237,0.7305072,-0.300922871,0.323830634,1.33889472,0.06482387,-0.2243212,-0.09522447,0.8761904,-0.0540202856,-0.03752321,-0.420836359,0.7788186,-0.060426183,0.408409745,0.855530441,0.101081386
0.766666651,0.9944531,-0.370722145,0.7303901,-0.301822,0.3250307,1.33851349,0.065670535,-0.220832288,-0.093787,0.8769476,-0.0395048857,-0.0378346443,-0.4184801,0.7782352,-0.0609554052,0.408844739,0.8550331,0.102589361
0.8,0.9935556,-0.36831,0.731397331,-0.3029925,0.3261845,1.33828819,0.06648502,-0.21747376,-0.09334537,0.8775735,-0.0230693817,-0.0381311774,-0.415735424,0.777961552,-0.06105286,0.409264117,0.8545424,0.104108453
0.8333333,0.992510855,-0.365985423,0.7334128,-0.305330783,0.3271602,1.33819008,0.06732366,-0.214382574,-0.09399404,0.8780454,-0.0145232081,-0.0384192467,-0.4124102,0.777918,-0.0605848543,0.4096767,0.854055345,0.105628826
0.8666667,0.9918274,-0.3635161,0.7353184,-0.308882862,0.32790944,1.33819366,0.06820312,-0.211641431,-0.0955643356,0.8783652,-0.0135886073,-0.0386955142,-0.40832,0.777700961,-0.05959569,0.4100859,0.853577435,0.107129887
0.9,0.9912007,-0.3604909,0.736771047,-0.313146651,0.328406036,1.33821738,0.06916509,-0.209121883,-0.09740309,0.8786045,-0.01255393,-0.03893161,-0.403576463,0.777265668,-0.05786552,0.41047433,0.853120446,0.108633667
0.933333337,0.9905497,-0.3572329,0.73828125,-0.317918569,0.328795254,1.33819473,0.07022817,-0.206640974,-0.09869871,0.878857255,-0.0118365884,-0.0391129255,-0.3982054,0.776789367,-0.05511738,0.410758317,0.852692068,0.110184662
0.966666639,0.9898674,-0.3543666,0.740575,-0.323509067,0.3291579,1.33801913,0.07106952,-0.204217911,-0.09887652,0.8791783,-0.0116369724,-0.03915006,-0.3920046,0.776425064,-0.0509760529,0.4108653,0.8523082,0.111879639
1,0.9890727,-0.351703167,0.744821548,-0.330766559,0.329554379,1.33795285,0.07215796,-0.201858014,-0.09884067,0.879493535,-0.0120198131,-0.0391465425,-0.385521919,0.7761024,-0.0460657254,0.410946667,0.8519668,0.113433413
1.0333333,0.986501336,-0.359801,0.755405,-0.324436456,0.329858571,1.337984,0.07325229,-0.199545875,-0.0993803,0.8797377,-0.0130414963,-0.03921169,-0.378632039,0.7760593,-0.0401078463,0.410982817,0.8516485,0.114893608
1.06666672,0.984541237,-0.358486116,0.7648286,-0.334298551,0.329922,1.33806658,0.07413004,-0.197286278,-0.100487731,0.8799109,-0.0142640471,-0.0392441154,-0.371582568,0.7759735,-0.0326831639,0.4109401,0.8513624,0.116294019
1.1,0.985651135,-0.348909378,0.77580905,-0.366196036,0.3298466,1.338152,0.07490353,-0.195140511,-0.101688743,0.8800456,-0.0170536637,-0.0392340422,-0.364423841,0.775553465,-0.0240137521,0.410879731,0.851110756,0.117662385
1.13333333,0.981416464,-0.3280086,0.7929758,-0.407546282,0.329593867,1.33823156,0.0756032243,-0.1931558,-0.102870151,0.8801483,-0.0232256055,-0.03916192,-0.357314616,0.774542,-0.0144268014,0.410773,0.850896657,0.118984714
1.16666663,0.9686467,-0.2894899,0.812181532,-0.451642871,0.3291987,1.33828771,0.07629007,-0.1913521,-0.10375163,0.880246639,-0.0307726264,-0.03902787,-0.35165444,0.772424936,-0.00279840827,0.410633028,0.8507253,0.120227844
1.2,0.941155136,-0.236521035,0.8434806,-0.49170056,0.294170737,1.42077541,0.0287511051,-0.6190853,0.675184548,1.37086725,-0.04330069,-0.0389318466,-0.344623625,0.769493043,0.00875251,0.410353124,0.8505893,0.121371165
1.23333335,0.898676753,-0.1687831,0.882360458,-0.5212156,0.295537442,1.42152739,0.02771544,-0.6390681,0.680131733,1.36268735,-0.05995798,-0.0389719,-0.336071283,0.7653691,0.01940795,0.409866661,0.850479066,0.122383848
1.25,0.8712503,-0.129849076,0.906065345,-0.53072685,0.295630634,1.42166209,0.0280253757,-0.6390681,0.6801306,1.362687,-0.0680110455,-0.03900373,-0.330627054,0.7635875,0.0236524791,0.4096607,0.8504408,0.12286257
1.25416672,0.8638027,-0.119764082,0.912362039,-0.5324085,0.295644373,1.421697,0.0280991066,-0.639068067,0.680132449,1.36268735,-0.06951988,-0.03901732,-0.329176426,0.7633094,0.02457983,0.409616321,0.8504327,0.122979492
1.25833333,0.8561339,-0.109513626,0.918787241,-0.533835769,0.295653284,1.42173254,0.0281704441,-0.6390682,0.680129945,1.36268711,-0.07086897,-0.0390304923,-0.327690661,0.7631068,0.0254231244,0.409576833,0.850425541,0.123094171
1.2625,0.8482588,-0.0990886539,0.925325632,-0.535021961,0.2961385,1.42199278,0.027703749,-0.6453165,0.6824635,1.35917985,-0.0720800161,-0.0390433669,-0.326168746,0.762984157,0.0261682272,0.409543276,0.850419343,0.123206131
1.26666665,0.8401438,-0.08849319,0.9319547,-0.5359809,0.302092671,1.42480433,0.0211398825,-0.722708344,0.711351931,1.31574225,-0.07317525,-0.0390553474,-0.324608922,0.762945354,0.0268017948,0.4095167,0.8504139,0.123314828
1.27083337,0.83202523,-0.07809407,0.9387766,-0.5369692,0.308014244,1.42760038,0.0146082826,-0.799693048,0.740089834,1.272532,-0.07404828,-0.0390656,-0.322992057,0.7629796,0.027313605,0.4094991,0.8504096,0.123419061
1.275,0.82406,-0.06808615,0.9458338,-0.5380968,0.310265571,1.42868686,0.0121556856,-0.829017758,0.751037359,1.25607252,-0.07467866,-0.0390735865,-0.321310073,0.7630755,0.0277182758,0.409490556,0.850406468,0.123518504
1.2791667,0.8161442,-0.05821355,0.95301795,-0.5391757,0.310256481,1.428722,0.0122106709,-0.829018,0.7510359,1.25607252,-0.0751217,-0.0390802622,-0.319576979,0.7632383,0.0280390456,0.4094889,0.8504041,0.123613931
1.2833333,0.80811,-0.04826718,0.960205555,-0.539976358,0.310244739,1.42875838,0.012263854,-0.829017937,0.751037061,1.2560724,-0.0754407048,-0.0390845537,-0.3178076,0.7634721,0.0282985419,0.4094919,0.8504028,0.123706155
1.2875,0.7997758,-0.0380294323,0.9672847,-0.540280938,0.3102303,1.428796,0.0123162819,-0.829017758,0.7510357,1.25607276,-0.0757046938,-0.039087832,-0.316017032,0.763781846,0.0285186321,0.409497529,0.850402057,0.123795778
1.29166663,0.790964663,-0.0272913929,0.9741522,-0.5398781,0.3102145,1.42883575,0.01236987,-0.829018,0.751036167,1.25607264,-0.07598692,-0.0390898,-0.31422165,0.764171,0.0287200511,0.4095036,0.8504023,0.123883739
1.29583335,0.7809089,-0.0158541575,0.980733752,-0.538573563,0.428165376,1.34457445,-0.009153838,-1.24580443,-0.0153350495,0.07797897,-0.07636118,-0.03909123,-0.31243822,0.7646427,0.0289222524,0.40950802,0.8504028,0.12397068
1.3,0.769444942,-0.00354883727,0.98699,-0.536188364,0.428121656,1.34458792,-0.009092666,-1.24579632,-0.0153607968,0.07802148,-0.076903224,-0.0390919447,-0.310684383,0.7651997,0.0291433334,0.409508616,0.8504039,0.124057427
1.30416667,0.758026838,0.008633127,0.99280417,-0.5333485,0.428078532,1.34460175,-0.009031119,-1.24578881,-0.0153819863,0.07806419,-0.0775164962,-0.03909272,-0.3089441,0.765844941,0.02936028,0.4095076,0.8504054,0.124143414
1.30833328,0.74757,0.01987675,0.998200655,-0.5307573,0.428039432,1.34461641,-0.008971766,-1.24578059,-0.0154036442,0.07810725,-0.07826191,-0.0390920639,-0.307191849,0.7665707,0.029556185,0.409508348,0.8504077,0.124227457
1.3125,0.7376746,0.0306063648,1.00334656,-0.528304458,0.42800045,1.344631,-0.008913781,-1.245773,-0.0154233258,0.07814993,-0.0791145,-0.0390895,-0.3054325,0.7673631,0.0297550783,0.409510374,0.8504106,0.124308862
1.31666672,0.72784853,0.04131206,1.00835681,-0.5257488,0.4279589,1.34464526,-0.008856359,-1.24576533,-0.0154415648,0.07819283,-0.07989067,-0.0390871167,-0.3036724,0.768209,0.02997753,0.4095134,0.8504139,0.124387264
1.32083333,0.7174341,0.05259751,1.01332617,-0.5226755,0.4279117,1.34465849,-0.008798206,-1.24575746,-0.0154606029,0.07823531,-0.08058816,-0.0390824676,-0.301920235,0.76909554,0.0302404165,0.409517,0.850417733,0.124462217
1.325,0.7055461,0.06519994,1.018395,-0.518464744,0.427856237,1.34467053,-0.00873941,-1.24575007,-0.0154751539,0.0782780647,-0.08121085,-0.0390763879,-0.3001867,0.770009756,0.0305560455,0.409520835,0.8504223,0.12453305
1.32916665,0.691030145,0.07997076,1.02382874,-0.5122643,0.427789152,1.34468031,-0.008677859,-1.24574208,-0.0154877771,0.07832155,-0.08177489,-0.039069593,-0.298484683,0.7709375,0.0309320316,0.409524381,0.850426853,0.124599367
1.33333337,0.672464848,0.09781055,1.030066,-0.5029717,0.4277075,1.34468842,-0.008613858,-1.245735,-0.0154916691,0.0783645138,-0.0823124051,-0.0390601158,-0.296827823,0.771861553,0.0313706174,0.409527361,0.8504322,0.124660589
1.3375,0.64943254,0.118861146,1.03706408,-0.48999,0.427619368,1.3447001,-0.008543133,-1.2457267,-0.0154984817,0.07841389,-0.08293682,-0.0390495658,-0.295223475,0.7728023,0.0318364725,0.409529626,0.8504378,0.124716491
1.3416667,0.6228532,0.1421104,1.04459667,-0.4736608,0.427530318,1.34471917,-0.008463988,-1.24571693,-0.0155080911,0.0784697756,-0.0837034,-0.0390375853,-0.29365918,0.7737775,0.0323026553,0.409532249,0.850444138,0.12476664
1.3458333,0.59309417,0.1667148,1.0529573,-0.45407784,0.427432716,1.344741,-0.008377121,-1.24570644,-0.0155162951,0.0785284638,-0.08456051,-0.0390239954,-0.292117983,0.7747652,0.0327792466,0.4095364,0.8504507,0.124810308
1.35,0.5604519,0.191885367,1.062433,-0.4313283,0.427319854,1.34476256,-0.008283378,-1.24569726,-0.0155137358,0.07858618,-0.0854578,-0.0390090942,-0.290583283,0.775744855,0.03327737,0.409543246,0.8504583,0.124846973
1.35416663,0.525172949,0.216884255,1.07328951,-0.405518532,0.4271838,1.3447777,-0.008183781,-1.24568892,-0.0155107668,0.0786367655,-0.08634043,-0.038992703,-0.289039433,0.7766953,0.0338099,0.409554034,0.8504661,0.1248758
1.35833335,0.487463176,0.241034389,1.08576477,-0.376779377,0.427017748,1.34478378,-0.008079374,-1.2456826,-0.0154918283,0.0786761642,-0.08752185,-0.0389746428,-0.287471652,0.7775985,0.0343913361,0.409570038,0.850474954,0.124896079
1.3625,0.447535,0.263694584,1.10004425,-0.34529233,0.426814646,1.344776,-0.007970851,-1.24568033,-0.01545552,0.07869892,-0.08868551,-0.0389544368,-0.2858663,0.7784356,0.03503806,0.40959233,0.8504845,0.124907285
1.36666667,0.4056315,0.284242,1.11625981,-0.311293662,0.426567048,1.34475017,-0.007858863,-1.24568152,-0.0153990509,0.07870189,-0.0897147655,-0.03893262,-0.284210384,0.7791915,0.03576877,0.4096222,0.850494564,0.124908656
1.37083328,0.360487968,0.302718043,1.13485,-0.2734957,0.426336,1.34471476,-0.007738357,-1.24567926,-0.015331367,0.07873149,-0.09069002,-0.0389083028,-0.282508254,0.77986294,0.036609225,0.409657568,0.8505061,0.124897987
1.375,0.3117331,0.31852138,1.15586364,-0.231086344,0.426154464,1.34467578,-0.007607888,-1.24566722,-0.0152590256,0.07881357,-0.09176248,-0.0388794541,-0.280777574,0.7804632,0.03755065,0.409695327,0.8505184,0.124873161
1.37916672,0.258056641,0.3552472,1.19507289,-0.205527887,0.42597,1.34462821,-0.00747556426,-1.24565411,-0.0151769128,0.07890887,-0.09290731,-0.0388478637,-0.279028177,0.781003535,0.03856372,0.409734875,0.850532353,0.124833435
1.38333333,0.203355536,0.3740048,1.22374892,-0.162529275,0.425730646,1.34456658,-0.00734872324,-1.24564517,-0.0150760766,0.07897988,-0.09408218,-0.0388128757,-0.2772755,0.7814964,0.0396214053,0.409775376,0.850547969,0.124777846
1.3875,0.145985976,0.402005225,1.2595855,-0.123670988,0.425384134,1.34448481,-0.00723457849,-1.24564826,-0.0149525441,0.07898691,-0.0952611,-0.0387734175,-0.275541455,0.7819564,0.04069791,0.409816235,0.850565434,0.12470565
1.39166665,0.0862863958,0.421700239,1.29363155,-0.0768526644,0.424877882,1.344379,-0.00713934423,-1.24566913,-0.0147956833,0.07889292,-0.09641492,-0.0387299061,-0.273855269,0.7823954,0.04176636,0.409856677,0.8505856,0.124615967
1.39583337,0.0257400014,0.472546577,1.328787,-0.016291419,0.466270655,1.34948635,-0.0023380667,-1.27720428,0.07645024,-0.337318957,-0.09751052,-0.0386815667,-0.2722525,0.782826245,0.0427972078,0.409895927,0.850608051,0.124507956
1.4,0,0.4956055,1.36213267,0.0503027141,0.4956055,1.36213267,0.0503027141,-0.8123722,0.251683146,-0.713735044,-0.0985147953,-0.03862846,-0.2707739,0.7832599,0.0437565,0.40993315,0.850633442,0.124380723
1.4041667,0,0.3451914,1.34732413,0.0556339771,0.3451914,1.34732413,0.0556339771,-0.5010226,-0.0272968151,0.73228085,-0.09948927,-0.038567543,-0.269402623,0.7836388,0.0446881056,0.409967929,0.850662649,0.124238014
1.4083333,0,0.3159359,1.34913588,0.118514128,0.3159359,1.34913588,0.118514128,0.157167524,-0.0154330786,0.9176676,-0.100507438,-0.03849691,-0.268093884,0.7839104,0.04564984,0.409998417,0.8506965,0.124082483
1.4125,0,0.354296565,1.3539691,0.193553656,0.354296565,1.3539691,0.193553656,0.830917954,0.08815973,0.435258627,-0.101548672,-0.0384162068,-0.26684916,0.7840927,0.0466245562,0.41002214,0.850735843,0.123911731
1.41666663,0,0.2883184,1.41178608,0.1740886,0.2883184,1.41178608,0.1740886,0.7140045,0.591743052,1.17628634,-0.10259378,-0.03832662,-0.265671372,0.7842016,0.0475944728,0.410036534,0.850780964,0.123723179
1.42083335,0,0.396885335,1.36317062,0.218538508,0.396885335,1.36317062,0.218538508,1.01230454,0.217196837,0.0112598566,-0.10362339,-0.03822738,-0.26456368,0.7842518,0.0485407561,0.410038978,0.8508326,0.1235145
1.425,0.0192509182,0.314353675,1.4631933,0.256487042,0.319050074,1.47240639,0.24024941,1.30281425,1.2254529,0.8830321,-0.104619861,-0.0381193161,-0.2635302,0.784257352,0.0494431257,0.4100267,0.8508917,0.123283237
1.42916667,0.0565317348,0.2892865,1.44519722,0.283239037,0.3103001,1.4684217,0.236176431,1.25688756,1.16827822,0.9946212,-0.105567396,-0.03800243,-0.26257512,0.7842305,0.0502806,0.4099968,0.8509585,0.123027138
1.43333328,0.09003804,0.248358652,1.433784,0.297320962,0.2878516,1.47537351,0.227912977,1.16971254,1.20563376,1.25895941,-0.106455207,-0.0378765464,-0.261702657,0.784182,0.05103098,0.409946263,0.8510338,0.122743964
1.4375,0.122122377,0.205143377,1.41636145,0.3012453,0.2780204,1.46720672,0.217474356,1.04001653,1.10531819,1.38396692,-0.107291937,-0.0377575755,-0.260890782,0.7841053,0.05169098,0.409883261,0.8511162,0.122425944
1.44166672,0.150950417,0.152177587,1.41821265,0.291924536,0.2678945,1.46071279,0.20480758,0.8771899,1.02225685,1.51057565,-0.108091235,-0.0376550555,-0.260110766,0.7839947,0.0522824228,0.409812748,0.8512047,0.1220718
1.44583333,0.184019163,0.120723307,1.43168354,0.31105575,0.268719018,1.46014917,0.205462039,0.839820445,1.00866282,1.53187752,-0.10884738,-0.0375618935,-0.2593576,0.7838592,0.0528176576,0.409726381,0.851300061,0.121688992
1.45,0.217956275,0.09066399,1.42663348,0.3271236,0.2629848,1.45636189,0.197020963,0.7021833,0.958601356,1.61033785,-0.109556019,-0.03746915,-0.2586275,0.7837072,0.053304702,0.409616321,0.8514018,0.121285252
1.45416665,0.247134492,0.0665013641,1.4056741,0.338241041,0.266396523,1.45696163,0.202274233,0.7021833,0.9586001,1.61033773,-0.110212147,-0.0373705029,-0.257916957,0.7835421,0.0537484437,0.409474671,0.8515108,0.1208682
1.45833337,0.274681121,0.0375660434,1.4147923,0.347650647,0.265812755,1.45551133,0.200358063,0.622129738,0.936922848,1.64084685,-0.110814989,-0.0372585058,-0.257221758,0.7833672,0.0541499853,0.409294069,0.851627052,0.120445639
1.4625,0.299333155,0.009495623,1.42228639,0.3550302,0.2549984,1.47576714,0.19233869,0.4643219,1.12498271,1.78016579,-0.111360013,-0.0371261239,-0.256536454,0.783182561,0.05450797,0.409066975,0.85175097,0.12002527
1.4666667,0.323275864,-0.0171583,1.42815971,0.360622734,0.257041574,1.48225725,0.198156819,0.454886973,1.18347585,1.80090451,-0.111847043,-0.03696698,-0.2558537,0.7829859,0.0548191965,0.4087865,0.8518829,0.119614892
1.4708333,0.345834821,-0.04264465,1.43280029,0.3646362,0.250096083,1.48167,0.187107816,0.251239151,1.17428935,1.85665846,-0.112204373,-0.03678775,-0.255170375,0.782768846,0.0550871938,0.408459842,0.852021039,0.11921826
1.475,0.36762026,-0.06751128,1.43655813,0.367171168,0.253997058,1.48207331,0.194818571,0.251239,1.17428958,1.85665846,-0.112388372,-0.03669095,-0.2544881,0.782523632,0.0553227663,0.4081023,0.8521636,0.1188308
1.47916663,0.3894393,-0.09163233,1.43941593,0.3683607,0.251791865,1.48107243,0.189510092,0.102943733,1.16510546,1.8679316,-0.112436056,-0.0369055271,-0.253805816,0.782250047,0.05553171,0.407718956,0.8523105,0.118447781
1.48333335,0.409510583,-0.114865877,1.44134307,0.368365258,0.251978159,1.48062217,0.190653324,0.0188117325,1.1598953,1.87432623,-0.112384081,-0.03712505,-0.253122061,0.7819488,0.05571927,0.407314926,0.8524607,0.118064262
1.4875,0.42968744,-0.1370573,1.44228959,0.36739257,0.254334062,1.48099792,0.1943441,-0.03622286,1.16330564,1.87014365,-0.112266123,-0.03734106,-0.252435,0.781620443,0.05589062,0.4068951,0.852614343,0.1176752
1.49166667,0.448016137,-0.158058986,1.44218135,0.3656939,0.251065969,1.48143864,0.187384948,-0.213616118,1.1742897,1.8566587,-0.112115979,-0.0375466943,-0.251742333,0.781266451,0.05605024,0.40646407,0.8527703,0.117275506
1.49583328,0.466119468,-0.177735686,1.44091308,0.363572121,0.255580127,1.4817065,0.196716875,-0.213616133,1.174289,1.8566587,-0.111966312,-0.0377352238,-0.251041174,0.7808892,0.0562024266,0.406026363,0.852929056,0.116859965
1.5,0.482891977,-0.195983246,1.43833911,0.3613724,0.252076417,1.4832902,0.186997592,-0.414167523,1.20267177,1.807711,-0.111847878,-0.0378994942,-0.250327766,0.7804917,0.05635117,0.405586064,0.8530898,0.116422981
1.50416672,0.498970866,-0.212613538,1.43451083,0.3592988,0.2565596,1.48350632,0.196670562,-0.414167255,1.20267153,1.80771089,-0.111739337,-0.0380427241,-0.249611229,0.7800751,0.0564776063,0.405143619,0.8532521,0.115965
1.50833333,0.5138143,-0.227619871,1.42973685,0.3573167,0.253479749,1.48661745,0.186106652,-0.612591863,1.25043678,1.72580409,-0.111602724,-0.0381703377,-0.248903453,0.779637158,0.0565623939,0.404698282,0.853414834,0.115490049
1.5125,0.5277446,-0.241193727,1.42419982,0.3554155,0.258039325,1.48679,0.196157366,-0.6125916,1.25043607,1.72580385,-0.1114437,-0.0382805467,-0.248205036,0.7791777,0.0566093475,0.404252261,0.8535773,0.11499849
1.51666665,0.540426254,-0.253532022,1.41805208,0.353555173,0.25552243,1.48726285,0.185823157,-0.7964879,1.27450323,1.61306,-0.111267686,-0.0383709073,-0.247517079,0.7786975,0.0566231161,0.403808,0.8537386,0.114490569
1.52083337,0.5526715,-0.2648385,1.41141748,0.3516713,0.260275871,1.483257,0.195019513,-0.80294,1.23485017,1.59851861,-0.111079454,-0.03843981,-0.246841162,0.7781972,0.056609273,0.40336746,0.85389775,0.113966554
1.525,0.5642044,-0.276341379,1.40249884,0.345681131,0.2585412,1.46730924,0.17826882,-1.00239325,1.10531688,1.38396668,-0.110883892,-0.0384827852,-0.246179044,0.777679265,0.05657357,0.4029331,0.854054451,0.113426581
1.5291667,0.57464844,-0.287172854,1.39259672,0.337931067,0.262668133,1.46739566,0.188596308,-1.002393,1.10531676,1.38396728,-0.11068511,-0.0384989977,-0.245532632,0.7771447,0.05652277,0.402506918,0.8542081,0.112870865
1.5333333,0.5843016,-0.299207836,1.37652111,0.316991776,0.259878516,1.47644353,0.179709867,-1.14215088,1.21543646,1.24832964,-0.110488772,-0.03848517,-0.24490416,0.7765959,0.05646397,0.402091146,0.8543574,0.112299494
1.5375,0.593391955,-0.308333665,1.3634212,0.303068757,0.26001057,1.48207951,0.180516526,-1.20994759,1.28152514,1.17670834,-0.110291541,-0.0384323,-0.2442947,0.7760411,0.0563899875,0.401688278,0.8545031,0.111724436
1.54166663,0.602259755,-0.315463722,1.35256338,0.295010865,0.259770662,1.49006474,0.181364343,-1.27582049,1.37130892,1.10362744,-0.110087872,-0.0383353233,-0.243708372,0.7754853,0.05629298,0.401298255,0.8546452,0.111157432
1.54583335,0.6115106,-0.321413279,1.34353089,0.291610241,0.26089403,1.49751258,0.186002418,-1.31599784,1.45216215,1.05882931,-0.109880388,-0.0381959081,-0.243151724,0.7749266,0.0561790168,0.4009189,0.854783833,0.110597946
1.55,0.6209127,-0.32675904,1.3343451,0.288152933,0.265293747,1.49748111,0.196541429,-1.31642973,1.45303214,1.05834866,-0.10967046,-0.0380170345,-0.242631763,0.774362564,0.0560537875,0.4005482,0.8549186,0.110045582
1.55416667,0.630103,-0.331507027,1.32516122,0.284619927,0.2657804,1.49894488,0.184236646,-1.37841749,1.49035347,0.838694334,-0.109460831,-0.0378012657,-0.24215579,0.7737923,0.05592248,0.4001842,0.8550498,0.109499872
1.55833328,0.6384853,-0.335653,1.316123,0.2810209,0.269996375,1.49880433,0.194534436,-1.37841713,1.49035323,0.8386948,-0.109252632,-0.0375508666,-0.241731226,0.773213863,0.0557900071,0.399824917,0.8551775,0.10896045
1.5625,0.6467466,-0.3391825,1.30735481,0.2773734,0.2729575,1.496115,0.188292757,-1.38967681,1.47807956,0.6743546,-0.109046936,-0.0372695923,-0.24136582,0.772626,0.05566083,0.399468452,0.855302,0.10842672
1.56666672,0.648501635,-0.3420697,1.29896975,0.273715317,0.289896369,1.34410965,0.135383546,-1.22272682,0.00141124811,-0.03659595,-0.10884726,-0.0369581,-0.24106735,0.77202785,0.05553916,0.39911285,0.85542357,0.107898131
1.57083333,0.6500014,-0.3443386,1.29089975,0.270047069,0.290818155,1.34431362,0.142670825,-1.22105122,0.00107305509,-0.03927919,-0.108645558,-0.0366176367,-0.240825564,0.7714251,0.0554258078,0.398750871,0.855542362,0.107371867
1.575,0.651577532,-0.3460529,1.282976,0.2663683,0.292044878,1.34449315,0.149748668,-1.21941531,0.000637903868,-0.0418046825,-0.108436823,-0.03624201,-0.240623415,0.7708248,0.0553179681,0.398378253,0.8556598,0.106847435
1.57916665,0.6532363,-0.3472442,1.27515161,0.262721628,0.293553978,1.34464061,0.156577319,-1.217835,0.00012062864,-0.044162523,-0.108222127,-0.03583032,-0.240458459,0.7702299,0.05521348,0.3979981,0.8557753,0.106327169
1.58333337,0.6549801,-0.347948223,1.26737928,0.259139955,0.295319021,1.34475279,0.163121745,-1.21632576,-0.000470701663,-0.0463436954,-0.108003616,-0.03538251,-0.240328074,0.769642532,0.0551109,0.3976136,0.855888844,0.105813853
1.5875,0.6566134,-0.348201573,1.25961709,0.25564912,0.29442364,1.34824193,0.154063269,-1.18612337,0.0352973752,-0.200682878,-0.107784867,-0.0349081755,-0.240229636,0.769065142,0.05500853,0.397228539,0.856000245,0.105310254
1.5916667,0.6571322,-0.3480424,1.25182366,0.252265871,0.29258126,1.35186541,0.145421818,-1.155335,0.06912201,-0.350331664,-0.107566953,-0.0344542861,-0.240160435,0.768500149,0.0549050272,0.3968466,0.85610944,0.1048193
1.5958333,0.657648861,-0.3475096,1.24396229,0.249004409,0.293761671,1.35217392,0.151211366,-1.15261042,0.067763485,-0.3526866,-0.107352138,-0.03400427,-0.24011752,0.7679497,0.05479926,0.396472067,0.8562154,0.10434407
1.6,0.658347249,-0.3466419,1.2359978,0.245867312,0.2951507,1.35246432,0.156654552,-1.150212,0.0663738251,-0.354730129,-0.107144117,-0.0339849,-0.240098178,0.767415762,0.0546901226,0.396109253,0.8563186,0.103887826
1.63333333,0.655804753,-0.330522865,1.1808486,0.183198676,0.2996423,1.36136544,0.1635671,-1.04125965,0.08237737,-0.620063841,-0.105484724,-0.0354653,-0.24096027,0.763686955,0.0539800972,0.393153518,0.857034147,0.100732982
1.66666663,0.649046242,-0.315942526,1.19030213,0.191340715,0.3083046,1.36743128,0.177135661,-1.06227612,0.07057449,-0.6139191,-0.10326165,-0.0422673225,-0.243042529,0.7618165,0.05360377,0.390662581,0.85740006,0.0979754
1.7,0.639221847,-0.2857351,1.15386581,0.212022409,0.314557284,1.37117386,0.179915562,-1.09152424,0.067878224,-0.601169467,-0.0998775959,-0.0481404066,-0.245738864,0.76125133,0.05282624,0.3889371,0.8573931,0.0957336
1.73333335,0.634207547,-0.261621743,1.12423074,0.238220111,0.318444252,1.37253785,0.174296573,-1.12310123,0.07136599,-0.582807839,-0.09571773,-0.0531888,-0.248808563,0.760711253,0.05128458,0.387741953,0.857065,0.0934685543
1.76666665,0.626974046,-0.207407564,1.056675,0.303050429,0.337948561,1.35253549,0.212775022,-1.2336067,-0.0132107921,-0.0168035869,-0.08995783,-0.05758953,-0.251997977,0.7601882,0.0496752262,0.386667877,0.856579,0.090777576
1.8,0.616553664,-0.189278781,1.04440069,0.303548932,0.333212584,1.35399377,0.197278932,-1.23910487,-0.0118245017,-0.00289753056,-0.08374393,-0.0614698529,-0.254459769,0.759827435,0.0487186462,0.38577342,0.8560266,0.08734413
1.83333337,0.6107247,-0.169165492,1.02516,0.3023391,0.327801824,1.35703576,0.176376447,-1.243712,-0.0124127846,0.0131705971,-0.07993519,-0.06541234,-0.2566631,0.7598032,0.04835683,0.384993762,0.855374157,0.08332241
1.86666667,0.615246356,-0.146833777,1.00010121,0.297987342,0.327152133,1.36272728,0.148428768,-1.24698,-0.0148807131,0.0324811377,-0.0784876943,-0.06995165,-0.258693337,0.7603389,0.04863265,0.384696484,0.854750633,0.08051086
1.9,0.6209133,-0.126011074,0.9744624,0.289660126,0.3723747,1.33411872,0.201385945,-0.511617243,-0.01369545,0.7371614,-0.07944107,-0.07460636,-0.260481119,0.761202,0.04933791,0.3839902,0.854047,0.07760034
1.93333328,0.6112766,-0.10693647,0.949305058,0.277215362,0.373424977,1.3206836,0.206575513,-0.199894711,-0.0437254,0.880613446,-0.08035374,-0.0765152,-0.26214096,0.7622236,0.0504321754,0.383615583,0.8533142,0.07485371
1.9666667,0.604043067,-0.0893556848,0.9262511,0.261194825,0.362934172,1.32107949,0.19476831,-0.143527269,-0.0261421539,0.881925941,-0.08107799,-0.07703662,-0.2638942,0.76333797,0.05196947,0.383369565,0.852551639,0.07268547
2,0.5940799,-0.0721843541,0.905431569,0.241042718,0.318817735,1.35261583,0.249675915,0.0188112259,0.523885369,1.47154319,-0.08114958,-0.0763154,-0.2656832,0.7645596,0.05407107,0.383376032,0.8519908,0.07073469
2.0333333,0.5870115,-0.09449809,0.9185031,0.219577536,0.299308121,1.353213,0.24252373,0.0188117921,0.5852909,1.53866839,-0.0807265639,-0.07449263,-0.267219335,0.765833437,0.05629407,0.383634627,0.8515989,0.06897158
2.0666666,0.5833833,-0.07633149,0.8974996,0.197389022,0.290445954,1.34970176,0.233771011,0.0188114941,0.5852907,1.53866816,-0.08009541,-0.0713734,-0.268653244,0.767127633,0.05826935,0.384272724,0.8513152,0.06734177
2.1,0.585960746,-0.0611443557,0.8791525,0.1720116,0.291364819,1.34441555,0.223173752,0.0188123882,0.523883045,1.47154391,-0.07949245,-0.06710875,-0.2702334,0.768431962,0.0600217134,0.3852488,0.8510149,0.065607436
2.13333344,0.592903137,-0.04893729,0.862357438,0.142688081,0.33657372,1.31159139,0.175917715,0.05984065,0.0147809032,0.934735537,-0.07910627,-0.061855197,-0.272122175,0.7697683,0.06175345,0.3865699,0.8507619,0.06350606
2.16666675,0.5984019,-0.0392237827,0.8463671,0.108952522,0.324331284,1.31986988,0.150276631,-0.166022122,-0.0258025266,0.881791234,-0.07898939,-0.0562846065,-0.274279565,0.7710902,0.0635203,0.388183117,0.850353837,0.061025586
2.2,0.605071545,-0.0312533453,0.832896769,0.07192224,0.317112774,1.32286382,0.14036864,-0.17871134,-0.0489744842,0.882953346,-0.07847226,-0.051138103,-0.276404172,0.772353768,0.0651443154,0.389902025,0.8498809,0.0582153462
2.23333335,0.6130868,-0.0272116847,0.823374033,0.0325969048,0.310008973,1.32672107,0.126402289,-0.17833063,-0.07124659,0.883361757,-0.07694143,-0.047303617,-0.27838093,0.77353996,0.06660086,0.391644657,0.8494827,0.0550695024
2.26666665,0.6222673,-0.0292712841,0.8182835,-0.008419812,0.3040041,1.33035064,0.109611563,-0.16816543,-0.0895586,0.883202553,-0.0750017762,-0.043764174,-0.280355632,0.7747244,0.0679523647,0.393386751,0.849170148,0.0516405366
2.3,0.6317763,-0.035847012,0.816668332,-0.04784093,0.2998622,1.33335507,0.09171339,-0.1529495,-0.103682905,0.8823129,-0.07360482,-0.0413612127,-0.282466829,0.7760133,0.06970949,0.3950508,0.848990858,0.04803823
2.33333325,0.6420414,-0.04791943,0.817953944,-0.08508685,0.297155082,1.335511,0.07389575,-0.138545811,-0.11478889,0.880678654,-0.07393259,-0.0413755774,-0.2845094,0.777246356,0.07206197,0.396633416,0.8488895,0.0442280769
2.36666656,0.6531403,-0.065797545,0.819233835,-0.110972121,0.295366526,1.33680582,0.0571706444,-0.130913034,-0.123982146,0.8789174,-0.07546985,-0.0412737131,-0.286182821,0.778389037,0.07502065,0.398178875,0.848789036,0.0406480953
2.4,0.6638413,-0.084244594,0.8196924,-0.12956287,0.293938547,1.33729076,0.04293274,-0.132526547,-0.1311139,0.8777929,-0.07826388,-0.0410565138,-0.286858827,0.7793955,0.0779516846,0.399671584,0.8486948,0.03716071
2.4333334,0.6754814,-0.103896484,0.82322365,-0.155044883,0.293184757,1.337237,0.03040542,-0.141710192,-0.136198461,0.877258539,-0.08124399,-0.041502,-0.287710637,0.7805545,0.08096297,0.401149,0.848587155,0.0337817967
2.4666667,0.688507557,-0.1251387,0.8254241,-0.175705224,0.29258728,1.3367728,0.0194103811,-0.1565448,-0.139879152,0.8767218,-0.0843718648,-0.04188633,-0.2886901,0.781763136,0.0837484151,0.402473032,0.848467946,0.0306741074
2.5,0.6969813,-0.139134988,0.8239521,-0.182078525,0.2925501,1.3362596,0.0102023352,-0.175128222,-0.141505778,0.8757889,-0.08629751,-0.04185015,-0.289643079,0.7828541,0.08587358,0.4034793,0.8484115,0.0278594755
2.5333333,0.7005993,-0.154527247,0.835921764,-0.199136928,0.292857647,1.33582354,0.002814408,-0.194182262,-0.140909389,0.874317944,-0.08880925,-0.04203713,-0.2910541,0.7838891,0.08751817,0.4039978,0.8484293,0.024918111
2.5666666,0.702166,-0.168777525,0.8492022,-0.210598856,0.293506235,1.33558846,-0.00381565373,-0.211346447,-0.139616385,0.872292,-0.09006882,-0.04183644,-0.2932795,0.7848009,0.08875961,0.40418905,0.848541856,0.0225843471
2.6,0.705237567,-0.183516935,0.860071361,-0.216158345,0.294541538,1.33551311,-0.00933654048,-0.225406289,-0.138041422,0.870114744,-0.0894811153,-0.041547,-0.295395136,0.7855961,0.0889664441,0.404191554,0.848698258,0.0205803011
2.63333344,0.7091532,-0.1977975,0.8684813,-0.2166524,0.2956646,1.33562958,-0.01375877,-0.2372428,-0.13654387,0.867874265,-0.08727878,-0.0412345529,-0.297602057,0.7862349,0.08853438,0.404042155,0.848913968,0.0187684335
2.66666675,0.715214968,-0.211795419,0.872012436,-0.211528465,0.2967247,1.33598876,-0.0174518079,-0.247619763,-0.135823,0.8654586,-0.08255863,-0.04101038,-0.300147235,0.78691113,0.08738648,0.4037621,0.849195659,0.0172699559
2.7,0.724243164,-0.22676751,0.8737216,-0.208453983,0.2977238,1.33643365,-0.0204791185,-0.255260646,-0.135247543,0.8634834,-0.07461989,-0.0407142043,-0.3025759,0.787456334,0.08504115,0.403344065,0.8494882,0.0159390215
2.73333335,0.735794246,-0.242081672,0.873142362,-0.207309619,0.2986633,1.33685625,-0.0230340641,-0.260461718,-0.134359717,0.8621326,-0.0626846552,-0.0404498577,-0.305327833,0.787788153,0.0816797242,0.402777761,0.8497621,0.0147889359
2.76666665,0.7501695,-0.257947,0.869257152,-0.206920519,0.299442261,1.337251,-0.0251148529,-0.263593465,-0.133484989,0.861342967,-0.0477003455,-0.040314436,-0.308676481,0.787810564,0.0773682,0.402110726,0.8499946,0.0138395233
2.8,0.7673957,-0.274854,0.8628502,-0.208869532,0.299944252,1.3375895,-0.0268649925,-0.2643326,-0.133071378,0.861190557,-0.0405887365,-0.0401983261,-0.312448949,0.787500262,0.07200657,0.401424348,0.8501572,0.0131450947
2.83333325,0.7871822,-0.291748732,0.8523117,-0.211699411,0.300085455,1.337821,-0.0282088928,-0.263565183,-0.133180276,0.8614088,-0.04036194,-0.0401121378,-0.316484272,0.786824048,0.06552396,0.400724947,0.8502122,0.0126955351
2.86666656,0.8087011,-0.3090677,0.8392408,-0.214673549,0.299980432,1.33790064,-0.0292114113,-0.261449963,-0.133681953,0.8619631,-0.0322234631,-0.040112257,-0.320617378,0.785657346,0.0580226928,0.4000269,0.850129068,0.0126037784
2.9,0.831312,-0.326272666,0.8243247,-0.217959151,0.299793333,1.337898,-0.0299071465,-0.2581302,-0.134135708,0.8628686,-0.02601856,-0.04016167,-0.324956656,0.784337759,0.0495926142,0.399320751,0.8499792,0.0128109045
2.9333334,0.8528965,-0.342865378,0.8102813,-0.220924586,0.29952535,1.33790469,-0.03018893,-0.2549026,-0.134242162,0.863780856,-0.0222221017,-0.0402364135,-0.3298508,0.783194542,0.04022856,0.39856866,0.8498481,0.0131297866
2.9666667,0.872571766,-0.359370232,0.7990619,-0.225254953,0.298737,1.33769619,-0.029936038,-0.251805753,-0.13473089,0.8645532,-0.0193902254,-0.0402072072,-0.335662127,0.782168448,0.0298435986,0.3982283,0.8497562,0.0141513022
3,0.8909248,-0.37496528,0.790608644,-0.231312871,0.298428267,1.33787036,-0.0293406267,-0.248867318,-0.133981451,0.8654894,-0.01678741,-0.04030776,-0.342433751,0.781327546,0.018789921,0.3967461,0.84966135,0.0144957714
3.0333333,0.9068625,-0.4016323,0.7969144,-0.230319858,0.2975762,1.33789241,-0.0282064229,-0.246890485,-0.133716017,0.8660587,-0.01627165,-0.0404596329,-0.349873155,0.7807169,0.00733725,0.395503819,0.8495741,0.0154749732
3.0666666,0.921507955,-0.417109579,0.794991553,-0.238341838,0.296748221,1.33798313,-0.0268138237,-0.244487867,-0.133880347,0.8666432,-0.0162158012,-0.04074639,-0.3576659,0.7803333,-0.004857134,0.39435333,0.849469841,0.0167021658
3.1,0.934501767,-0.425894946,0.7884093,-0.248812169,0.296085536,1.33799529,-0.02522103,-0.241082624,-0.1340199,0.867458344,-0.0151985288,-0.0410293341,-0.365214676,0.780190349,-0.0169559773,0.3932219,0.849322438,0.017983865
3.13333344,0.945232153,-0.431582958,0.7821644,-0.2599082,0.295409918,1.33801425,-0.0233154353,-0.238428563,-0.134164438,0.8680628,-0.0145868063,-0.0410685539,-0.3724015,0.7801862,-0.0286279079,0.3920314,0.84912914,0.0195676517
3.16666675,0.9538849,-0.434805632,0.77608,-0.270344675,0.2947174,1.33787537,-0.0211891457,-0.235586792,-0.133721441,0.8687994,-0.0161398053,-0.04115808,-0.378804952,0.7804503,-0.03971023,0.390862316,0.8489038,0.0214155037
3.2,0.9604556,-0.4359493,0.7708634,-0.280069143,0.294016242,1.33778358,-0.0188665986,-0.233721092,-0.133016467,0.869346142,-0.0189091563,-0.04153329,-0.3850108,0.781061947,-0.0496000275,0.389565766,0.848659337,0.0234050136
3.23333335,0.9647527,-0.434544116,0.76645416,-0.289694935,0.293293446,1.33766973,-0.01635822,-0.23179318,-0.132556751,0.869850039,-0.0201425552,-0.0417722464,-0.391103119,0.782034159,-0.05772524,0.388216734,0.848369241,0.0254237633
3.26666665,0.967495143,-0.421222359,0.7525781,-0.3044177,0.292450666,1.33755088,-0.01368664,-0.230636388,-0.132237241,0.8701551,-0.0183895826,-0.0418928266,-0.396611243,0.783459246,-0.06399964,0.3867993,0.8480615,0.02745261
3.3,0.968892932,-0.4074293,0.7424431,-0.3204227,0.291735917,1.3374759,-0.01081407,-0.229215026,-0.131893739,0.8705137,-0.0139694214,-0.04191476,-0.4012474,0.7854209,-0.06822389,0.38537097,0.847757,0.029334439
3.33333325,0.9689845,-0.401739627,0.749878943,-0.345370442,0.291069716,1.33743,-0.008131672,-0.227318659,-0.131717384,0.870933354,-0.0124368072,-0.0420894027,-0.405114323,0.7878442,-0.07072406,0.3839421,0.8474852,0.0314883366
3.36666656,0.9666246,-0.391495526,0.756521761,-0.3687081,0.2902805,1.33732557,-0.00509906374,-0.226228669,-0.1310564,0.8712684,-0.0168768167,-0.0420815349,-0.408387,0.7905323,-0.07175608,0.382526726,0.8472644,0.0339251533
3.4,0.9622758,-0.378126323,0.7522676,-0.373541564,0.289519072,1.3371433,-0.00186331582,-0.225161344,-0.129576609,0.8717375,-0.024780333,-0.04200232,-0.410852462,0.793086052,-0.07184345,0.3811636,0.847106159,0.0364650637
3.4333334,0.956043541,-0.363931775,0.749846,-0.377432883,0.288719535,1.33678317,0.00147382764,-0.223039418,-0.126860127,0.8726032,-0.0349364281,-0.0420531631,-0.413283437,0.7952193,-0.07163354,0.3799012,0.8470276,0.03907539
3.4666667,0.949026942,-0.350883126,0.749323,-0.3803993,0.2876043,1.33599234,0.00535330968,-0.219029143,-0.120722264,0.8742957,-0.04238099,-0.04223281,-0.415964544,0.796951,-0.07124348,0.378754646,0.847083747,0.0415651947
3.5,0.9425841,-0.339778364,0.7499678,-0.381391972,0.28774932,1.33480585,0.009297407,-0.2105796,-0.108619742,0.8772709,-0.0482187867,-0.0421844125,-0.418300569,0.798406363,-0.07093051,0.377530038,0.8473455,0.0438537449
3.5333333,0.9351309,-0.329480439,0.7514106,-0.3794815,0.288670778,1.33328664,0.0126653612,-0.199498236,-0.09306962,0.8802457,-0.05345136,-0.0420022,-0.4204488,0.7997844,-0.07053015,0.376181155,0.8477103,0.0465413965
3.5666666,0.927191734,-0.319829941,0.753038347,-0.37466377,0.290163636,1.3316586,0.0162210688,-0.188440025,-0.07466312,0.8823068,-0.05406618,-0.04140836,-0.422285825,0.801125944,-0.06977673,0.374768525,0.84813565,0.0489815176
3.6,0.9162841,-0.310856253,0.756268263,-0.3695382,0.227760509,1.39483893,0.00688701868,-0.230362654,0.599581,1.50684118,-0.0507850647,-0.0408026576,-0.4235402,0.8023359,-0.0687447637,0.373505324,0.8486225,0.0512040555
3.63333344,0.906013668,-0.3023107,0.7596075,-0.3618145,0.22769475,1.39342785,0.00997407548,-0.2303628,0.5995811,1.50684083,-0.04588574,-0.03998393,-0.424625516,0.803375661,-0.06739183,0.372458756,0.8491325,0.05339662
3.66666675,0.8957206,-0.291567475,0.7543801,-0.34106648,0.2274496,1.39281714,0.0129601369,-0.2303628,0.5995828,1.50684118,-0.0387297869,-0.0392205119,-0.425677866,0.8041821,-0.06585106,0.3715408,0.8496,0.055685766
3.7,0.8865294,-0.283703655,0.751229,-0.3214677,0.227004856,1.3922472,0.0164773334,-0.230362758,0.5995821,1.506841,-0.0291306376,-0.03872186,-0.4263359,0.804755032,-0.06418751,0.370477378,0.8500617,0.0580867268
3.73333335,0.8795021,-0.280635476,0.7524672,-0.3070179,0.226056188,1.39150178,0.02225754,-0.2303627,0.599582553,1.50684118,-0.0206279159,-0.0383760929,-0.426583141,0.8051542,-0.062143445,0.369168252,0.8505524,0.0605924465
3.76666665,0.875584,-0.282599032,0.7568684,-0.297753066,0.224190071,1.39065111,0.03108079,-0.230362684,0.599582255,1.50684118,-0.0146787167,-0.0381199121,-0.426044881,0.805435658,-0.0596864522,0.367716551,0.8510522,0.063274
3.8,0.874906957,-0.286339819,0.7623758,-0.290896982,0.22201103,1.39203751,0.04162032,-0.230362743,0.5995834,1.506841,-0.0140903592,-0.0378555655,-0.424839854,0.8055373,-0.0566448942,0.366251528,0.8515393,0.0661548
3.83333325,0.8778823,-0.287326723,0.7519287,-0.263203084,0.28476885,1.33437419,0.0595061965,-0.210749671,-0.0576323122,0.8794462,-0.0153636336,-0.0378317237,-0.4233221,0.8054767,-0.0529802,0.364862,0.8519396,0.0692679659
3.86666656,0.8801106,-0.295373768,0.756516933,-0.258431315,0.28089726,1.33788562,0.06485924,-0.222058818,-0.08141423,0.877343237,-0.016628623,-0.0379037261,-0.421383977,0.8052827,-0.04879836,0.363467664,0.852261,0.0726309642
3.9,0.8821636,-0.305198759,0.7698227,-0.2678798,0.277453452,1.34074557,0.06794175,-0.226400673,-0.101650856,0.8751427,-0.0180505514,-0.03886521,-0.419108063,0.8049634,-0.0437142067,0.362267315,0.8525085,0.07618367
3.9333334,0.8837771,-0.3141426,0.7814133,-0.27677235,0.274601668,1.34197176,0.0699499846,-0.226163819,-0.111659244,0.8740981,-0.0172540545,-0.0402318239,-0.4168051,0.804559231,-0.0380850025,0.361111641,0.8527016,0.07988743
3.9666667,0.8862683,-0.322872758,0.783112168,-0.27261,0.272497028,1.34212172,0.07164954,-0.224628136,-0.113792971,0.8741357,-0.0164659619,-0.0417769551,-0.4145927,0.804115832,-0.0317368768,0.359841466,0.8528191,0.08344763
4,0.8892377,-0.332272053,0.784089446,-0.268763483,0.2699989,1.34168518,0.07343592,-0.223070174,-0.114026576,0.874411464,-0.0156924129,-0.04368496,-0.412872344,0.8036136,-0.0249747336,0.358549982,0.852883637,0.08664303
4.0333333,0.893006265,-0.3429792,0.7846452,-0.265399665,0.266967624,1.34101772,0.07500402,-0.222761154,-0.114796907,0.8743749,-0.0150276423,-0.0464414954,-0.411807328,0.8030893,-0.0179354437,0.357521355,0.8529111,0.08921983
4.0666666,0.896656334,-0.354377776,0.7860184,-0.2636177,0.26304853,1.3402456,0.07639631,-0.224754363,-0.118051842,0.8735586,-0.0186850429,-0.0494731665,-0.411305547,0.802554131,-0.0109206447,0.357152253,0.85287565,0.09092418
4.1,0.8992739,-0.3645205,0.7885071,-0.263650954,0.258984625,1.33949566,0.07744506,-0.22964,-0.121222384,0.8721247,-0.0247576833,-0.051110208,-0.4114346,0.802044451,-0.00480015,0.356861621,0.8528409,0.09164276
4.133333,0.9010485,-0.3739913,0.7909585,-0.26394248,0.254273355,1.33885646,0.07808047,-0.2368389,-0.125041991,0.869967,-0.0294849277,-0.04832989,-0.4118711,0.801295042,0.000138467178,0.356407136,0.852848947,0.09139752
4.16666651,0.9028271,-0.383448482,0.792842865,-0.264134139,0.249210328,1.33847439,0.07810239,-0.245575145,-0.12942794,0.8671289,-0.029482007,-0.04443991,-0.4117132,0.800528765,0.003404037,0.355676442,0.85299,0.0902205
4.2,0.903458953,-0.3915907,0.7941019,-0.264216,0.24366495,1.33828568,0.07718149,-0.252791375,-0.133319959,0.864518344,-0.026841104,-0.0424189568,-0.4107341,0.8000467,0.004870795,0.354644239,0.85339874,0.08811932
4.233333,0.90314585,-0.398073643,0.795065343,-0.2652052,0.2382503,1.33814538,0.075130485,-0.259116054,-0.13492173,0.8624148,-0.0271593332,-0.03756565,-0.408969551,0.7998533,0.00493159471,0.353277624,0.854020059,0.08515296
4.266667,0.9026608,-0.403903216,0.7958679,-0.267573535,0.232710764,1.33812547,0.0722438544,-0.264652342,-0.134549215,0.8608139,-0.0276913047,-0.03338647,-0.4067541,0.7998222,0.00370134949,0.3513048,0.854817331,0.08142863
4.3,0.9020968,-0.408800036,0.7963599,-0.270936131,0.22764352,1.338331,0.06815918,-0.26760608,-0.133408144,0.860100865,-0.0260293484,-0.0324552059,-0.404355228,0.799857438,0.00137471128,0.348684,0.8556593,0.0768893138
4.33333349,0.900467038,-0.4120149,0.796337068,-0.2745732,0.22281079,1.33861756,0.06272345,-0.266914785,-0.131852031,0.860612154,-0.02444607,-0.03325528,-0.4018702,0.79989624,-0.00180895987,0.345269173,0.856461048,0.07152004
4.366667,0.8980038,-0.41356647,0.795812964,-0.2784359,0.218342438,1.33907545,0.0561801344,-0.264739543,-0.129824132,0.861662269,-0.0222454667,-0.03364551,-0.39953813,0.7999505,-0.005688101,0.340899318,0.857173741,0.06516633
4.4,0.8945659,-0.413013,0.7944941,-0.2816388,0.214581281,1.33972239,0.0486634634,-0.262196571,-0.127525523,0.8628427,-0.0190198421,-0.03350115,-0.397478,0.800032258,-0.009833333,0.33560288,0.8576868,0.05774094
4.4333334,0.89026463,-0.410510838,0.7927457,-0.284693658,0.2114851,1.34061778,0.0401576,-0.2592976,-0.12409009,0.8642773,-0.0163868666,-0.0322399735,-0.3958543,0.800084531,-0.01407926,0.32903707,0.858069241,0.04924281
4.4666667,0.8851525,-0.406243324,0.790661335,-0.287567943,0.209124774,1.34160972,0.0306661353,-0.255649745,-0.1197748,0.865994036,-0.0159683228,-0.0313076377,-0.394677579,0.8000448,-0.0187636279,0.322025,0.858438134,0.0402139947
4.5,0.879085958,-0.400926,0.7886744,-0.290066332,0.206959143,1.342625,0.0204277746,-0.2522065,-0.1150331,0.8676177,-0.0155272484,-0.0312944651,-0.393961757,0.799915969,-0.0237464737,0.314694822,0.8588706,0.0309334639
4.5333333,0.8718186,-0.3944764,0.787032366,-0.292101979,0.204579443,1.34383917,0.00983488,-0.2491711,-0.11057698,0.8689993,-0.01457262,-0.03349507,-0.393367916,0.7996818,-0.0289407447,0.307199121,0.859397054,0.0212762449
4.5666666,0.8636245,-0.3875121,0.785682559,-0.29350093,0.201733351,1.34524715,-0.00105513469,-0.247154057,-0.108110383,0.869814336,-0.0135275126,-0.0364298224,-0.393581063,0.799418151,-0.0340306722,0.299970835,0.8599641,0.0111461673
4.6,0.854917049,-0.380053043,0.784449637,-0.294407338,0.198278829,1.3468715,-0.0113931112,-0.246890053,-0.108918309,0.869790852,-0.0128463507,-0.03873062,-0.393778384,0.7990912,-0.0387607254,0.293450624,0.860541761,0.00150156172
4.633333,0.8459622,-0.3723231,0.7834196,-0.295097649,0.1945859,1.34848547,-0.0212969482,-0.248249382,-0.111188576,0.869170368,-0.0127491951,-0.03950733,-0.394043744,0.798702955,-0.04315136,0.287713081,0.8610986,-0.00769175449
4.66666651,0.8368995,-0.364863575,0.7826414,-0.2954476,0.19080697,1.349812,-0.0309696887,-0.249622062,-0.1127945,0.868610442,-0.0129615664,-0.04109931,-0.39424634,0.7983387,-0.0472195,0.2826407,0.861656845,-0.0165702235
4.7,0.828211,-0.35798046,0.782057166,-0.295338452,0.187298015,1.35073781,-0.0399814732,-0.2504422,-0.112836525,0.8683891,-0.0135186911,-0.04234159,-0.394452,0.7980524,-0.0508161038,0.2781508,0.8621977,-0.0246439185
4.733333,0.820204854,-0.351939559,0.7816161,-0.2951694,0.184225991,1.3512733,-0.04868771,-0.250312865,-0.1114496,0.86860013,-0.0142813921,-0.0431803465,-0.3947114,0.797799647,-0.05393366,0.274179429,0.862692058,-0.03220032
4.766667,0.812887669,-0.346823871,0.7808944,-0.2942534,0.18142809,1.351354,-0.0569518581,-0.2503512,-0.108525395,0.8689428,-0.0148607492,-0.04390502,-0.395085752,0.797575831,-0.05660438,0.270733863,0.8631281,-0.0393924937
4.8,0.8067728,-0.342686057,0.7800182,-0.293374062,0.178761572,1.35150766,-0.06451932,-0.249880552,-0.10708943,0.869231045,-0.0151970387,-0.04469043,-0.395619631,0.797363758,-0.0589514263,0.267800838,0.8635387,-0.0461370423
4.83333349,0.80128026,-0.33885473,0.7787688,-0.292230666,0.176135466,1.3515594,-0.07144557,-0.249193043,-0.105758369,0.8695582,-0.0151404142,-0.0455673337,-0.3962105,0.7971838,-0.0609678,0.26535508,0.863938451,-0.0524080768
4.866667,0.7969602,-0.336125016,0.7769656,-0.290292054,0.173630118,1.35153973,-0.0777835548,-0.248588145,-0.104550719,0.869844556,-0.0151329637,-0.04643035,-0.3969653,0.797049165,-0.0626785755,0.263395458,0.864333153,-0.05809789
4.9,0.7941522,-0.334826082,0.7751456,-0.289685041,0.171232879,1.35146523,-0.08368067,-0.247811437,-0.103323489,0.8701738,-0.015296638,-0.04715246,-0.3977457,0.796941,-0.06400133,0.261866271,0.864751458,-0.0631035343
4.9333334,0.7916015,-0.3340606,0.7736857,-0.289702177,0.169090167,1.350985,-0.0892085955,-0.244046077,-0.0994808,0.8714955,-0.015663147,-0.04773581,-0.398444772,0.7968649,-0.06498087,0.260673344,0.8652159,-0.0676292554
4.9666667,0.789197564,-0.333569467,0.7724894,-0.2898364,0.167775214,1.34981823,-0.09444506,-0.235563844,-0.0894227549,0.874259,-0.0161117911,-0.0478178859,-0.398909122,0.7968126,-0.0656274557,0.259673774,0.865856,-0.0718257651
5,0.788759768,-0.33475247,0.771174967,-0.289570332,0.1679545,1.348556,-0.09967896,-0.222420543,-0.07582883,0.8775337,-0.0163192749,-0.047549665,-0.3991558,0.7968036,-0.06596574,0.2587929,0.8666162,-0.0757364854
5.0333333,0.789085746,-0.336313576,0.7702714,-0.2897047,0.168771937,1.34775054,-0.105143733,-0.207953408,-0.0637496337,0.8800371,-0.01644969,-0.0475870371,-0.3992784,0.796798766,-0.06608923,0.258060068,0.8673892,-0.07930216
5.0666666,0.7901461,-0.338095963,0.7696612,-0.290205866,0.17006965,1.34730971,-0.110148072,-0.1943407,-0.0530361421,0.8815391,-0.016084969,-0.0477019548,-0.399094641,0.796802163,-0.06601529,0.257522464,0.868162,-0.08259784
5.1,0.7914636,-0.339839756,0.769225836,-0.290791333,0.17108947,1.34748042,-0.114758365,-0.183664277,-0.0483735651,0.882356048,-0.0156180263,-0.0474755168,-0.398817718,0.796818435,-0.06582662,0.257409841,0.8687731,-0.08556137
5.133333,0.792621136,-0.341782451,0.7689512,-0.291213065,0.171071321,1.34802818,-0.118299454,-0.174918711,-0.04867146,0.882968843,-0.0159846544,-0.0471336842,-0.398683339,0.796869755,-0.06556699,0.257789284,0.8693253,-0.08835725
5.16666651,0.794166,-0.343728542,0.7684957,-0.291753769,0.1711422,1.34870124,-0.121550247,-0.16862148,-0.0520489551,0.883431733,-0.0158379674,-0.0467324853,-0.39831996,0.796956658,-0.064971894,0.259011269,0.8696661,-0.09086048
5.2,0.7951369,-0.345377266,0.767988563,-0.291685939,0.17085588,1.349242,-0.124681264,-0.165728882,-0.055649437,0.883676469,-0.015901804,-0.0464203954,-0.3978356,0.797051549,-0.0643267855,0.260047346,0.869883657,-0.09308025
5.233333,0.7961051,-0.346978545,0.7674795,-0.291440934,0.170676947,1.34956908,-0.127161413,-0.165950045,-0.0582835041,0.883748531,-0.0160390139,-0.04632932,-0.397358358,0.7971788,-0.0636541545,0.2610308,0.8700178,-0.0950694755
5.266667,0.797014,-0.348327,0.767175853,-0.291123867,0.170543179,1.34996986,-0.128777862,-0.169015527,-0.0615177974,0.883692861,-0.0159879327,-0.0465399623,-0.396888733,0.7973351,-0.0629679263,0.2621519,0.8701383,-0.0968602747
5.3,0.7973531,-0.349190652,0.7672853,-0.2910054,0.1702443,1.35034084,-0.12974304,-0.175187439,-0.0672858,0.8834139,-0.0160076618,-0.0465644,-0.3963672,0.797498047,-0.0622947179,0.263691723,0.8701668,-0.09843348
5.33333349,0.7977769,-0.349604219,0.767702639,-0.291012645,0.169923335,1.35123789,-0.12968792,-0.186562449,-0.0786263943,0.8823853,-0.01600498,-0.04668075,-0.39581123,0.7976768,-0.06164858,0.26618427,0.870081544,-0.09974066
5.366667,0.7980949,-0.349699855,0.768202543,-0.2908525,0.168903112,1.35272479,-0.12855573,-0.20435217,-0.09492414,0.8795095,-0.0158027411,-0.0468638539,-0.395282537,0.7978582,-0.06106638,0.2689726,0.869972348,-0.100625187
5.4,0.7986457,-0.3498168,0.7685962,-0.290351659,0.168117255,1.35425079,-0.127293885,-0.221472621,-0.111463755,0.8751355,-0.0154726505,-0.0470445752,-0.394788563,0.798032165,-0.060579367,0.2721589,0.8698398,-0.10115841
5.4333334,0.799059868,-0.349585831,0.768977046,-0.289483964,0.168009147,1.35549664,-0.126429111,-0.231641382,-0.125634685,0.8711003,-0.0151987672,-0.0469301939,-0.394261032,0.7982147,-0.060144078,0.275713056,0.8697075,-0.1013181
5.4666667,0.7993128,-0.3489861,0.769385,-0.288424373,0.168669015,1.35626268,-0.125609845,-0.234366864,-0.135918528,0.86868906,-0.0150474906,-0.0459139347,-0.393665016,0.7984108,-0.0596994124,0.279586583,0.8695511,-0.101065315
5.5,0.799764156,-0.34828347,0.769976258,-0.287730515,0.170174062,1.356656,-0.12453898,-0.231434524,-0.142846912,0.8679449,-0.0149834752,-0.0431351066,-0.393023133,0.798607945,-0.05920884,0.28368178,0.8693122,-0.10033989
5.5333333,0.800465167,-0.347327769,0.770681858,-0.287036061,0.172641933,1.3567121,-0.122888237,-0.226149365,-0.146478489,0.8682671,-0.0147940516,-0.03859526,-0.392393023,0.7987911,-0.05872619,0.287880272,0.868959546,-0.0989688
5.5666666,0.8013765,-0.3462934,0.77146256,-0.286169529,0.1762208,1.35603631,-0.120468661,-0.220643967,-0.147310287,0.8691485,-0.0147076249,-0.0341482162,-0.391845554,0.7989554,-0.05826847,0.2923803,0.868344963,-0.09680963
5.6,0.8027914,-0.345335782,0.772429466,-0.2854253,0.180814058,1.35486817,-0.116886087,-0.216805279,-0.146692544,0.869975448,-0.0146384835,-0.0344349146,-0.391447067,0.7990822,-0.0578724779,0.297235757,0.867475033,-0.09365409
5.633333,0.8053406,-0.3450141,0.773365259,-0.28479588,0.186048523,1.3534981,-0.111614227,-0.215557054,-0.145759538,0.870392561,-0.0143921971,-0.03428316,-0.391213447,0.7991961,-0.0575236753,0.302454919,0.866452038,-0.08945724
5.66666651,0.8098927,-0.345132142,0.7739092,-0.28441906,0.192510515,1.35240221,-0.1049409,-0.214580715,-0.144500151,0.870829463,-0.0143865347,-0.03590232,-0.390918851,0.799312234,-0.05713994,0.308046222,0.8653555,-0.08427653
5.7,0.8159083,-0.344759047,0.7738441,-0.283833742,0.199890286,1.35192,-0.0970406458,-0.215070516,-0.142527223,0.8711637,-0.0139327049,-0.0369377136,-0.390289277,0.7994526,-0.05665745,0.3132863,0.864543736,-0.077988416
5.733333,0.8231091,-0.34412834,0.773408,-0.283039957,0.2081985,1.3517369,-0.08815707,-0.214987963,-0.140707314,0.8715515,-0.0140798092,-0.036506176,-0.389609426,0.7996039,-0.05604906,0.318723619,0.863845766,-0.07058805
5.766667,0.830235064,-0.343046516,0.7729933,-0.282132119,0.216668427,1.35133934,-0.07835428,-0.21470958,-0.13876304,0.8719877,-0.0141593814,-0.0350984931,-0.388640076,0.7997502,-0.0553772151,0.324821353,0.8631358,-0.06216739
5.8,0.8366746,-0.341429,0.7732175,-0.281842917,0.225220263,1.350407,-0.06786808,-0.214727491,-0.135502949,0.8726158,-0.0141621232,-0.0330625176,-0.3876395,0.79986006,-0.05472475,0.3318869,0.8623711,-0.0530258752
5.83333349,0.842587769,-0.339375556,0.773776531,-0.281714678,0.233954534,1.34886932,-0.0569592342,-0.215192527,-0.1299418,0.8735524,-0.0137468576,-0.0314421058,-0.386634618,0.7999316,-0.0540854335,0.339740127,0.861576736,-0.0431787223
5.866667,0.848589,-0.337484926,0.7743865,-0.281618476,0.243017212,1.3464669,-0.0453039221,-0.218281522,-0.120362923,0.8745603,-0.0131297708,-0.030470252,-0.3856206,0.799973249,-0.0534379855,0.348398864,0.86079514,-0.0324183553
5.9,0.8544817,-0.3356561,0.775010467,-0.281696856,0.252090633,1.34315431,-0.03288904,-0.228503853,-0.107164457,0.874312162,-0.0127580762,-0.02923125,-0.384749919,0.79997927,-0.0527488738,0.357681155,0.86006546,-0.02127463
5.9333334,0.8606645,-0.333888948,0.7756535,-0.28183198,0.260807425,1.3390131,-0.0178141017,-0.254229873,-0.09249451,0.86941874,-0.01271522,-0.0286405087,-0.384088278,0.7999395,-0.0520020463,0.36761573,0.859393537,-0.009887584
5.9666667,0.867761135,-0.332571983,0.776025534,-0.281580329,0.2687061,1.33466,0.0002024718,-0.295073539,-0.08022666,0.8561078,-0.01293689,-0.02923733,-0.383593172,0.799886644,-0.05125747,0.378140271,0.8588392,0.00169602374
6,0.875625432,-0.331587,0.775921464,-0.280938476,0.208739817,1.39890623,0.0134367989,-0.639068663,0.6801312,1.36268783,-0.0132500529,-0.02996242,-0.3832658,0.799854159,-0.0505844355,0.388905883,0.8583221,0.0126285776
6.0333333,0.880925357,-0.330467969,0.7754637,-0.279976726,0.213830918,1.40096283,0.01754473,-0.8290184,0.7510354,1.25607347,-0.0135023594,-0.0298911333,-0.383041173,0.7998581,-0.0499885753,0.3990907,0.8579138,0.0227573477
6.0666666,0.8862714,-0.328923762,0.77465713,-0.2788022,0.318878174,1.341621,-0.06813275,-1.24602509,-0.012013603,0.02494901,-0.0142204165,-0.0305250287,-0.382793874,0.7998908,-0.0494650826,0.408328861,0.857726753,0.0320323519
6.1,0.8922695,-0.327634633,0.7740036,-0.278224945,0.2292987,1.40126562,0.025933655,-0.8290182,0.7510344,1.25607336,-0.0146941543,-0.0313473344,-0.382460624,0.7999145,-0.0490507931,0.4164253,0.8577175,0.0397883
6.133333,0.897035062,-0.326144964,0.773691952,-0.277811736,0.23813054,1.39733267,0.03417756,-0.5825795,0.6661488,1.38580978,-0.01481092,-0.0320150256,-0.382097155,0.799932241,-0.0487946644,0.423424751,0.8580169,0.04622873
6.16666651,0.902251542,-0.3245278,0.773580551,-0.277333,0.239898413,1.40038407,0.04297663,-0.231952786,0.631372452,1.53649461,-0.0147016644,-0.0327428579,-0.381695479,0.7999509,-0.04866737,0.4297661,0.8584968,0.051371
6.2,0.910208046,-0.322794855,0.773636937,-0.27666983,0.2485737,1.40502822,0.0448292121,0.0188113749,0.585290253,1.538668,-0.0143657923,-0.0334169269,-0.3811879,0.799969256,-0.0486373529,0.435397685,0.859160841,0.0554824248
6.233333,0.913984239,-0.320825577,0.773937,-0.275745869,0.3213826,1.33810532,0.04775048,-0.104359418,-0.1299357,0.8747368,-0.014081955,-0.0334337354,-0.3805511,0.799990356,-0.0486690626,0.4398162,0.859768867,0.0596553423
6.266667,0.913723052,-0.318602443,0.7744967,-0.274766445,0.3220555,1.33847451,0.0513872877,-0.1354248,-0.1367547,0.876474142,-0.0139423609,-0.03328526,-0.3798159,0.800017357,-0.0487413481,0.443512,0.860113263,0.0634899959
6.3,0.9125798,-0.316457421,0.7752531,-0.274034649,0.321621418,1.33835578,0.05546908,-0.182429492,-0.136425838,0.8760909,-0.0138303041,-0.0326697826,-0.379022062,0.8000503,-0.04884462,0.445992947,0.860370338,0.066886656
6.33333349,0.91146183,-0.314756036,0.7761668,-0.273751229,0.3206313,1.33811152,0.05981098,-0.22839947,-0.134498149,0.870118737,-0.0137097836,-0.0318551064,-0.378276736,0.8000865,-0.0489769429,0.447584629,0.8606888,0.06939303
6.366667,0.91041714,-0.3134979,0.777180433,-0.273731679,0.319952637,1.338176,0.0622501038,-0.2622571,-0.1327891,0.8618826,-0.013487041,-0.0311029553,-0.3776814,0.8001279,-0.04913099,0.44848156,0.861076534,0.07077225
6.4,0.9087845,-0.3126748,0.778146148,-0.273832858,0.320018619,1.33887434,0.05959214,-0.262546241,-0.134527981,0.861464858,-0.0133240819,-0.03280157,-0.377294362,0.800168,-0.0493103936,0.448835373,0.8615115,0.0709678456
6.4333334,0.90660125,-0.3122607,0.778856039,-0.273863673,0.320468962,1.34014344,0.0525340438,-0.231977433,-0.1399146,0.868290663,-0.0132862329,-0.03091669,-0.377164364,0.8002096,-0.049482815,0.448832572,0.862138,0.07017591
6.4666667,0.9041652,-0.312441915,0.7793248,-0.274124,0.3215729,1.34096467,0.0422628,-0.180386811,-0.145750076,0.8742633,-0.013220787,-0.029659152,-0.377307057,0.800247431,-0.04959614,0.4489708,0.862857,0.06832763
6.5,0.90146935,-0.313457549,0.779555559,-0.2747293,0.3214553,1.34112573,0.0321445651,-0.137412,-0.151480243,0.873372555,-0.0133444071,-0.029918015,-0.377513766,0.800283,-0.0496662855,0.449391723,0.86347276,0.0657378361
6.5333333,0.897851646,-0.315070748,0.779509962,-0.2754602,0.318756253,1.340767,0.0235239379,-0.121500924,-0.15576975,0.871279061,-0.0129653811,-0.0304095149,-0.377651185,0.800310552,-0.0496855751,0.450005472,0.8638801,0.06296762
6.5666666,0.892451644,-0.317059964,0.7794672,-0.276398122,0.313133836,1.33927453,0.0167596154,-0.137275711,-0.157376722,0.8720948,-0.01292479,-0.03103441,-0.377879918,0.800335169,-0.04966025,0.450752139,0.8641483,0.0601649359
6.6,0.886494339,-0.3192981,0.7794597,-0.277607143,0.306315541,1.3370378,0.0115060629,-0.17019558,-0.156715646,0.8724427,-0.0132077336,-0.0316959023,-0.378223926,0.8003623,-0.049558036,0.4514096,0.864370763,0.0569006763
6.633333,0.88071084,-0.321794331,0.7795213,-0.27923727,0.299306363,1.33446693,0.00698105339,-0.206200033,-0.154899031,0.8696074,-0.0132126212,-0.0322310328,-0.378544033,0.8003909,-0.04937882,0.451825052,0.864586055,0.0531299859
6.66666651,0.8754462,-0.3246237,0.77959305,-0.281121582,0.292668462,1.33201635,0.00204791827,-0.238104567,-0.153595865,0.8639221,-0.0132992268,-0.032359004,-0.378816128,0.8004214,-0.0491418242,0.451842666,0.8647795,0.0490408465
6.7,0.8703364,-0.327060044,0.779495358,-0.282676041,0.286828935,1.32995689,-0.00407612836,-0.258640319,-0.1530496,0.858595252,-0.0133734345,-0.03239703,-0.379050434,0.800459743,-0.0488787,0.451342553,0.864949048,0.04443727
6.733333,0.8656156,-0.329337358,0.77933234,-0.283979058,0.282043755,1.32838964,-0.011876964,-0.263689458,-0.154076472,0.8568001,-0.0134632587,-0.0324357152,-0.379229933,0.800508559,-0.0486048,0.4503751,0.8650574,0.0394751951
6.766667,0.8614397,-0.331423461,0.7791982,-0.2853225,0.2782856,1.3272537,-0.0208069813,-0.257876128,-0.156543255,0.857943952,-0.0133652687,-0.0326252,-0.379321873,0.8005631,-0.0483042523,0.449033976,0.8650792,0.03435349
6.8,0.857618034,-0.332868159,0.779048443,-0.286228418,0.2752415,1.32661843,-0.0295603443,-0.249622852,-0.159092322,0.859620035,-0.0131988525,-0.03341931,-0.379302472,0.800628364,-0.0479966551,0.4472906,0.8650339,0.0292027071
6.83333349,0.8537905,-0.3334737,0.779049754,-0.286683053,0.272574782,1.32631493,-0.037355274,-0.244841278,-0.16095753,0.8603879,-0.0126703382,-0.0340940356,-0.379087061,0.8007015,-0.0476815626,0.4452183,0.8649279,0.024177473
6.866667,0.8506445,-0.333991,0.7791694,-0.2870679,0.270200968,1.32630146,-0.0437682122,-0.244927958,-0.161435053,0.8602404,-0.0125021935,-0.03444457,-0.378914475,0.80077523,-0.047362566,0.442849249,0.864771962,0.01925326
6.9,0.848606,-0.334402025,0.7791199,-0.286410153,0.269406617,1.326378,-0.0496490523,-0.24758701,-0.158293322,0.860378265,-0.0123030543,-0.0344555378,-0.378765762,0.800864756,-0.04710841,0.440340757,0.864505231,0.0148347635
6.9333334,0.846987844,-0.3347655,0.7791452,-0.285778135,0.269052118,1.32619333,-0.0544103831,-0.240218386,-0.150381356,0.8641939,-0.0119698644,-0.0345196724,-0.3786284,0.800961,-0.0468719527,0.4373537,0.8643362,0.0106583387
6.9666667,0.8438033,-0.335012585,0.7792193,-0.284819126,0.190200061,1.39864564,-0.05576307,-0.00593896955,0.644346654,1.58981025,-0.0116471052,-0.0344073176,-0.378518283,0.8010642,-0.04666733,0.433824927,0.8641675,0.00677069975
7,0.8404023,-0.334983349,0.779456258,-0.283821881,0.187208727,1.39990938,-0.0633011,0.018811509,0.693568766,1.64068329,-0.0113714933,-0.0342798233,-0.378455937,0.8011641,-0.0464848131,0.4299785,0.8639795,0.00337104453
7.0333333,0.8400159,-0.334714472,0.779633164,-0.282396555,0.191958636,1.39856672,-0.0698798,0.0188113,0.6935651,1.640683,-0.0111296773,-0.03438109,-0.378448725,0.801257551,-0.0463625267,0.4259706,0.863794148,0.000533595332
7.0666666,0.8415197,-0.3343712,0.779790938,-0.280677259,0.197521091,1.39829612,-0.0740440339,0.0188114941,0.6935675,1.64068329,-0.0109270215,-0.03445804,-0.378540456,0.8013382,-0.0463054031,0.421857983,0.8636555,-0.00170762872
7.1,0.844727,-0.33437264,0.780031443,-0.2791695,0.203098029,1.39919043,-0.0758691,0.01881133,0.693566263,1.64068294,-0.0108106136,-0.0341002345,-0.3787827,0.8013965,-0.0462940857,0.418074131,0.863518834,-0.00321354577
7.133333,0.84918195,-0.334607542,0.7801326,-0.2778741,0.2078318,1.40119147,-0.07500613,0.0188112855,0.693567038,1.64068341,-0.011025846,-0.033839643,-0.379226744,0.8014348,-0.0462543219,0.414640456,0.8634462,-0.00406339066
7.16666651,0.854990959,-0.3351614,0.7801423,-0.27694732,0.211650014,1.40443289,-0.07135518,0.0188112557,0.693566561,1.64068282,-0.0112153292,-0.03368485,-0.3798228,0.8014697,-0.04613942,0.411577374,0.8634035,-0.004176335
7.2,0.8623364,-0.3357805,0.7798997,-0.2761871,0.214453429,1.40928876,-0.06467809,0.0188111663,0.6935669,1.6406827,-0.0115252137,-0.0334801674,-0.3805268,0.801516,-0.0459498242,0.4089392,0.8633613,-0.00360497786
7.233333,0.8704292,-0.336254865,0.7794671,-0.275415868,0.225991085,1.40480256,-0.05073383,0.018811509,0.585289657,1.53866875,-0.0118023157,-0.0332638621,-0.381301582,0.8015835,-0.0456979945,0.406674385,0.863289058,-0.00239791861
7.266667,0.878476858,-0.336491376,0.7789766,-0.275042146,0.227102324,1.410364,-0.03959871,0.018811509,0.585290551,1.53866827,-0.0121208429,-0.0330437422,-0.382009745,0.8016415,-0.0453851148,0.404774427,0.8632234,-0.0006496705
7.3,0.883087933,-0.336216331,0.7788435,-0.2751359,0.2975216,1.34440279,-0.03355097,-0.212777078,-0.10865137,0.8768399,-0.0123569369,-0.0329963565,-0.382609367,0.80169183,-0.0450307876,0.403252125,0.8631617,0.00146962027
7.33333349,0.8856063,-0.335464656,0.7790444,-0.275432944,0.2985081,1.346013,-0.0286055766,-0.223280653,-0.113327444,0.8744642,-0.0123696923,-0.03317845,-0.383129537,0.8017417,-0.0446448624,0.4020244,0.863090158,0.00381060829
7.366667,0.8880089,-0.334693223,0.7794442,-0.2760244,0.2999072,1.34718919,-0.0240169521,-0.229498744,-0.115734309,0.8729272,-0.0122671127,-0.0333360434,-0.38356486,0.801782548,-0.0442155078,0.401000619,0.863006532,0.00626083324
7.4,0.89049983,-0.334279954,0.7798536,-0.276878417,0.301455,1.34802008,-0.0199389718,-0.232549578,-0.116741672,0.872150064,-0.0120222569,-0.0334019661,-0.383950651,0.8018095,-0.0437094644,0.400196016,0.862914264,0.008732805
7.4333334,0.8924285,-0.33379522,0.7804134,-0.277569175,0.302897125,1.34862566,-0.0164441355,-0.2336529,-0.11735446,0.8718275,-0.0119399428,-0.0334522724,-0.384313136,0.8018325,-0.04322643,0.399634182,0.862811744,0.0111841746
7.4666667,0.89468503,-0.333433449,0.78087604,-0.278346419,0.304840177,1.34905207,-0.0133103421,-0.233587652,-0.117904678,0.8717656,-0.01192075,-0.0331124067,-0.3846892,0.8018536,-0.0427366868,0.399329036,0.862665653,0.0136960056
7.5,0.8968617,-0.33328712,0.7811189,-0.2792616,0.306403667,1.34934568,-0.0104216384,-0.2337589,-0.117979117,0.87171936,-0.0119828582,-0.03309858,-0.385077477,0.801886559,-0.042244,0.399139434,0.8625383,0.0160150025
7.5333333,0.898646,-0.333012044,0.7812041,-0.280034959,0.3077781,1.3493818,-0.007772598,-0.234761029,-0.117721222,0.8715374,-0.0120818019,-0.0330715179,-0.385488123,0.801929653,-0.0417568572,0.39913547,0.8624081,0.0183460061
7.5666666,0.899851561,-0.3322869,0.7813272,-0.280590773,0.309050679,1.34936023,-0.00535017671,-0.236331791,-0.116862364,0.8713077,-0.0120336413,-0.0329468846,-0.385689616,0.80197376,-0.0412727632,0.399116874,0.862306237,0.0205355
7.6,0.9006637,-0.331440628,0.7814353,-0.280708,0.31019628,1.3492825,-0.00313507137,-0.238263786,-0.115540415,0.871049345,-0.0123131275,-0.032728076,-0.386088073,0.8020137,-0.0407972224,0.399066985,0.862224758,0.02252411
7.633333,0.9011157,-0.330589354,0.7816105,-0.280476,0.311141074,1.34915149,-0.00103217456,-0.2403003,-0.1139998,0.8707786,-0.0123161674,-0.032453537,-0.386463523,0.8020429,-0.0403253622,0.3989755,0.8621589,0.024361331
7.66666651,0.9014839,-0.330033362,0.781842947,-0.279935271,0.311912954,1.34900808,0.000959425932,-0.2421483,-0.112606078,0.870516658,-0.0121746063,-0.0321748853,-0.386912048,0.8020601,-0.0398666672,0.398842543,0.8621096,0.0260982588
7.7,0.9017547,-0.329673946,0.782183766,-0.279165745,0.3125985,1.34893429,0.00268782675,-0.243381888,-0.111625925,0.87034,-0.0119943023,-0.0319760442,-0.387488246,0.802062333,-0.0394218,0.3986471,0.86208117,0.0276917443
7.733333,0.902015448,-0.329515755,0.782504261,-0.278256625,0.313235521,1.34883165,0.00418969244,-0.244671151,-0.11026787,0.870188951,-0.0119877458,-0.0319987535,-0.3882021,0.802054644,-0.03897778,0.398351073,0.862058759,0.0291345138
7.766667,0.9023713,-0.3295061,0.7826905,-0.2772633,0.313907951,1.34871686,0.005414193,-0.2449671,-0.108855642,0.870283365,-0.0121563077,-0.0319069624,-0.389042884,0.8020472,-0.03849912,0.3979904,0.862033963,0.03036688
7.8,0.902463555,-0.329363465,0.782730937,-0.276079118,0.3144033,1.348575,0.00645463029,-0.245052546,-0.107415065,0.87042737,-0.0124205947,-0.03183025,-0.389981776,0.8020543,-0.03796389,0.397547841,0.8620109,0.03138809
7.83333349,0.9023302,-0.329161167,0.782628059,-0.275059462,0.314726233,1.348348,0.00702172238,-0.244723886,-0.106096685,0.8706554,-0.0128161311,-0.0317541361,-0.391000748,0.80206126,-0.03739341,0.397095144,0.8619687,0.03220994
7.866667,0.9022119,-0.329176515,0.7823216,-0.274153143,0.3147763,1.34798431,0.007514539,-0.247857392,-0.104594335,0.8700221,-0.0130065084,-0.03171009,-0.3918287,0.8020857,-0.036798507,0.396727473,0.861890256,0.0328754038
7.9,0.901010156,-0.3290295,0.782166243,-0.273447752,0.313284874,1.34738123,0.009012094,-0.2694258,-0.104900122,0.8637384,-0.0130155087,-0.03164494,-0.392795,0.802102566,-0.0361957364,0.396682739,0.8615867,0.0335389934
7.9333334,0.8970416,-0.3285131,0.7822966,-0.272625029,0.307893842,1.346518,0.0125487708,-0.319789171,-0.11180833,0.842462063,-0.0128079057,-0.0321283937,-0.39367193,0.8021079,-0.0356242843,0.397615075,0.860995948,0.0344986953
7.9666667,0.8916869,-0.3281812,0.782508969,-0.271789432,0.300481141,1.3448801,0.0173953734,-0.381852061,-0.120200746,0.8023324,-0.0125033259,-0.03281772,-0.394305348,0.802094638,-0.0351260565,0.399534941,0.860337436,0.035808824
8,0.886279345,-0.3285612,0.782664359,-0.270976663,0.294314682,1.34148,0.02098537,-0.427945733,-0.119484425,0.7599981,-0.0125213861,-0.0331183076,-0.39521575,0.8020749,-0.0345829837,0.4021154,0.8599133,0.03682984
8.033334,0.873943865,-0.328894526,0.7828501,-0.270379364,0.3182443,1.34019244,-0.08501838,-1.23973668,-0.0116662709,-0.0010226405,-0.0124495029,-0.03314835,-0.395877272,0.8020525,-0.0340791866,0.405188441,0.8597278,0.03744352
8.066667,0.8663722,-0.3295989,0.783078432,-0.269999623,0.311844051,1.33725131,-0.0909905657,-1.24058867,-0.0140528493,0.001793388,-0.0123113394,-0.03364086,-0.39673987,0.8020246,-0.0336024873,0.408969343,0.859837651,0.0372420549
8.1,0.8582229,-0.330311,0.7832147,-0.26959613,0.275406271,1.3301332,-0.00401522871,-0.5161396,-0.08648903,0.6956847,-0.0122333169,-0.0337820649,-0.3975212,0.8019992,-0.0331431851,0.413434178,0.8601715,0.0364098325
8.133333,0.8457055,-0.33135277,0.783077955,-0.269091636,0.2610735,1.32223988,0.00211552647,-0.398588866,-0.137490347,0.784166753,-0.01230526,-0.03354484,-0.39837268,0.801985741,-0.0326969624,0.417933732,0.8606791,0.0350601375
8.166667,0.8337873,-0.332595527,0.782668233,-0.2684451,0.249401778,1.31754255,-0.00313410768,-0.387741923,-0.151732326,0.7895641,-0.0125505924,-0.0335164666,-0.399256945,0.801987648,-0.032262,0.422616363,0.86140424,0.03310722
8.2,0.8235176,-0.333668768,0.7821512,-0.2676989,0.23910509,1.31394649,-0.008266587,-0.384420872,-0.160480008,0.7895786,-0.0128426552,-0.03313911,-0.400013745,0.8019992,-0.0318492278,0.427387,0.862419069,0.0309046172
8.233334,0.814138234,-0.3350662,0.78163743,-0.267060041,0.230006441,1.31004477,-0.0134863351,-0.381007254,-0.168182939,0.7897265,-0.013009131,-0.03330517,-0.400676429,0.8020141,-0.0314662643,0.429998726,0.8633567,0.0286642425
8.266666,0.806504548,-0.336712837,0.781180143,-0.266449869,0.222667843,1.306789,-0.0189055912,-0.3774807,-0.1766525,0.7894024,-0.0128617287,-0.03322971,-0.4012573,0.802029967,-0.0311211236,0.432080418,0.864117563,0.0262557548
8.3,0.800352156,-0.338448524,0.780857444,-0.2660258,0.216536462,1.30437422,-0.0241881162,-0.374284923,-0.183630764,0.7891421,-0.0125063062,-0.0330339074,-0.401745737,0.802041054,-0.0307964142,0.433342,0.8647181,0.0235775635
8.333333,0.795876861,-0.340348661,0.780693531,-0.265897155,0.211718,1.3028096,-0.0291755013,-0.371896863,-0.187993035,0.789189041,-0.0120934844,-0.03302276,-0.4021655,0.802045,-0.0304737072,0.433639318,0.865114868,0.02072827
8.366667,0.7928462,-0.342317581,0.7806176,-0.26597172,0.208113968,1.30198526,-0.0340105668,-0.37059328,-0.19045192,0.789158463,-0.0118297338,-0.03315574,-0.402547538,0.802038,-0.0301531032,0.433143675,0.865326047,0.017844392
8.4,0.7906125,-0.343803853,0.7805206,-0.265489519,0.205603614,1.3018471,-0.0386893973,-0.3700469,-0.191727847,0.7890399,-0.0116921663,-0.0336749554,-0.402958453,0.8020337,-0.0298511256,0.4318952,0.865351856,0.0149488617
8.433333,0.789609849,-0.345309764,0.7803197,-0.264974773,0.204115674,1.30224466,-0.04314202,-0.3697254,-0.192099467,0.7891312,-0.01175338,-0.0339776278,-0.403397,0.802033,-0.02956014,0.429986954,0.8651909,0.012122523
8.466666,0.789870262,-0.346941,0.779889941,-0.264603823,0.203542128,1.30302036,-0.0473530181,-0.369063556,-0.1916024,0.789846957,-0.0119808912,-0.0339233875,-0.403835952,0.8020398,-0.0292055,0.4275844,0.864874,0.009406297
8.5,0.790952146,-0.348412633,0.7794218,-0.264266133,0.2036609,1.30417085,-0.0510561131,-0.367657036,-0.190634146,0.7913218,-0.0122202635,-0.0337815881,-0.404295325,0.8020501,-0.0288377535,0.424797356,0.8644623,0.00691328151
8.533334,0.7926581,-0.349654078,0.7790009,-0.263920844,0.204266712,1.30575275,-0.05413267,-0.365292132,-0.189547375,0.7935491,-0.0122367144,-0.03382975,-0.404800028,0.8020571,-0.0285002217,0.42169413,0.864007,0.004630403
8.566667,0.7948898,-0.350563884,0.77871263,-0.263575375,0.205372214,1.30782843,-0.05664228,-0.361694723,-0.188518792,0.7966138,-0.0120532513,-0.0339427,-0.405315846,0.802056134,-0.0281973,0.418355376,0.863547,0.002480335
8.6,0.7976165,-0.351200759,0.7786983,-0.263480932,0.207085848,1.31024671,-0.0586285926,-0.357464433,-0.186707973,0.800372064,-0.0120648742,-0.034119606,-0.405812085,0.80204,-0.0279189441,0.41481486,0.8630897,0.000451791653
8.633333,0.8005106,-0.351658344,0.7789606,-0.263618231,0.209204331,1.312521,-0.05974673,-0.354069054,-0.183780581,0.803885758,-0.0119563937,-0.034122467,-0.4062608,0.802008569,-0.0276844278,0.4111217,0.862711132,-0.00137868745
8.666667,0.803315639,-0.351682425,0.77941525,-0.263557673,0.2116105,1.31487226,-0.06032636,-0.3521087,-0.18049334,0.8064805,-0.0117906928,-0.03438145,-0.4066433,0.8019725,-0.0275442619,0.407521725,0.8623706,-0.00292173028
8.7,0.806804836,-0.351432741,0.7797613,-0.263290644,0.21460402,1.31752527,-0.05995261,-0.351142764,-0.177634686,0.8082035,-0.0117231607,-0.0345901847,-0.406943679,0.8019443,-0.0274561029,0.404372156,0.862092435,-0.00401873328
8.733334,0.8110141,-0.351342827,0.7796279,-0.262628466,0.217916667,1.32021427,-0.0590261966,-0.3505515,-0.1748059,0.8096446,-0.011765182,-0.0343550444,-0.407156,0.801932335,-0.0273361579,0.40170157,0.8619335,-0.00479171332
8.766666,0.8152994,-0.3512623,0.778942,-0.261299282,0.221165046,1.3226186,-0.0576922148,-0.349905133,-0.17174539,0.811166346,-0.0118809342,-0.0337325931,-0.407308757,0.8019461,-0.0271051228,0.3994885,0.8619117,-0.005185648
8.8,0.8193809,-0.350899816,0.778144836,-0.259868175,0.224473074,1.3246789,-0.05583007,-0.348704636,-0.168775335,0.8129666,-0.0120810866,-0.0328791142,-0.407388449,0.8019793,-0.0267473534,0.3977385,0.8619281,-0.00516481372
8.833333,0.823144555,-0.350236833,0.7776675,-0.258951575,0.227803811,1.32657325,-0.0536749326,-0.3467206,-0.165690526,0.8152476,-0.0123410821,-0.03202486,-0.407389641,0.8020192,-0.02627678,0.396282732,0.862013638,-0.00477754651
8.866667,0.8270459,-0.349630058,0.7774366,-0.2584871,0.231229231,1.32837069,-0.05093209,-0.344147027,-0.161613479,0.8181342,-0.0125555992,-0.0314511061,-0.407326579,0.8020621,-0.02573875,0.394977957,0.862175643,-0.00387592777
8.9,0.830215,-0.348691434,0.7774044,-0.257996142,0.2345981,1.32964861,-0.0480995253,-0.341269016,-0.156533077,0.8213803,-0.01261735,-0.03121239,-0.407157153,0.802094758,-0.02529983,0.39389044,0.8623128,-0.00240060245
8.933333,0.8334863,-0.347906172,0.7773866,-0.25732547,0.237976015,1.330832,-0.04486438,-0.3380871,-0.152333423,0.8244247,-0.0125801563,-0.0310596824,-0.40688765,0.8021276,-0.0249720663,0.393039763,0.862397134,-0.000649553142
8.966666,0.837049067,-0.347220957,0.7774215,-0.256700873,0.2415169,1.33196557,-0.0410164259,-0.334829,-0.148333341,0.827348351,-0.0124759674,-0.0309914351,-0.406595349,0.802159,-0.0247405283,0.392379463,0.8624377,0.0014767145
9,0.8404261,-0.346254945,0.777603149,-0.256198823,0.245169044,1.332884,-0.0366608,-0.331802368,-0.1439757,0.8301238,-0.0123560429,-0.0310589671,-0.406315446,0.802188933,-0.0245842841,0.3919258,0.8624019,0.00402271235
9.033334,0.843819261,-0.345341265,0.777868032,-0.255865932,0.248830974,1.33360124,-0.0319219679,-0.329298079,-0.139422059,0.8325547,-0.0122265816,-0.0312159657,-0.406073928,0.8022173,-0.0244853031,0.3916995,0.8623107,0.006822745
9.066667,0.847541332,-0.3447585,0.778151453,-0.2557682,0.252485454,1.3342185,-0.0268241726,-0.3275078,-0.135170728,0.8344457,-0.0121284723,-0.031508863,-0.4058678,0.8022435,-0.0244358331,0.391683817,0.862191,0.0100469748
9.1,0.851585567,-0.3445469,0.7783569,-0.255757779,0.256257057,1.33469248,-0.0218277,-0.3264876,-0.130943581,0.8358514,-0.0120476484,-0.0316832662,-0.405738473,0.8022681,-0.0243895929,0.391903579,0.8620638,0.0136876
9.133333,0.8559724,-0.344668537,0.7786176,-0.2561093,0.260224044,1.33504915,-0.01699081,-0.325849652,-0.126737684,0.8369886,-0.0120334029,-0.0317118764,-0.4057381,0.8022928,-0.0243193451,0.392408073,0.861963,0.0175982658
9.166667,0.8604467,-0.344744384,0.7788459,-0.2562657,0.26437816,1.33530819,-0.0119543578,-0.325368524,-0.122276619,0.8380268,-0.0120279789,-0.0314508677,-0.405865729,0.802319646,-0.0242210515,0.393204927,0.8618917,0.0214908831
9.2,0.864990354,-0.344779819,0.7790443,-0.256375372,0.268790841,1.33550477,-0.007194654,-0.324580073,-0.117742345,0.8391663,-0.01204294,-0.031098187,-0.405981541,0.8023511,-0.024076296,0.394253433,0.861859739,0.0255855937
9.233334,0.869656861,-0.344948471,0.77925396,-0.256675929,0.273215979,1.33561552,-0.00243669888,-0.3232993,-0.113051534,0.8405065,-0.0120691657,-0.0307602882,-0.40613088,0.8023924,-0.0238765012,0.395515919,0.861852348,0.02973113
9.266666,0.87420094,-0.345136046,0.779543,-0.2571456,0.27755636,1.33563232,0.00217297743,-0.321402639,-0.108347058,0.842079,-0.0120635629,-0.0303884149,-0.406320333,0.802443564,-0.0236103442,0.396948159,0.861869454,0.0338942446
9.3,0.878534257,-0.34539187,0.779772,-0.257375658,0.281650484,1.33561611,0.00658952864,-0.318973064,-0.104035608,0.8437842,-0.0120027065,-0.030079782,-0.406508,0.8024907,-0.0233169273,0.398429543,0.8618889,0.0379950255
9.333333,0.8815837,-0.345884681,0.7800445,-0.257599,0.216525555,1.4026159,0.0131210815,-0.270894229,0.605689943,1.494656,-0.011885643,-0.029848516,-0.406661034,0.802530944,-0.02302265,0.399850339,0.861900151,0.0419491753
9.366667,0.8846231,-0.3464852,0.780302167,-0.2577142,0.2185338,1.40142715,0.0207016282,-0.230362773,0.599582732,1.50684166,-0.0117771029,-0.0297494531,-0.406768143,0.802571952,-0.0227295421,0.401188523,0.861903131,0.0457265452
9.4,0.887153745,-0.346839249,0.780520558,-0.25740844,0.217352837,1.4047935,0.0236828774,-0.232418,0.6406714,1.54516888,-0.0117201209,-0.0298461318,-0.40686363,0.80261606,-0.02243112,0.402451724,0.8619048,0.0492207967
9.433333,0.889492035,-0.347036,0.780661345,-0.256789923,0.216235667,1.40820038,0.02625752,-0.2343921,0.6801408,1.58198535,-0.0117641091,-0.0302779078,-0.4069361,0.8026593,-0.0221168324,0.403668016,0.861920536,0.0524270348
9.466666,0.8921291,-0.3471803,0.780792952,-0.2561088,0.216973633,1.41043985,0.0287938211,-0.23552531,0.702797234,1.60311747,-0.0118576288,-0.0301225781,-0.406978846,0.8027034,-0.02176861,0.404471338,0.8619294,0.0552551933
9.5,0.8943262,-0.347326458,0.7809222,-0.255439371,0.218902022,1.41107714,0.0311079752,-0.235783711,0.7079604,1.60793662,-0.0119057894,-0.03047657,-0.40700984,0.8027447,-0.0213951152,0.4053241,0.8619877,0.0578115359
9.533334,0.8963235,-0.347463846,0.780970931,-0.254666358,0.2209649,1.411331,0.03331061,-0.235783666,0.707962453,1.60793674,-0.011868,-0.03077048,-0.407067657,0.8027852,-0.0210138671,0.4061223,0.862079263,0.0601403527
9.566667,0.8981971,-0.347644359,0.780930042,-0.2538497,0.222644418,1.41169512,0.03539789,-0.235783726,0.7079618,1.60793662,-0.01174289,-0.0311466455,-0.407162517,0.802825749,-0.0206423029,0.4068151,0.8622079,0.062235117
9.6,0.900059342,-0.348033667,0.7808466,-0.253133774,0.223980531,1.41215694,0.0373034663,-0.2357837,0.7079644,1.60793626,-0.011549592,-0.0315744877,-0.407292366,0.802864552,-0.02028362,0.407355875,0.862369657,0.0641167
9.633333,0.901783943,-0.3483993,0.780759454,-0.252459526,0.224981979,1.41269624,0.03926653,-0.235783666,0.707963467,1.60793662,-0.0113114119,-0.0319184065,-0.407318145,0.8029004,-0.0199451484,0.407775074,0.862565041,0.06577102
9.666667,0.9034051,-0.349007249,0.780654669,-0.251771837,0.2256509,1.41326559,0.0409946628,-0.235783681,0.707962,1.60793662,-0.0111310482,-0.0322752,-0.407520533,0.8029344,-0.0196433757,0.408135176,0.8627948,0.06724869
9.7,0.904833436,-0.3495828,0.7805159,-0.2510385,0.226945668,1.41297185,0.0427948274,-0.235309109,0.6984749,1.59908676,-0.0110506415,-0.03251362,-0.407822669,0.802969,-0.0193801261,0.408433616,0.8630473,0.06853393
9.733334,0.905975938,-0.349892378,0.780361652,-0.250314653,0.228972554,1.41179311,0.04464649,-0.234355748,0.6794144,1.58130658,-0.0110300779,-0.0325248241,-0.40816927,0.8030039,-0.0191517249,0.4087399,0.863317132,0.06963095
9.766666,0.906858444,-0.350158572,0.7802665,-0.2498441,0.230311587,1.41079283,0.046607025,-0.233562082,0.663545847,1.56650555,-0.0110653639,-0.03234917,-0.4086028,0.803033948,-0.0189548526,0.408866,0.86360997,0.070478484
9.8,0.9079441,-0.350213826,0.780234039,-0.249507338,0.23339133,1.40881252,0.0482451878,-0.232044786,0.63321203,1.53821135,-0.0111198425,-0.0323554277,-0.409127563,0.803058,-0.0187776424,0.40871802,0.863897264,0.07119998
9.833333,0.9089701,-0.3503754,0.7802412,-0.249399439,0.233975723,1.40920341,0.04920894,-0.232058585,0.633489,1.53846979,-0.0111767054,-0.0326903462,-0.409615755,0.803080142,-0.018593,0.40828228,0.8641879,0.07181544
9.866667,0.9085443,-0.35056,0.7803074,-0.2495286,0.2272203,1.41478479,0.0489025265,-0.2357836,0.7079633,1.607936,-0.011189878,-0.03299606,-0.4100217,0.803097248,-0.0184147246,0.407601029,0.864462,0.07236218
9.9,0.9081743,-0.350737244,0.7804422,-0.249875069,0.2277027,1.41376185,0.0486110374,-0.235783637,0.707963,1.60793662,-0.0111839175,-0.033147037,-0.410404235,0.803108,-0.01825806,0.4065779,0.8647222,0.07294371
9.933333,0.90939635,-0.35066396,0.780629635,-0.2502875,0.2286273,1.41476727,0.0485317074,-0.235783666,0.707962632,1.60793626,-0.0111799836,-0.03339064,-0.4108081,0.803115,-0.0181291346,0.4057108,0.864954948,0.0734700561
9.966666,0.911008954,-0.350480318,0.7808503,-0.2508294,0.22966741,1.41638613,0.048269514,-0.235783681,0.70796454,1.6079365,-0.0112175941,-0.03364098,-0.4112059,0.8031178,-0.0180282835,0.405372977,0.86515677,0.07411482
10,0.9121659,-0.3503387,0.781116068,-0.251561224,0.232975543,1.415156,0.0480792262,-0.234568164,0.68366164,1.58526862,-0.0113198161,-0.0334745049,-0.4115375,0.803116262,-0.0179557819,0.404931843,0.8652641,0.0746823251
10.0333338,0.9128626,-0.350097775,0.7813879,-0.252315432,0.234539673,1.41490006,0.0479836,-0.234265521,0.6776123,1.57962739,-0.0114399195,-0.0332334042,-0.4117937,0.803111553,-0.0179104973,0.404147565,0.865233064,0.0752082542
10.0666666,0.913681269,-0.3496575,0.7816391,-0.25300625,0.2377883,1.41352785,0.047722023,-0.233271956,0.6577491,1.56109667,-0.0115508437,-0.0334231853,-0.41196695,0.803105831,-0.0178889446,0.403696954,0.865097344,0.07598612
10.1,0.9143977,-0.348987579,0.781861663,-0.25369525,0.2419658,1.41121912,0.0476459824,-0.231712177,0.626563966,1.5320096,-0.0116757154,-0.0335209966,-0.412043124,0.803100467,-0.0178878158,0.403665751,0.8649155,0.07676683
10.1333332,0.9145018,-0.348307431,0.7821728,-0.254672348,0.242567554,1.41144621,0.0473131873,-0.231893927,0.6301978,1.53539813,-0.011844933,-0.0334666371,-0.412000746,0.803092659,-0.0178982317,0.404013425,0.864727,0.0775248855
10.166667,0.91482234,-0.348108947,0.7823998,-0.255528748,0.241721854,1.41304636,0.0466042869,-0.232926011,0.650832236,1.554646,-0.0120278,-0.0335297,-0.41189608,0.8030836,-0.0179266743,0.404596925,0.8645658,0.07816716
10.2,0.914566457,-0.347703576,0.78244853,-0.255633622,0.241608769,1.41309392,0.0467390157,-0.233005047,0.652413249,1.55611992,-0.0120592713,-0.03352362,-0.4118621,0.80308485,-0.0179380756,0.404655159,0.864523053,0.078321524
10.2000008,0.914566457,-0.347703576,0.78244853,-0.255633622,0.241608769,1.41309392,0.0467390157,-0.233005047,0.652413249,1.55611992,-0.0120592713,-0.03352362,-0.4118621,0.80308485,-0.0179380756,0.404655159,0.864523053,0.078321524
