seconds,attackerSourceClock,receiverSourceClock,attackerBodyMinimumY,receiverBodyMinimumY,actorReceiverMinusAttackerX,actorReceiverMinusAttackerY,actorReceiverMinusAttackerZ,fighterReceiverMinusAttackerX,fighterReceiverMinusAttackerY,fighterReceiverMinusAttackerZ
0,0,0,-0.04282023,0.008215677,0.800000131,0,-9.536743E-08,0.800000131,0,-9.536743E-08
0.0166666675,0.0166666675,0.0166666675,-0.0458639972,0.00322242384,0.800000131,0,-9.536743E-08,0.800000131,0,-9.536743E-08
0.0333333351,0.0333333351,0.0333333351,-0.05147842,-0.008199562,0.800000131,0,-9.536743E-08,0.800000131,0,-9.536743E-08
0.05,0.05,0.05,-0.05318452,-0.0203833077,0.800000131,0,-9.536743E-08,0.800000131,0,-9.536743E-08
0.06,0.06,0.06,-0.05014012,-0.0262473766,0.800000131,0,-9.536743E-08,0.800000131,0,-9.536743E-08
0.06666667,0.06666667,0.06666667,-0.0461290553,-0.0292536318,0.800000131,0,-9.536743E-08,0.800000131,0,-9.536743E-08
0.0833333358,0.0833333358,0.0833333358,-0.0324211158,-0.03361951,0.800000131,0,-9.536743E-08,0.800000131,0,-9.536743E-08
0.1,0.1,0.1,-0.01857643,-0.0346966274,0.800000131,0,-9.536743E-08,0.800000131,0,-9.536743E-08
0.116666667,0.116666667,0.116666667,-0.0109860329,-0.0346281677,0.800000131,0,-9.536743E-08,0.800000131,0,-9.536743E-08
0.12,0.12,0.12,-0.0107890815,-0.034640938,0.800000131,0,-9.536743E-08,0.800000131,0,-9.536743E-08
0.13333334,0.13333334,0.13333334,-0.0112836715,-0.03474923,0.800000131,0,-9.536743E-08,0.800000131,0,-9.536743E-08
0.15,0.15,0.15,-0.0122865345,-0.0349210836,0.800000131,0,-9.536743E-08,0.800000131,0,-9.536743E-08
0.166666672,0.166666672,0.166666672,-0.0144619886,-0.0351136178,0.800000131,0,-9.536743E-08,0.800000131,0,-9.536743E-08
0.183333337,0.183333337,0.183333337,-0.0189935174,-0.03530442,0.800000131,0,-9.536743E-08,0.800000131,0,-9.536743E-08
0.2,0.2,0.2,-0.025377728,-0.0355030522,0.800000131,0,-9.536743E-08,0.800000131,0,-9.536743E-08
0.216666669,0.216666669,0.216666669,-0.0327183232,-0.0357038751,0.800000131,0,-9.536743E-08,0.800000131,0,-9.536743E-08
0.233333334,0.233333334,0.233333334,-0.04031134,-0.035908144,0.800000131,0,-9.536743E-08,0.800000131,0,-9.536743E-08
0.25,0.25,0.25,-0.048009336,-0.03612933,0.800000131,0,-9.536743E-08,0.800000131,0,-9.536743E-08
0.266666681,0.266666681,0.266666681,-0.0557093546,-0.036363408,0.800000131,0,-9.536743E-08,0.800000131,0,-9.536743E-08
0.283333331,0.283333331,0.283333331,-0.0637815148,-0.0366064832,0.800000131,0,-9.536743E-08,0.800000131,0,-9.536743E-08
0.3,0.3,0.3,-0.0707338154,-0.0368497968,0.800000131,0,-9.536743E-08,0.800000131,0,-9.536743E-08
0.316666663,0.316666663,0.316666663,-0.0764405355,-0.03709622,0.800000131,0,-9.536743E-08,0.800000131,0,-9.536743E-08
0.333333343,0.333333343,0.333333343,-0.07981747,-0.0373421051,0.800000131,0,-9.536743E-08,0.800000131,0,-9.536743E-08
0.35,0.35,0.35,-0.07889876,-0.0375801921,0.800000131,0,-9.536743E-08,0.800000131,0,-9.536743E-08
0.366666675,0.366666675,0.366666675,-0.07500921,-0.0378091745,0.800000131,0,-9.536743E-08,0.800000131,0,-9.536743E-08
0.383333325,0.383333325,0.383333325,-0.06777409,-0.03803041,0.800000131,0,-9.536743E-08,0.800000131,0,-9.536743E-08
0.4,0.4,0.4,-0.05926419,-0.0382453874,0.800000131,0,-9.536743E-08,0.800000131,0,-9.536743E-08
0.416666657,0.416666657,0.416666657,-0.0517616719,-0.03843609,0.800000131,0,-9.536743E-08,0.800000131,0,-9.536743E-08
0.433333337,0.433333337,0.433333337,-0.045130752,-0.03859005,0.800000131,0,-9.536743E-08,0.800000131,0,-9.536743E-08
0.45,0.45,0.45,-0.0405752,-0.0387142524,0.800000131,0,-9.536743E-08,0.800000131,0,-9.536743E-08
0.466666669,0.466666669,0.466666669,-0.03703706,-0.03880972,0.800000131,0,-9.536743E-08,0.800000131,0,-9.536743E-08
0.483333319,0.483333319,0.483333319,-0.0349763781,-0.0388816223,0.800000131,0,-9.536743E-08,0.800000131,0,-9.536743E-08
0.5,0.5,0.5,-0.032742817,-0.03893402,0.800000131,0,-9.536743E-08,0.800000131,0,-9.536743E-08
0.516666651,0.516666651,0.516666651,-0.0294589438,-0.038976185,0.800000131,0,-9.536743E-08,0.800000131,0,-9.536743E-08
0.533333361,0.533333361,0.533333361,-0.0266400389,-0.0389783569,0.800000131,0,-9.536743E-08,0.800000131,0,-9.536743E-08
0.55,0.55,0.55,-0.0235756263,-0.0389077067,0.800000131,0,-9.536743E-08,0.800000131,0,-9.536743E-08
0.566666663,0.566666663,0.566666663,-0.0207306147,-0.0388058834,0.800000131,0,-9.536743E-08,0.800000131,0,-9.536743E-08
0.5833333,0.5833333,0.5833333,-0.0192827322,-0.0387276746,0.800000131,0,-9.536743E-08,0.800000131,0,-9.536743E-08
0.6,0.6,0.6,-0.0185647812,-0.03866546,0.800000131,0,-9.536743E-08,0.800000131,0,-9.536743E-08
0.6166667,0.6166667,0.6166667,-0.0179889854,-0.03857906,0.800000131,0,-9.536743E-08,0.800000131,0,-9.536743E-08
0.6333333,0.6333333,0.6333333,-0.02172343,-0.03844451,0.800000131,0,-9.536743E-08,0.800000131,0,-9.536743E-08
0.65,0.65,0.65,-0.0256021414,-0.0382627174,0.800000131,0,-9.536743E-08,0.800000131,0,-9.536743E-08
0.6666667,0.6666667,0.6666667,-0.0294808187,-0.0380519778,0.800000131,0,-9.536743E-08,0.800000131,0,-9.536743E-08
0.683333337,0.683333337,0.683333337,-0.0338268168,-0.0378079079,0.800000131,0,-9.536743E-08,0.800000131,0,-9.536743E-08
0.7,0.7,0.7,-0.03831453,-0.03753616,0.800000131,0,-9.536743E-08,0.800000131,0,-9.536743E-08
0.716666639,0.716666639,0.716666639,-0.04204434,-0.03727517,0.800000131,0,-9.536743E-08,0.800000131,0,-9.536743E-08
0.733333349,0.733333349,0.733333349,-0.0450398363,-0.0369915329,0.800000131,0,-9.536743E-08,0.800000131,0,-9.536743E-08
0.75,0.75,0.75,-0.0474470556,-0.03658222,0.800000131,0,-9.536743E-08,0.800000131,0,-9.536743E-08
0.766666651,0.766666651,0.766666651,-0.0495537929,-0.03615523,0.800000131,0,-9.536743E-08,0.800000131,0,-9.536743E-08
0.783333361,0.783333361,0.783333361,-0.0525244176,-0.03581545,0.800000131,0,-9.536743E-08,0.800000131,0,-9.536743E-08
0.8,0.8,0.8,-0.0545302555,-0.0355941169,0.800000131,0,-9.536743E-08,0.800000131,0,-9.536743E-08
0.813333333,0.813333333,0.813333333,-0.0553294756,-0.03580568,0.800000131,0,-9.536743E-08,0.800000131,0,-9.536743E-08
0.816666663,0.816666663,0.816666663,-0.055529248,-0.0359018259,0.800000131,0,-9.536743E-08,0.800000131,0,-9.536743E-08
0.8333333,0.8333333,0.8333333,-0.0567192957,-0.0366725661,0.800000131,0,-9.536743E-08,0.800000131,0,-9.536743E-08
0.85,0.85,0.85,-0.0582960062,-0.0384223647,0.800000131,0,-9.536743E-08,0.800000131,0,-9.536743E-08
0.8666667,0.8666667,0.8666667,-0.06164727,-0.04017623,0.800000131,0,-9.536743E-08,0.800000131,0,-9.536743E-08
0.873333335,0.873333335,0.873333335,-0.06358799,-0.0410075039,0.800000131,0,-9.536743E-08,0.800000131,0,-9.536743E-08
0.8833333,0.8833333,0.8833333,-0.06673899,-0.0422816649,0.800000131,0,-9.536743E-08,0.800000131,0,-9.536743E-08
0.9,0.9,0.9,-0.07296528,-0.0434767678,0.800000131,0,-9.536743E-08,0.800000131,0,-9.536743E-08
0.9166667,0.9166667,0.9166667,-0.08052348,-0.04376587,0.800000131,0,-9.536743E-08,0.800000131,0,-9.536743E-08
0.933333337,0.933333337,0.933333337,-0.08727228,-0.0440942273,0.800000131,0,-9.536743E-08,0.800000131,0,-9.536743E-08
0.95,0.95,0.95,-0.0911114141,-0.04322434,0.800000131,0,-9.536743E-08,0.800000131,0,-9.536743E-08
0.966666639,0.966666639,0.966666639,-0.09308174,-0.0444597565,0.800000131,0,-9.536743E-08,0.800000131,0,-9.536743E-08
0.983333349,0.983333349,0.983333349,-0.09343536,-0.0455175564,0.800000131,0,-9.536743E-08,0.800000131,0,-9.536743E-08
1,1,1,-0.09271532,-0.04636951,0.800000131,0,-9.536743E-08,0.800000131,0,-9.536743E-08
1.01666665,1.01666665,1.01666665,-0.0915000662,-0.046105586,0.800000131,0,-9.536743E-08,0.800000131,0,-9.536743E-08
1.0333333,1.0333333,1.0333333,-0.09029309,-0.0454715,0.800000131,0,-9.536743E-08,0.800000131,0,-9.536743E-08
1.05,1.05,1.05,-0.089922,-0.0457020476,0.800000131,0,-9.536743E-08,0.800000131,0,-9.536743E-08
1.05333328,1.05333328,1.05333328,-0.08994561,-0.0457673222,0.800000131,0,-9.536743E-08,0.800000131,0,-9.536743E-08
1.06666672,1.06666672,1.06666672,-0.09053847,-0.0474676378,0.800000131,0,-9.536743E-08,0.800000131,0,-9.536743E-08
1.08333337,1.08333337,1.08333337,-0.0914396942,-0.0543188825,0.800000131,0,-9.536743E-08,0.800000131,0,-9.536743E-08
1.1,1.1,1.1,-0.09261614,-0.06632384,0.800000131,0,-9.536743E-08,0.800000131,0,-9.536743E-08
1.10833323,1.10833323,1.10833323,-0.09367964,-0.07371061,0.800000131,0,-9.536743E-08,0.800000131,0,-9.536743E-08
1.11666667,1.11666667,1.11666667,-0.0953664,-0.08118194,0.800000131,0,-9.536743E-08,0.800000131,0,-9.536743E-08
1.13333333,1.13333333,1.13333333,-0.09953014,-0.0943018645,0.800000131,0,-9.536743E-08,0.800000131,0,-9.536743E-08
1.15,1.15,1.15,-0.103338517,-0.103025638,0.800000131,0,-9.536743E-08,0.800000131,0,-9.536743E-08
1.1633333,1.1633333,1.1633333,-0.106348,-0.103414133,0.800000131,0,-9.536743E-08,0.800000131,0,-9.536743E-08
1.16666663,1.16666663,1.16666663,-0.107025571,-0.102617346,0.800000131,0,-9.536743E-08,0.800000131,0,-9.536743E-08
1.18333328,1.18333328,1.18333328,-0.110197626,-0.0868984237,0.800000131,0,-9.536743E-08,0.800000131,0,-9.536743E-08
1.2,1.2,1.2,-0.11284633,-0.0597508326,0.800000131,0,-9.536743E-08,0.800000131,0,-9.536743E-08
1.2166667,1.2166667,1.2166667,-0.1147064,-0.0314714424,0.800000131,0,-9.536743E-08,0.800000131,0,-9.536743E-08
1.21833324,1.21833324,1.21833324,-0.114854522,-0.0289649218,0.800000131,0,-9.536743E-08,0.800000131,0,-9.536743E-08
1.23333335,1.23333335,1.23333335,-0.115955584,-0.009383806,0.800000131,0,-9.536743E-08,0.800000131,0,-9.536743E-08
1.25,1.25,1.25,-0.116720252,-0.0158992484,0.800000131,0,-9.536743E-08,0.800000131,0,-9.536743E-08
1.26666665,1.26666665,1.26666665,-0.116807237,-0.0342245474,0.800000131,0,-9.536743E-08,0.800000131,0,-9.536743E-08
1.27333331,1.27333331,1.27333331,-0.116781987,-0.0430508368,0.800000131,0,-9.536743E-08,0.800000131,0,-9.536743E-08
1.2833333,1.2833333,1.2833333,-0.116792671,-0.05229886,0.800000131,0,-9.536743E-08,0.800000131,0,-9.536743E-08
1.3,1.3,1.3,-0.116410457,-0.05692096,0.800000131,0,-9.536743E-08,0.800000131,0,-9.536743E-08
1.31666672,1.31666672,1.31666672,-0.115368173,-0.05536477,0.800000131,0,-9.536743E-08,0.800000131,0,-9.536743E-08
1.33333337,1.33333337,1.33333337,-0.113594845,-0.06035677,0.800000131,0,-9.536743E-08,0.800000131,0,-9.536743E-08
1.35,1.35,1.35,-0.111335024,-0.06988297,0.800000131,0,-9.536743E-08,0.800000131,0,-9.536743E-08
1.35333335,1.35333335,1.35333335,-0.110900074,-0.07038224,0.800000131,0,-9.536743E-08,0.800000131,0,-9.536743E-08
1.36666667,1.36666667,1.36666667,-0.109129786,-0.0559558645,0.800000131,0,-9.536743E-08,0.800000131,0,-9.536743E-08
1.38333333,1.38333333,1.38333333,-0.106891774,-0.0552075,0.800000131,0,-9.536743E-08,0.800000131,0,-9.536743E-08
1.4,1.4,1.4,-0.104743794,-0.07349357,0.800000131,0,-9.536743E-08,0.800000131,0,-9.536743E-08
1.41666663,1.41666663,1.41666663,-0.102775328,-0.091215685,0.800000131,0,-9.536743E-08,0.800000131,0,-9.536743E-08
1.43333328,1.43333328,1.43333328,-0.100997433,-0.105520189,0.800000131,0,-9.536743E-08,0.800000131,0,-9.536743E-08
1.45,1.45,1.45,-0.09949959,-0.115357906,0.800000131,0,-9.536743E-08,0.800000131,0,-9.536743E-08
1.4666667,1.4666667,1.4666667,-0.09818661,-0.119614258,0.800000131,0,-9.536743E-08,0.800000131,0,-9.536743E-08
1.48333335,1.48333335,1.48333335,-0.0969884247,-0.120086715,0.800000131,0,-9.536743E-08,0.800000131,0,-9.536743E-08
1.5,1.5,1.5,-0.09610588,-0.113391921,0.800000131,0,-9.536743E-08,0.800000131,0,-9.536743E-08
1.51333332,1.51333332,1.51333332,-0.0957137644,-0.1052465,0.800000131,0,-9.536743E-08,0.800000131,0,-9.536743E-08
1.51666665,1.51666665,1.51666665,-0.0956435,-0.102572,0.800000131,0,-9.536743E-08,0.800000131,0,-9.536743E-08
1.5333333,1.5333333,1.5333333,-0.09548607,-0.0873932838,0.800000131,0,-9.536743E-08,0.800000131,0,-9.536743E-08
1.55,1.55,1.55,-0.0956290662,-0.07259696,0.800000131,0,-9.536743E-08,0.800000131,0,-9.536743E-08
1.56666672,1.56666672,1.56666672,-0.09598741,-0.0598123744,0.800000131,0,-9.536743E-08,0.800000131,0,-9.536743E-08
1.58333337,1.58333337,1.58333337,-0.0965518,-0.05679159,0.800000131,0,-9.536743E-08,0.800000131,0,-9.536743E-08
1.59333324,1.59333324,1.59333324,-0.09695854,-0.0620810725,0.800000131,0,-9.536743E-08,0.800000131,0,-9.536743E-08
1.6,1.6,1.6,-0.09724366,-0.06609069,0.800000131,0,-9.536743E-08,0.800000131,0,-9.536743E-08
1.61666667,1.61666667,1.61666667,-0.09807877,-0.07526944,0.800000131,0,-9.536743E-08,0.800000131,0,-9.536743E-08
1.63333333,1.63333333,1.63333333,-0.09905424,-0.0810233,0.800000131,0,-9.536743E-08,0.800000131,0,-9.536743E-08
1.65,1.65,1.65,-0.100130953,-0.08232368,0.800000131,0,-9.536743E-08,0.800000131,0,-9.536743E-08
1.66666663,1.66666663,1.66666663,-0.101171888,-0.07868624,0.800000131,0,-9.536743E-08,0.800000131,0,-9.536743E-08
1.67333329,1.67333329,1.67333329,-0.101527736,-0.07663137,0.800000131,0,-9.536743E-08,0.800000131,0,-9.536743E-08
1.68333328,1.68333328,1.68333328,-0.102027752,-0.07297062,0.800000131,0,-9.536743E-08,0.800000131,0,-9.536743E-08
1.7,1.7,1.7,-0.102919132,-0.06696341,0.800000131,0,-9.536743E-08,0.800000131,0,-9.536743E-08
1.7166667,1.7166667,1.7166667,-0.103989862,-0.0645978,0.800000131,0,-9.536743E-08,0.800000131,0,-9.536743E-08
1.73333335,1.73333335,1.73333335,-0.105173349,-0.06485389,0.800000131,0,-9.536743E-08,0.800000131,0,-9.536743E-08
1.75,1.75,1.75,-0.106511518,-0.07912609,0.800000131,0,-9.536743E-08,0.800000131,0,-9.536743E-08
1.75333333,1.75333333,1.75333333,-0.106793694,-0.08536663,0.800000131,0,-9.536743E-08,0.800000131,0,-9.536743E-08
1.76666665,1.76666665,1.76666665,-0.107908607,-0.1227824,0.800000131,0,-9.536743E-08,0.800000131,0,-9.536743E-08
1.7833333,1.7833333,1.7833333,-0.109193407,-0.08337379,0.800000131,0,-9.536743E-08,0.800000131,0,-9.536743E-08
1.79333329,1.79333329,1.79333329,-0.109953478,-0.07875866,0.800000131,0,-9.536743E-08,0.800000131,0,-9.536743E-08
1.8,1.8,1.8,-0.110479474,-0.07661557,0.800000131,0,-9.536743E-08,0.800000131,0,-9.536743E-08
1.81666672,1.81666672,1.81666672,-0.111853935,-0.07251697,0.800000131,0,-9.536743E-08,0.800000131,0,-9.536743E-08
1.83333337,1.83333337,1.83333337,-0.1132154,-0.06552833,0.800000131,0,-9.536743E-08,0.800000131,0,-9.536743E-08
1.85,1.85,1.85,-0.1144882,-0.0647507459,0.800000131,0,-9.536743E-08,0.800000131,0,-9.536743E-08
1.86666667,1.86666667,1.86666667,-0.115637645,-0.06492653,0.800000131,0,-9.536743E-08,0.800000131,0,-9.536743E-08
1.87333333,1.87333333,1.87333333,-0.11606653,-0.0646507,0.800000131,0,-9.536743E-08,0.800000131,0,-9.536743E-08
1.88333333,1.88333333,1.88333333,-0.116710529,-0.06355641,0.800000131,0,-9.536743E-08,0.800000131,0,-9.536743E-08
1.9,1.9,1.9,-0.117816411,-0.057587333,0.800000131,0,-9.536743E-08,0.800000131,0,-9.536743E-08
1.9133333,1.9133333,1.9133333,-0.118749589,-0.05542944,0.800000131,0,-9.536743E-08,0.800000131,0,-9.536743E-08
1.91666663,1.91666663,1.91666663,-0.118991956,-0.0555428937,0.800000131,0,-9.536743E-08,0.800000131,0,-9.536743E-08
1.93333328,1.93333328,1.93333328,-0.120264605,-0.0560728051,0.800000131,0,-9.536743E-08,0.800000131,0,-9.536743E-08
1.95,1.95,1.95,-0.121653482,-0.0564404465,0.800000131,0,-9.536743E-08,0.800000131,0,-9.536743E-08
1.9666667,1.9666667,1.9666667,-0.123152316,-0.0566682555,0.800000131,0,-9.536743E-08,0.800000131,0,-9.536743E-08
1.98333335,1.98333335,1.98333335,-0.124697827,-0.0565758422,0.800000131,0,-9.536743E-08,0.800000131,0,-9.536743E-08
2,2,2,-0.126122609,-0.05232441,0.800000131,0,-9.536743E-08,0.800000131,0,-9.536743E-08
2.01666665,2.01666665,2.01666665,-0.127388433,-0.05710737,0.800000131,0,-9.536743E-08,0.800000131,0,-9.536743E-08
2.03208327,2.03208327,2.03208327,-0.128520235,-0.07468276,0.800000131,0,-9.536743E-08,0.800000131,0,-9.536743E-08
2.0333333,2.0333333,2.0333333,-0.128607213,-0.07618474,0.800000131,0,-9.536743E-08,0.800000131,0,-9.536743E-08
2.05,2.05,2.05,-0.129673287,-0.08007295,0.800000131,0,-9.536743E-08,0.800000131,0,-9.536743E-08
2.0666666,2.0666666,2.0666666,-0.130570382,-0.101087764,0.800000131,0,-9.536743E-08,0.800000131,0,-9.536743E-08
2.08333325,2.08333325,2.08333325,-0.131227359,-0.08347822,0.800000131,0,-9.536743E-08,0.800000131,0,-9.536743E-08
2.1,2.1,2.1,-0.131747916,-0.059333913,0.800000131,0,-9.536743E-08,0.800000131,0,-9.536743E-08
2.11666656,2.11666656,2.11666656,-0.132188916,-0.05383309,0.800000131,0,-9.536743E-08,0.800000131,0,-9.536743E-08
2.13333344,2.13333344,2.13333344,-0.132161319,-0.04216922,0.800000131,0,-9.536743E-08,0.800000131,0,-9.536743E-08
2.15,2.15,2.15,-0.131134167,-0.0454250537,0.800000131,0,-9.536743E-08,0.800000131,0,-9.536743E-08
2.15083337,2.15083337,2.15083337,-0.131050989,-0.0456798151,0.800000131,0,-9.536743E-08,0.800000131,0,-9.536743E-08
2.16666675,2.16666675,2.16666675,-0.128899783,-0.0489057228,0.800000131,0,-9.536743E-08,0.800000131,0,-9.536743E-08
2.1833334,2.1833334,2.1833334,-0.125368983,-0.04965995,0.800000131,0,-9.536743E-08,0.800000131,0,-9.536743E-08
2.2,2.2,2.2,-0.120972469,-0.04809311,0.800000131,0,-9.536743E-08,0.800000131,0,-9.536743E-08
2.2166667,2.2166667,2.2166667,-0.1164707,-0.0453043766,0.800000131,0,-9.536743E-08,0.800000131,0,-9.536743E-08
2.23333335,2.23333335,2.23333335,-0.111119643,-0.045420818,0.800000131,0,-9.536743E-08,0.800000131,0,-9.536743E-08
2.25,2.25,2.25,-0.103138514,-0.0546601526,0.800000131,0,-9.536743E-08,0.800000131,0,-9.536743E-08
2.26666665,2.26666665,2.26666665,-0.09599682,-0.09158056,0.800000131,0,-9.536743E-08,0.800000131,0,-9.536743E-08
2.26958323,2.26958323,2.26958323,-0.09516818,-0.09660846,0.800000131,0,-9.536743E-08,0.800000131,0,-9.536743E-08
2.2833333,2.2833333,2.2833333,-0.09251264,-0.116459295,0.800000131,0,-9.536743E-08,0.800000131,0,-9.536743E-08
2.3,2.3,2.3,-0.09055789,-0.1278509,0.800000131,0,-9.536743E-08,0.800000131,0,-9.536743E-08
2.3166666,2.3166666,2.3166666,-0.08910757,-0.133363843,0.800000131,0,-9.536743E-08,0.800000131,0,-9.536743E-08
2.33333325,2.33333325,2.33333325,-0.0880142,-0.135362357,0.800000131,0,-9.536743E-08,0.800000131,0,-9.536743E-08
2.35,2.35,2.35,-0.0864142,-0.134612337,0.800000131,0,-9.536743E-08,0.800000131,0,-9.536743E-08
2.36666656,2.36666656,2.36666656,-0.08437462,-0.131435975,0.800000131,0,-9.536743E-08,0.800000131,0,-9.536743E-08
2.38333344,2.38333344,2.38333344,-0.0821766257,-0.127110958,0.800000131,0,-9.536743E-08,0.800000131,0,-9.536743E-08
2.38833332,2.38833332,2.38833332,-0.08155024,-0.125604063,0.800000131,0,-9.536743E-08,0.800000131,0,-9.536743E-08
2.4,2.4,2.4,-0.08026825,-0.121895425,0.800000131,0,-9.536743E-08,0.800000131,0,-9.536743E-08
2.41666675,2.41666675,2.41666675,-0.07895686,-0.11720553,0.800000131,0,-9.536743E-08,0.800000131,0,-9.536743E-08
2.4333334,2.4333334,2.4333334,-0.07804389,-0.113773637,0.800000131,0,-9.536743E-08,0.800000131,0,-9.536743E-08
2.45,2.45,2.45,-0.07725516,-0.111428253,0.800000131,0,-9.536743E-08,0.800000131,0,-9.536743E-08
2.46333313,2.46333313,2.46333313,-0.07653798,-0.110617131,0.800000131,0,-9.536743E-08,0.800000131,0,-9.536743E-08
2.4666667,2.4666667,2.4666667,-0.07633742,-0.110335246,0.800000131,0,-9.536743E-08,0.800000131,0,-9.536743E-08
2.48333335,2.48333335,2.48333335,-0.0752234,-0.107716829,0.800000131,0,-9.536743E-08,0.800000131,0,-9.536743E-08
2.5,2.5,2.5,-0.0737746656,-0.103603259,0.800000131,0,-9.536743E-08,0.800000131,0,-9.536743E-08
2.50708318,2.50708318,2.50708318,-0.07299258,-0.101261444,0.800000131,0,-9.536743E-08,0.800000131,0,-9.536743E-08
2.51666665,2.51666665,2.51666665,-0.0718061849,-0.0975852162,0.800000131,0,-9.536743E-08,0.800000131,0,-9.536743E-08
2.5333333,2.5333333,2.5333333,-0.0697824657,-0.09527227,0.800000131,0,-9.536743E-08,0.800000131,0,-9.536743E-08
2.55,2.55,2.55,-0.06783099,-0.09988129,0.800000131,0,-9.536743E-08,0.800000131,0,-9.536743E-08
2.5666666,2.5666666,2.5666666,-0.06597098,-0.08874399,0.800000131,0,-9.536743E-08,0.800000131,0,-9.536743E-08
2.58333325,2.58333325,2.58333325,-0.06455111,-0.149897665,0.800000131,0,-9.536743E-08,0.800000131,0,-9.536743E-08
2.6,2.6,2.6,-0.06339176,-0.0757830739,0.800000131,0,-9.536743E-08,0.800000131,0,-9.536743E-08
2.61666656,2.61666656,2.61666656,-0.0620241128,-0.0143463574,0.800000131,0,-9.536743E-08,0.800000131,0,-9.536743E-08
2.62583327,2.62583327,2.62583327,-0.0611085445,-0.017903585,0.800000131,0,-9.536743E-08,0.800000131,0,-9.536743E-08
2.63333344,2.63333344,2.63333344,-0.0603225,-0.0208338778,0.800000131,0,-9.536743E-08,0.800000131,0,-9.536743E-08
2.65,2.65,2.65,-0.0583116226,-0.02875411,0.800000131,0,-9.536743E-08,0.800000131,0,-9.536743E-08
2.66666675,2.66666675,2.66666675,-0.0563982576,-0.0319134034,0.800000131,0,-9.536743E-08,0.800000131,0,-9.536743E-08
2.6833334,2.6833334,2.6833334,-0.054820478,-0.0374335125,0.800000131,0,-9.536743E-08,0.800000131,0,-9.536743E-08
2.7,2.7,2.7,-0.0536832,-0.047899168,0.800000131,0,-9.536743E-08,0.800000131,0,-9.536743E-08
2.7166667,2.7166667,2.7166667,-0.05335674,-0.06981405,0.800000131,0,-9.536743E-08,0.800000131,0,-9.536743E-08
2.73333335,2.73333335,2.73333335,-0.05339594,-0.07457096,0.800000131,0,-9.536743E-08,0.800000131,0,-9.536743E-08
2.74458337,2.74458337,2.74458337,-0.0535436161,-0.06770453,0.800000131,0,-9.536743E-08,0.800000131,0,-9.536743E-08
2.75,2.75,2.75,-0.0536524,-0.06581256,0.800000131,0,-9.536743E-08,0.800000131,0,-9.536743E-08
2.76666665,2.76666665,2.76666665,-0.0537706465,-0.06799166,0.800000131,0,-9.536743E-08,0.800000131,0,-9.536743E-08
2.7833333,2.7833333,2.7833333,-0.05336161,-0.07449402,0.800000131,0,-9.536743E-08,0.800000131,0,-9.536743E-08
2.8,2.8,2.8,-0.0528112426,-0.0799507052,0.800000131,0,-9.536743E-08,0.800000131,0,-9.536743E-08
2.8166666,2.8166666,2.8166666,-0.05233322,-0.0777565241,0.800000131,0,-9.536743E-08,0.800000131,0,-9.536743E-08
2.83333325,2.83333325,2.83333325,-0.05188152,-0.07160558,0.800000131,0,-9.536743E-08,0.800000131,0,-9.536743E-08
2.85,2.85,2.85,-0.0514954925,-0.07369155,0.800000131,0,-9.536743E-08,0.800000131,0,-9.536743E-08
2.86333323,2.86333323,2.86333323,-0.051269725,-0.07766102,0.800000131,0,-9.536743E-08,0.800000131,0,-9.536743E-08
2.86666656,2.86666656,2.86666656,-0.0512227379,-0.07766131,0.800000131,0,-9.536743E-08,0.800000131,0,-9.536743E-08
2.88333344,2.88333344,2.88333344,-0.0511401929,-0.07766116,0.800000131,0,-9.536743E-08,0.800000131,0,-9.536743E-08
2.9,2.9,2.9,-0.0510234,-0.07766122,0.800000131,0,-9.536743E-08,0.800000131,0,-9.536743E-08
2.91666675,2.91666675,2.91666675,-0.0507051274,-0.07766129,0.800000131,0,-9.536743E-08,0.800000131,0,-9.536743E-08
2.9333334,2.9333334,2.9333334,-0.0501052,-0.0776611,0.800000131,0,-9.536743E-08,0.800000131,0,-9.536743E-08
2.95,2.95,2.95,-0.0490968749,-0.07766123,0.800000131,0,-9.536743E-08,0.800000131,0,-9.536743E-08
2.9666667,2.9666667,2.9666667,-0.047936853,-0.0776612759,0.800000131,0,-9.536743E-08,0.800000131,0,-9.536743E-08
2.98333335,2.98333335,2.98333335,-0.04663858,-0.0776613355,0.800000131,0,-9.536743E-08,0.800000131,0,-9.536743E-08
3,3,3,-0.0453172661,-0.0776611939,0.800000131,0,-9.536743E-08,0.800000131,0,-9.536743E-08
3.01666665,3.01666665,3.01666665,-0.0442560278,-0.0776612163,0.800000131,0,-9.536743E-08,0.800000131,0,-9.536743E-08
3.0333333,3.0333333,3.0333333,-0.04330131,-0.07766126,0.800000131,0,-9.536743E-08,0.800000131,0,-9.536743E-08
3.05,3.05,3.05,-0.04230505,-0.07766124,0.800000131,0,-9.536743E-08,0.800000131,0,-9.536743E-08
3.0666666,3.0666666,3.0666666,-0.04132396,-0.07766097,0.800000131,0,-9.536743E-08,0.800000131,0,-9.536743E-08
3.08333325,3.08333325,3.08333325,-0.0404879935,-0.07766113,0.800000131,0,-9.536743E-08,0.800000131,0,-9.536743E-08
3.1,3.1,3.1,-0.03989589,-0.07766095,0.800000131,0,-9.536743E-08,0.800000131,0,-9.536743E-08
3.11666656,3.11666656,3.11666656,-0.039467562,-0.0776611939,0.800000131,0,-9.536743E-08,0.800000131,0,-9.536743E-08
3.13333344,3.13333344,3.13333344,-0.0392515,-0.07766129,0.800000131,0,-9.536743E-08,0.800000131,0,-9.536743E-08
3.15,3.15,3.15,-0.03934772,-0.07766116,0.800000131,0,-9.536743E-08,0.800000131,0,-9.536743E-08
3.16666675,3.16666675,3.16666675,-0.0395991,-0.07766117,0.800000131,0,-9.536743E-08,0.800000131,0,-9.536743E-08
3.1833334,3.1833334,3.1833334,-0.03986998,-0.07766117,0.800000131,0,-9.536743E-08,0.800000131,0,-9.536743E-08
3.2,3.2,3.2,-0.0400598049,-0.07766108,0.800000131,0,-9.536743E-08,0.800000131,0,-9.536743E-08
3.2166667,3.2166667,3.2166667,-0.0401987359,-0.07766118,0.800000131,0,-9.536743E-08,0.800000131,0,-9.536743E-08
3.23333335,3.23333335,3.23333335,-0.04027325,-0.07766117,0.800000131,0,-9.536743E-08,0.800000131,0,-9.536743E-08
3.25,3.25,3.25,-0.0401543044,-0.07766117,0.800000131,0,-9.536743E-08,0.800000131,0,-9.536743E-08
3.26666665,3.26666665,3.26666665,-0.0398841277,-0.07766117,0.800000131,0,-9.536743E-08,0.800000131,0,-9.536743E-08
3.2833333,3.2833333,3.2833333,-0.03953309,-0.07766114,0.800000131,0,-9.536743E-08,0.800000131,0,-9.536743E-08
3.3,3.3,3.3,-0.0390467271,-0.07766117,0.800000131,0,-9.536743E-08,0.800000131,0,-9.536743E-08
3.3166666,3.3166666,3.3166666,-0.03836703,-0.07766133,0.800000131,0,-9.536743E-08,0.800000131,0,-9.536743E-08
3.33333325,3.33333325,3.33333325,-0.0376242064,-0.07766105,0.800000131,0,-9.536743E-08,0.800000131,0,-9.536743E-08
3.35,3.35,3.35,-0.0368598029,-0.07766105,0.800000131,0,-9.536743E-08,0.800000131,0,-9.536743E-08
3.36666656,3.36666656,3.36666656,-0.0360748321,-0.07766146,0.800000131,0,-9.536743E-08,0.800000131,0,-9.536743E-08
3.38333344,3.38333344,3.38333344,-0.0353212766,-0.07766131,0.800000131,0,-9.536743E-08,0.800000131,0,-9.536743E-08
3.4,3.4,3.4,-0.03444875,-0.07766122,0.800000131,0,-9.536743E-08,0.800000131,0,-9.536743E-08
3.41666675,3.41666675,3.41666675,-0.0332663171,-0.0776608959,0.800000131,0,-9.536743E-08,0.800000131,0,-9.536743E-08
3.4333334,3.4333334,3.4333334,-0.03184446,-0.07766109,0.800000131,0,-9.536743E-08,0.800000131,0,-9.536743E-08
3.45,3.45,3.45,-0.030188892,-0.07766116,0.800000131,0,-9.536743E-08,0.800000131,0,-9.536743E-08
3.4666667,3.4666667,3.4666667,-0.0281867273,-0.07766133,0.800000131,0,-9.536743E-08,0.800000131,0,-9.536743E-08
3.48333335,3.48333335,3.48333335,-0.0258457046,-0.07766114,0.800000131,0,-9.536743E-08,0.800000131,0,-9.536743E-08
3.5,3.5,3.5,-0.0233098119,-0.0776612759,0.800000131,0,-9.536743E-08,0.800000131,0,-9.536743E-08
3.51666665,3.51666665,3.51666665,-0.0208027977,-0.07766117,0.800000131,0,-9.536743E-08,0.800000131,0,-9.536743E-08
3.5333333,3.5333333,3.5333333,-0.0185368769,-0.07766114,0.800000131,0,-9.536743E-08,0.800000131,0,-9.536743E-08
3.55,3.55,3.55,-0.0178658888,-0.07766117,0.800000131,0,-9.536743E-08,0.800000131,0,-9.536743E-08
3.5666666,3.5666666,3.5666666,-0.0173755325,-0.07766116,0.800000131,0,-9.536743E-08,0.800000131,0,-9.536743E-08
3.58333325,3.58333325,3.58333325,-0.0169209987,-0.07766116,0.800000131,0,-9.536743E-08,0.800000131,0,-9.536743E-08
3.6,3.6,3.6,-0.0165631846,-0.07766117,0.800000131,0,-9.536743E-08,0.800000131,0,-9.536743E-08
3.61666656,3.61666656,3.61666656,-0.0164105948,-0.07766116,0.800000131,0,-9.536743E-08,0.800000131,0,-9.536743E-08
3.63333344,3.63333344,3.63333344,-0.0163002778,-0.07766117,0.800000131,0,-9.536743E-08,0.800000131,0,-9.536743E-08
3.65,3.65,3.65,-0.0161573682,-0.07766115,0.800000131,0,-9.536743E-08,0.800000131,0,-9.536743E-08
3.66666675,3.66666675,3.66666675,-0.0159039777,-0.07766117,0.800000131,0,-9.536743E-08,0.800000131,0,-9.536743E-08
3.6833334,3.6833334,3.6833334,-0.015704805,-0.07766116,0.800000131,0,-9.536743E-08,0.800000131,0,-9.536743E-08
3.7,3.7,3.7,-0.0152124893,-0.0776612,0.800000131,0,-9.536743E-08,0.800000131,0,-9.536743E-08
3.7166667,3.7166667,3.7166667,-0.0143332034,-0.07766117,0.800000131,0,-9.536743E-08,0.800000131,0,-9.536743E-08
3.73333335,3.73333335,3.73333335,-0.0131569691,-0.07766135,0.800000131,0,-9.536743E-08,0.800000131,0,-9.536743E-08
3.75,3.75,3.75,-0.0107270721,-0.07766122,0.800000131,0,-9.536743E-08,0.800000131,0,-9.536743E-08
3.76666665,3.76666665,3.76666665,-0.009219303,-0.07766117,0.800000131,0,-9.536743E-08,0.800000131,0,-9.536743E-08
3.7833333,3.7833333,3.7833333,-0.009059079,-0.0776613057,0.800000131,0,-9.536743E-08,0.800000131,0,-9.536743E-08
3.8,3.8,3.8,-0.00884832349,-0.0776613,0.800000131,0,-9.536743E-08,0.800000131,0,-9.536743E-08
3.8166666,3.8166666,3.8166666,-0.008469613,-0.07766129,0.800000131,0,-9.536743E-08,0.800000131,0,-9.536743E-08
3.83333325,3.83333325,3.83333325,-0.008139086,-0.07766108,0.800000131,0,-9.536743E-08,0.800000131,0,-9.536743E-08
3.85,3.85,3.85,-0.007908871,-0.07766104,0.800000131,0,-9.536743E-08,0.800000131,0,-9.536743E-08
3.86666656,3.86666656,3.86666656,-0.007807814,-0.0776612461,0.800000131,0,-9.536743E-08,0.800000131,0,-9.536743E-08
3.88333344,3.88333344,3.88333344,-0.008678629,-0.07766104,0.800000131,0,-9.536743E-08,0.800000131,0,-9.536743E-08
3.9,3.9,3.9,-0.0104054157,-0.07766096,0.800000131,0,-9.536743E-08,0.800000131,0,-9.536743E-08
3.91666675,3.91666675,3.91666675,-0.0115913171,-0.0776612,0.800000131,0,-9.536743E-08,0.800000131,0,-9.536743E-08
3.9333334,3.9333334,3.9333334,-0.0125529263,-0.07766122,0.800000131,0,-9.536743E-08,0.800000131,0,-9.536743E-08
3.95,3.95,3.95,-0.0133445933,-0.0776611045,0.800000131,0,-9.536743E-08,0.800000131,0,-9.536743E-08
3.9666667,3.9666667,3.9666667,-0.0139636258,-0.0776611343,0.800000131,0,-9.536743E-08,0.800000131,0,-9.536743E-08
3.98333335,3.98333335,3.98333335,-0.0144009432,-0.0776611939,0.800000131,0,-9.536743E-08,0.800000131,0,-9.536743E-08
4,4,4,-0.0147058479,-0.07766119,0.800000131,0,-9.536743E-08,0.800000131,0,-9.536743E-08
4.016667,4.016667,4.016667,-0.0148917958,-0.07766104,0.800000131,0,-9.536743E-08,0.800000131,0,-9.536743E-08
4.0333333,4.0333333,4.0333333,-0.0150595764,-0.07766112,0.800000131,0,-9.536743E-08,0.800000131,0,-9.536743E-08
4.05,4.05,4.05,-0.0152059477,-0.07766103,0.800000131,0,-9.536743E-08,0.800000131,0,-9.536743E-08
4.0666666,4.0666666,4.0666666,-0.0152673358,-0.07766114,0.800000131,0,-9.536743E-08,0.800000131,0,-9.536743E-08
4.08333349,4.08333349,4.08333349,-0.0153673617,-0.07766117,0.800000131,0,-9.536743E-08,0.800000131,0,-9.536743E-08
4.1,4.1,4.1,-0.0153806238,-0.07766131,0.800000131,0,-9.536743E-08,0.800000131,0,-9.536743E-08
4.116667,4.116667,4.116667,-0.01518482,-0.07766114,0.800000131,0,-9.536743E-08,0.800000131,0,-9.536743E-08
4.133333,4.133333,4.133333,-0.014928692,-0.07766121,0.800000131,0,-9.536743E-08,0.800000131,0,-9.536743E-08
4.15,4.15,4.15,-0.0147227077,-0.07766121,0.800000131,0,-9.536743E-08,0.800000131,0,-9.536743E-08
4.16666651,4.16666651,4.16666651,-0.0145186232,-0.0776611939,0.800000131,0,-9.536743E-08,0.800000131,0,-9.536743E-08
4.1833334,4.1833334,4.1833334,-0.0142915947,-0.07766121,0.800000131,0,-9.536743E-08,0.800000131,0,-9.536743E-08
4.2,4.2,4.2,-0.01407091,-0.0776612,0.800000131,0,-9.536743E-08,0.800000131,0,-9.536743E-08
4.2166667,4.2166667,4.2166667,-0.0138804931,-0.07766115,0.800000131,0,-9.536743E-08,0.800000131,0,-9.536743E-08
4.233333,4.233333,4.233333,-0.0137346731,-0.07766121,0.800000131,0,-9.536743E-08,0.800000131,0,-9.536743E-08
4.25,4.25,4.25,-0.01366116,-0.0776611939,0.800000131,0,-9.536743E-08,0.800000131,0,-9.536743E-08
4.266667,4.266667,4.266667,-0.0136429127,-0.07766131,0.800000131,0,-9.536743E-08,0.800000131,0,-9.536743E-08
4.2833333,4.2833333,4.2833333,-0.0135872765,-0.07766121,0.800000131,0,-9.536743E-08,0.800000131,0,-9.536743E-08
4.3,4.3,4.3,-0.0135022346,-0.07766125,0.800000131,0,-9.536743E-08,0.800000131,0,-9.536743E-08
4.3166666,4.3166666,4.3166666,-0.0134316348,-0.0776612,0.800000131,0,-9.536743E-08,0.800000131,0,-9.536743E-08
4.33333349,4.33333349,4.33333349,-0.0133347847,-0.0776611939,0.800000131,0,-9.536743E-08,0.800000131,0,-9.536743E-08
4.35,4.35,4.35,-0.0131756086,-0.0776611939,0.800000131,0,-9.536743E-08,0.800000131,0,-9.536743E-08
4.366667,4.366667,4.366667,-0.0129702631,-0.0776612,0.800000131,0,-9.536743E-08,0.800000131,0,-9.536743E-08
4.383333,4.383333,4.383333,-0.0127492119,-0.07766119,0.800000131,0,-9.536743E-08,0.800000131,0,-9.536743E-08
4.4,4.4,4.4,-0.01251251,-0.07766119,0.800000131,0,-9.536743E-08,0.800000131,0,-9.536743E-08
4.41666651,4.41666651,4.41666651,-0.0122549748,-0.0776611343,0.800000131,0,-9.536743E-08,0.800000131,0,-9.536743E-08
4.4333334,4.4333334,4.4333334,-0.0119989272,-0.0776611939,0.800000131,0,-9.536743E-08,0.800000131,0,-9.536743E-08
4.45,4.45,4.45,-0.0117555857,-0.07766121,0.800000131,0,-9.536743E-08,0.800000131,0,-9.536743E-08
4.4666667,4.4666667,4.4666667,-0.0115088932,-0.0776613653,0.800000131,0,-9.536743E-08,0.800000131,0,-9.536743E-08
4.483333,4.483333,4.483333,-0.0112647815,-0.07766115,0.800000131,0,-9.536743E-08,0.800000131,0,-9.536743E-08
4.5,4.5,4.5,-0.0110286213,-0.07766118,0.800000131,0,-9.536743E-08,0.800000131,0,-9.536743E-08
4.516667,4.516667,4.516667,-0.0107977455,-0.07766105,0.800000131,0,-9.536743E-08,0.800000131,0,-9.536743E-08
4.5333333,4.5333333,4.5333333,-0.0105534932,-0.0776612,0.800000131,0,-9.536743E-08,0.800000131,0,-9.536743E-08
4.55,4.55,4.55,-0.0102826413,-0.07766114,0.800000131,0,-9.536743E-08,0.800000131,0,-9.536743E-08
4.5666666,4.5666666,4.5666666,-0.009983162,-0.0776611939,0.800000131,0,-9.536743E-08,0.800000131,0,-9.536743E-08
4.58333349,4.58333349,4.58333349,-0.00968478248,-0.0776613653,0.800000131,0,-9.536743E-08,0.800000131,0,-9.536743E-08
4.6,4.6,4.6,-0.009403373,-0.0776611939,0.800000131,0,-9.536743E-08,0.800000131,0,-9.536743E-08
4.616667,4.616667,4.616667,-0.00911133,-0.07766141,0.800000131,0,-9.536743E-08,0.800000131,0,-9.536743E-08
4.633333,4.633333,4.633333,-0.008852654,-0.07766121,0.800000131,0,-9.536743E-08,0.800000131,0,-9.536743E-08
4.65,4.65,4.65,-0.008662089,-0.0776613653,0.800000131,0,-9.536743E-08,0.800000131,0,-9.536743E-08
4.66666651,4.66666651,4.66666651,-0.008513779,-0.07766134,0.800000131,0,-9.536743E-08,0.800000131,0,-9.536743E-08
4.6833334,4.6833334,4.6833334,-0.00840656,-0.0776612,0.800000131,0,-9.536743E-08,0.800000131,0,-9.536743E-08
4.7,4.7,4.7,-0.008351731,-0.0776611939,0.800000131,0,-9.536743E-08,0.800000131,0,-9.536743E-08
4.7166667,4.7166667,4.7166667,-0.008336955,-0.0776612,0.800000131,0,-9.536743E-08,0.800000131,0,-9.536743E-08
4.733333,4.733333,4.733333,-0.008355691,-0.07766141,0.800000131,0,-9.536743E-08,0.800000131,0,-9.536743E-08
4.75,4.75,4.75,-0.008378148,-0.07766121,0.800000131,0,-9.536743E-08,0.800000131,0,-9.536743E-08
4.766667,4.766667,4.766667,-0.008451173,-0.0776611939,0.800000131,0,-9.536743E-08,0.800000131,0,-9.536743E-08
4.7833333,4.7833333,4.7833333,-0.00864138547,-0.07766114,0.800000131,0,-9.536743E-08,0.800000131,0,-9.536743E-08
4.8,4.8,4.8,-0.008815394,-0.0776613653,0.800000131,0,-9.536743E-08,0.800000131,0,-9.536743E-08
4.8166666,4.8166666,4.8166666,-0.008894009,-0.0776611939,0.800000131,0,-9.536743E-08,0.800000131,0,-9.536743E-08
4.83333349,4.83333349,4.83333349,-0.008955293,-0.07766118,0.800000131,0,-9.536743E-08,0.800000131,0,-9.536743E-08
4.85,4.85,4.85,-0.009077496,-0.07766125,0.800000131,0,-9.536743E-08,0.800000131,0,-9.536743E-08
4.866667,4.866667,4.866667,-0.009127174,-0.07766114,0.800000131,0,-9.536743E-08,0.800000131,0,-9.536743E-08
4.883333,4.883333,4.883333,-0.009057105,-0.0776611939,0.800000131,0,-9.536743E-08,0.800000131,0,-9.536743E-08
4.9,4.9,4.9,-0.00880615,-0.0776611939,0.800000131,0,-9.536743E-08,0.800000131,0,-9.536743E-08
4.91666651,4.91666651,4.91666651,-0.008186861,-0.0776611939,0.800000131,0,-9.536743E-08,0.800000131,0,-9.536743E-08
4.9333334,4.9333334,4.9333334,-0.007575874,-0.0776612,0.800000131,0,-9.536743E-08,0.800000131,0,-9.536743E-08
4.95,4.95,4.95,-0.00735171232,-0.0776611939,0.800000131,0,-9.536743E-08,0.800000131,0,-9.536743E-08
4.9666667,4.9666667,4.9666667,-0.00733167352,-0.07766114,0.800000131,0,-9.536743E-08,0.800000131,0,-9.536743E-08
4.983333,4.983333,4.983333,-0.007391674,-0.0776612,0.800000131,0,-9.536743E-08,0.800000131,0,-9.536743E-08
5,5,5,-0.00800153147,-0.07766114,0.800000131,0,-9.536743E-08,0.800000131,0,-9.536743E-08
5.016667,5.016667,5.016667,-0.009523149,-0.0776611939,0.800000131,0,-9.536743E-08,0.800000131,0,-9.536743E-08
5.0333333,5.0333333,5.0333333,-0.0111261168,-0.0776611939,0.800000131,0,-9.536743E-08,0.800000131,0,-9.536743E-08
5.05,5.05,5.05,-0.0120694553,-0.0776611939,0.800000131,0,-9.536743E-08,0.800000131,0,-9.536743E-08
5.0666666,5.0666666,5.0666666,-0.0125993909,-0.0776612,0.800000131,0,-9.536743E-08,0.800000131,0,-9.536743E-08
5.08333349,5.08333349,5.08333349,-0.0126542356,-0.0776611939,0.800000131,0,-9.536743E-08,0.800000131,0,-9.536743E-08
5.1,5.1,5.1,-0.0126601821,-0.0776611939,0.800000131,0,-9.536743E-08,0.800000131,0,-9.536743E-08
5.11500025,5.11500025,5.11500025,-0.0136542274,-0.0776611939,0.800000131,0,-9.536743E-08,0.800000131,0,-9.536743E-08
5.116667,5.116667,5.116667,-0.0138093214,-0.0776611939,0.800000131,0,-9.536743E-08,0.800000131,0,-9.536743E-08
5.133333,5.133333,5.133333,-0.0149756465,-0.0776612,0.800000131,0,-9.536743E-08,0.800000131,0,-9.536743E-08
5.15,5.15,5.15,-0.0149663724,-0.0776611939,0.800000131,0,-9.536743E-08,0.800000131,0,-9.536743E-08
5.16666651,5.16666651,5.16666651,-0.0148652531,-0.0776611939,0.800000131,0,-9.536743E-08,0.800000131,0,-9.536743E-08
5.1833334,5.1833334,5.1833334,-0.0150950952,-0.0776611939,0.800000131,0,-9.536743E-08,0.800000131,0,-9.536743E-08
5.2,5.2,5.2,-0.0153341,-0.0776611939,0.800000131,0,-9.536743E-08,0.800000131,0,-9.536743E-08
5.2166667,5.2166667,5.2166667,-0.0154272681,-0.07766141,0.800000131,0,-9.536743E-08,0.800000131,0,-9.536743E-08
5.233333,5.233333,5.233333,-0.0154336961,-0.0776611939,0.800000131,0,-9.536743E-08,0.800000131,0,-9.536743E-08
5.25,5.25,5.25,-0.0154277468,-0.0776611939,0.800000131,0,-9.536743E-08,0.800000131,0,-9.536743E-08
5.266667,5.266667,5.266667,-0.0153985666,-0.0776611939,0.800000131,0,-9.536743E-08,0.800000131,0,-9.536743E-08
5.2833333,5.2833333,5.2833333,-0.0154902758,-0.0776611939,0.800000131,0,-9.536743E-08,0.800000131,0,-9.536743E-08
5.3,5.3,5.3,-0.0156630576,-0.07766114,0.800000131,0,-9.536743E-08,0.800000131,0,-9.536743E-08
5.3166666,5.3166666,5.3166666,-0.0157996,-0.07766134,0.800000131,0,-9.536743E-08,0.800000131,0,-9.536743E-08
5.33333349,5.33333349,5.33333349,-0.01593778,-0.0776612,0.800000131,0,-9.536743E-08,0.800000131,0,-9.536743E-08
5.35,5.35,5.35,-0.01610858,-0.0776611939,0.800000131,0,-9.536743E-08,0.800000131,0,-9.536743E-08
5.366667,5.366667,5.366667,-0.0162611622,-0.07766125,0.800000131,0,-9.536743E-08,0.800000131,0,-9.536743E-08
5.383333,5.383333,5.383333,-0.0163826868,-0.07766125,0.800000131,0,-9.536743E-08,0.800000131,0,-9.536743E-08
5.4,5.4,5.4,-0.0164562874,-0.0776611939,0.800000131,0,-9.536743E-08,0.800000131,0,-9.536743E-08
5.41666651,5.41666651,5.41666651,-0.0164747052,-0.0776611939,0.800000131,0,-9.536743E-08,0.800000131,0,-9.536743E-08
5.4333334,5.4333334,5.4333334,-0.0164741967,-0.0776611939,0.800000131,0,-9.536743E-08,0.800000131,0,-9.536743E-08
5.45,5.45,5.45,-0.016443586,-0.0776611939,0.800000131,0,-9.536743E-08,0.800000131,0,-9.536743E-08
5.4666667,5.4666667,5.4666667,-0.0163885951,-0.0776611939,0.800000131,0,-9.536743E-08,0.800000131,0,-9.536743E-08
5.483333,5.483333,5.483333,-0.016363645,-0.0776611939,0.800000131,0,-9.536743E-08,0.800000131,0,-9.536743E-08
5.5,5.5,5.5,-0.01636333,-0.0776611939,0.800000131,0,-9.536743E-08,0.800000131,0,-9.536743E-08
5.516667,5.516667,5.516667,-0.01634733,-0.0776612,0.800000131,0,-9.536743E-08,0.800000131,0,-9.536743E-08
5.5333333,5.5333333,5.5333333,-0.0162956249,-0.07766121,0.800000131,0,-9.536743E-08,0.800000131,0,-9.536743E-08
5.55,5.55,5.55,-0.01616916,-0.0776613653,0.800000131,0,-9.536743E-08,0.800000131,0,-9.536743E-08
5.5666666,5.5666666,5.5666666,-0.0160160139,-0.0776612,0.800000131,0,-9.536743E-08,0.800000131,0,-9.536743E-08
5.58333349,5.58333349,5.58333349,-0.0158920214,-0.0776611939,0.800000131,0,-9.536743E-08,0.800000131,0,-9.536743E-08
5.6,5.6,5.6,-0.0157253668,-0.0776611939,0.800000131,0,-9.536743E-08,0.800000131,0,-9.536743E-08
5.616667,5.616667,5.616667,-0.0154870925,-0.07766114,0.800000131,0,-9.536743E-08,0.800000131,0,-9.536743E-08
5.633333,5.633333,5.633333,-0.015221552,-0.0776612,0.800000131,0,-9.536743E-08,0.800000131,0,-9.536743E-08
5.65,5.65,5.65,-0.0149274776,-0.0776611939,0.800000131,0,-9.536743E-08,0.800000131,0,-9.536743E-08
5.66666651,5.66666651,5.66666651,-0.0146556757,-0.07766121,0.800000131,0,-9.536743E-08,0.800000131,0,-9.536743E-08
5.6833334,5.6833334,5.6833334,-0.0143771525,-0.0776611939,0.800000131,0,-9.536743E-08,0.800000131,0,-9.536743E-08
5.7,5.7,5.7,-0.0142019447,-0.0776611939,0.800000131,0,-9.536743E-08,0.800000131,0,-9.536743E-08
5.7166667,5.7166667,5.7166667,-0.0143295592,-0.0776611939,0.800000131,0,-9.536743E-08,0.800000131,0,-9.536743E-08
5.733333,5.733333,5.733333,-0.0145723419,-0.0776612,0.800000131,0,-9.536743E-08,0.800000131,0,-9.536743E-08
5.75,5.75,5.75,-0.0148121761,-0.07766121,0.800000131,0,-9.536743E-08,0.800000131,0,-9.536743E-08
5.766667,5.766667,5.766667,-0.0150780305,-0.0776612,0.800000131,0,-9.536743E-08,0.800000131,0,-9.536743E-08
5.7833333,5.7833333,5.7833333,-0.0153958732,-0.0776611939,0.800000131,0,-9.536743E-08,0.800000131,0,-9.536743E-08
5.8,5.8,5.8,-0.0156576112,-0.0776611939,0.800000131,0,-9.536743E-08,0.800000131,0,-9.536743E-08
5.8166666,5.8166666,5.8166666,-0.0158096869,-0.0776611939,0.800000131,0,-9.536743E-08,0.800000131,0,-9.536743E-08
5.83333349,5.83333349,5.83333349,-0.0159593262,-0.0776611939,0.800000131,0,-9.536743E-08,0.800000131,0,-9.536743E-08
5.85,5.85,5.85,-0.0161396619,-0.0776611939,0.800000131,0,-9.536743E-08,0.800000131,0,-9.536743E-08
5.866667,5.866667,5.866667,-0.0163017884,-0.0776612,0.800000131,0,-9.536743E-08,0.800000131,0,-9.536743E-08
5.883333,5.883333,5.883333,-0.0163636357,-0.0776611939,0.800000131,0,-9.536743E-08,0.800000131,0,-9.536743E-08
5.9,5.9,5.9,-0.0164516587,-0.0776611939,0.800000131,0,-9.536743E-08,0.800000131,0,-9.536743E-08
5.91666651,5.91666651,5.91666651,-0.016593229,-0.0776611939,0.800000131,0,-9.536743E-08,0.800000131,0,-9.536743E-08
5.9333334,5.9333334,5.9333334,-0.0166767351,-0.07766118,0.800000131,0,-9.536743E-08,0.800000131,0,-9.536743E-08
5.95,5.95,5.95,-0.0166652277,-0.07766132,0.800000131,0,-9.536743E-08,0.800000131,0,-9.536743E-08
5.9666667,5.9666667,5.9666667,-0.016576007,-0.0776611939,0.800000131,0,-9.536743E-08,0.800000131,0,-9.536743E-08
5.983333,5.983333,5.983333,-0.01645863,-0.07766121,0.800000131,0,-9.536743E-08,0.800000131,0,-9.536743E-08
6,6,6,-0.0163147,-0.07766121,0.800000131,0,-9.536743E-08,0.800000131,0,-9.536743E-08
6.016667,6.016667,6.016667,-0.01612569,-0.0776611939,0.800000131,0,-9.536743E-08,0.800000131,0,-9.536743E-08
6.0333333,6.0333333,6.0333333,-0.01586406,-0.0776612,0.800000131,0,-9.536743E-08,0.800000131,0,-9.536743E-08
6.05,6.05,6.05,-0.015516324,-0.0776611939,0.800000131,0,-9.536743E-08,0.800000131,0,-9.536743E-08
6.0666666,6.0666666,6.0666666,-0.015214284,-0.0776612,0.800000131,0,-9.536743E-08,0.800000131,0,-9.536743E-08
6.08333349,6.08333349,6.08333349,-0.0149598261,-0.07766114,0.800000131,0,-9.536743E-08,0.800000131,0,-9.536743E-08
6.1,6.1,6.1,-0.014674711,-0.07766114,0.800000131,0,-9.536743E-08,0.800000131,0,-9.536743E-08
6.116667,6.116667,6.116667,-0.014433261,-0.0776613653,0.800000131,0,-9.536743E-08,0.800000131,0,-9.536743E-08
6.133333,6.133333,6.133333,-0.0142590031,-0.0776611939,0.800000131,0,-9.536743E-08,0.800000131,0,-9.536743E-08
6.15,6.15,6.15,-0.014137527,-0.07766121,0.800000131,0,-9.536743E-08,0.800000131,0,-9.536743E-08
6.16666651,6.16666651,6.16666651,-0.0140467584,-0.0776611939,0.800000131,0,-9.536743E-08,0.800000131,0,-9.536743E-08
6.1833334,6.1833334,6.1833334,-0.0140131069,-0.0776611939,0.800000131,0,-9.536743E-08,0.800000131,0,-9.536743E-08
6.2,6.2,6.2,-0.013968912,-0.07766121,0.800000131,0,-9.536743E-08,0.800000131,0,-9.536743E-08
6.2166667,6.2166667,6.2166667,-0.01382077,-0.0776611939,0.800000131,0,-9.536743E-08,0.800000131,0,-9.536743E-08
6.233333,6.233333,6.233333,-0.013659575,-0.0776611939,0.800000131,0,-9.536743E-08,0.800000131,0,-9.536743E-08
6.25,6.25,6.25,-0.0135552809,-0.0776611939,0.800000131,0,-9.536743E-08,0.800000131,0,-9.536743E-08
6.266667,6.266667,6.266667,-0.0134910326,-0.07766125,0.800000131,0,-9.536743E-08,0.800000131,0,-9.536743E-08
6.2833333,6.2833333,6.2833333,-0.0134335933,-0.07766105,0.800000131,0,-9.536743E-08,0.800000131,0,-9.536743E-08
6.3,6.3,6.3,-0.0133858128,-0.07766118,0.800000131,0,-9.536743E-08,0.800000131,0,-9.536743E-08
6.3166666,6.3166666,6.3166666,-0.0134014012,-0.0776611939,0.800000131,0,-9.536743E-08,0.800000131,0,-9.536743E-08
6.33333349,6.33333349,6.33333349,-0.0134269837,-0.0776611939,0.800000131,0,-9.536743E-08,0.800000131,0,-9.536743E-08
6.35,6.35,6.35,-0.0134124095,-0.0776611939,0.800000131,0,-9.536743E-08,0.800000131,0,-9.536743E-08
6.366667,6.366667,6.366667,-0.0134148467,-0.0776611939,0.800000131,0,-9.536743E-08,0.800000131,0,-9.536743E-08
6.383333,6.383333,6.383333,-0.013435266,-0.07766134,0.800000131,0,-9.536743E-08,0.800000131,0,-9.536743E-08
6.4,6.4,6.4,-0.01345173,-0.07766121,0.800000131,0,-9.536743E-08,0.800000131,0,-9.536743E-08
6.41666651,6.41666651,6.41666651,-0.013437584,-0.0776611939,0.800000131,0,-9.536743E-08,0.800000131,0,-9.536743E-08
6.4333334,6.4333334,6.4333334,-0.0134048415,-0.0776611939,0.800000131,0,-9.536743E-08,0.800000131,0,-9.536743E-08
6.45,6.45,6.45,-0.0133856945,-0.07766121,0.800000131,0,-9.536743E-08,0.800000131,0,-9.536743E-08
6.4666667,6.4666667,6.4666667,-0.0133449035,-0.07766141,0.800000131,0,-9.536743E-08,0.800000131,0,-9.536743E-08
6.483333,6.483333,6.483333,-0.0133152921,-0.0776611939,0.800000131,0,-9.536743E-08,0.800000131,0,-9.536743E-08
6.5,6.5,6.5,-0.01329836,-0.0776611939,0.800000131,0,-9.536743E-08,0.800000131,0,-9.536743E-08
6.516667,6.516667,6.516667,-0.0132231368,-0.07766118,0.800000131,0,-9.536743E-08,0.800000131,0,-9.536743E-08
6.5333333,6.5333333,6.5333333,-0.0131303528,-0.0776611939,0.800000131,0,-9.536743E-08,0.800000131,0,-9.536743E-08
6.55,6.55,6.55,-0.0130438982,-0.0776611939,0.800000131,0,-9.536743E-08,0.800000131,0,-9.536743E-08
6.5666666,6.5666666,6.5666666,-0.0130214,-0.07766119,0.800000131,0,-9.536743E-08,0.800000131,0,-9.536743E-08
6.58333349,6.58333349,6.58333349,-0.0131244641,-0.07766114,0.800000131,0,-9.536743E-08,0.800000131,0,-9.536743E-08
6.6,6.6,6.6,-0.0132426945,-0.0776611939,0.800000131,0,-9.536743E-08,0.800000131,0,-9.536743E-08
6.616667,6.616667,6.616667,-0.0132722789,-0.0776611939,0.800000131,0,-9.536743E-08,0.800000131,0,-9.536743E-08
6.633333,6.633333,6.633333,-0.0133056762,-0.0776613653,0.800000131,0,-9.536743E-08,0.800000131,0,-9.536743E-08
6.65,6.65,6.65,-0.0134522328,-0.07766105,0.800000131,0,-9.536743E-08,0.800000131,0,-9.536743E-08
6.66666651,6.66666651,6.66666651,-0.0136185829,-0.0776611939,0.800000131,0,-9.536743E-08,0.800000131,0,-9.536743E-08
6.6833334,6.6833334,6.6833334,-0.01373372,-0.0776611939,0.800000131,0,-9.536743E-08,0.800000131,0,-9.536743E-08
6.7,6.7,6.7,-0.013822,-0.0776611939,0.800000131,0,-9.536743E-08,0.800000131,0,-9.536743E-08
6.7166667,6.7166667,6.7166667,-0.0139370151,-0.07766134,0.800000131,0,-9.536743E-08,0.800000131,0,-9.536743E-08
6.733333,6.733333,6.733333,-0.0140276523,-0.07766134,0.800000131,0,-9.536743E-08,0.800000131,0,-9.536743E-08
6.75,6.75,6.75,-0.0139833046,-0.0776611939,0.800000131,0,-9.536743E-08,0.800000131,0,-9.536743E-08
6.766667,6.766667,6.766667,-0.0138908336,-0.0776611939,0.800000131,0,-9.536743E-08,0.800000131,0,-9.536743E-08
6.7833333,6.7833333,6.7833333,-0.013886556,-0.07766114,0.800000131,0,-9.536743E-08,0.800000131,0,-9.536743E-08
6.8,6.8,6.8,-0.0138843581,-0.07766121,0.800000131,0,-9.536743E-08,0.800000131,0,-9.536743E-08
6.8166666,6.8166666,6.8166666,-0.013832272,-0.0776611939,0.800000131,0,-9.536743E-08,0.800000131,0,-9.536743E-08
6.83333349,6.83333349,6.83333349,-0.013797299,-0.0776611939,0.800000131,0,-9.536743E-08,0.800000131,0,-9.536743E-08
6.85,6.85,6.85,-0.0137684466,-0.0776611939,0.800000131,0,-9.536743E-08,0.800000131,0,-9.536743E-08
6.866667,6.866667,6.866667,-0.0137443086,-0.0776611939,0.800000131,0,-9.536743E-08,0.800000131,0,-9.536743E-08
6.883333,6.883333,6.883333,-0.0137659311,-0.0776612,0.800000131,0,-9.536743E-08,0.800000131,0,-9.536743E-08
6.9,6.9,6.9,-0.0138419364,-0.07766121,0.800000131,0,-9.536743E-08,0.800000131,0,-9.536743E-08
6.91666651,6.91666651,6.91666651,-0.0140025681,-0.07766125,0.800000131,0,-9.536743E-08,0.800000131,0,-9.536743E-08
6.9333334,6.9333334,6.9333334,-0.0140455887,-0.07766105,0.800000131,0,-9.536743E-08,0.800000131,0,-9.536743E-08
6.95,6.95,6.95,-0.0138329081,-0.0776611939,0.800000131,0,-9.536743E-08,0.800000131,0,-9.536743E-08
6.9666667,6.9666667,6.9666667,-0.0135690942,-0.0776611939,0.800000131,0,-9.536743E-08,0.800000131,0,-9.536743E-08
6.983333,6.983333,6.983333,-0.01334579,-0.0776611939,0.800000131,0,-9.536743E-08,0.800000131,0,-9.536743E-08
7,7,7,-0.0132241491,-0.0776613653,0.800000131,0,-9.536743E-08,0.800000131,0,-9.536743E-08
7.016667,7.016667,7.016667,-0.0132032689,-0.07766125,0.800000131,0,-9.536743E-08,0.800000131,0,-9.536743E-08
7.0333333,7.0333333,7.0333333,-0.0131531814,-0.07766121,0.800000131,0,-9.536743E-08,0.800000131,0,-9.536743E-08
7.05,7.05,7.05,-0.01307023,-0.07766125,0.800000131,0,-9.536743E-08,0.800000131,0,-9.536743E-08
7.0666666,7.0666666,7.0666666,-0.012986538,-0.0776611939,0.800000131,0,-9.536743E-08,0.800000131,0,-9.536743E-08
7.08333349,7.08333349,7.08333349,-0.0129134608,-0.0776611939,0.800000131,0,-9.536743E-08,0.800000131,0,-9.536743E-08
7.1,7.1,7.1,-0.0128595689,-0.0776611939,0.800000131,0,-9.536743E-08,0.800000131,0,-9.536743E-08
7.116667,7.116667,7.116667,-0.012835443,-0.0776611939,0.800000131,0,-9.536743E-08,0.800000131,0,-9.536743E-08
7.133333,7.133333,7.133333,-0.012799344,-0.0776611939,0.800000131,0,-9.536743E-08,0.800000131,0,-9.536743E-08
7.15,7.15,7.15,-0.0126635619,-0.07766121,0.800000131,0,-9.536743E-08,0.800000131,0,-9.536743E-08
7.16666651,7.16666651,7.16666651,-0.0125325946,-0.07766114,0.800000131,0,-9.536743E-08,0.800000131,0,-9.536743E-08
7.1833334,7.1833334,7.1833334,-0.0124164894,-0.07766132,0.800000131,0,-9.536743E-08,0.800000131,0,-9.536743E-08
7.2,7.2,7.2,-0.0122729791,-0.0776611939,0.800000131,0,-9.536743E-08,0.800000131,0,-9.536743E-08
7.2166667,7.2166667,7.2166667,-0.0122246137,-0.0776611939,0.800000131,0,-9.536743E-08,0.800000131,0,-9.536743E-08
7.233333,7.233333,7.233333,-0.0121643692,-0.0776612,0.800000131,0,-9.536743E-08,0.800000131,0,-9.536743E-08
7.25,7.25,7.25,-0.0119754337,-0.0776611939,0.800000131,0,-9.536743E-08,0.800000131,0,-9.536743E-08
7.266667,7.266667,7.266667,-0.0117252991,-0.0776611939,0.800000131,0,-9.536743E-08,0.800000131,0,-9.536743E-08
7.2833333,7.2833333,7.2833333,-0.0114753842,-0.0776611939,0.800000131,0,-9.536743E-08,0.800000131,0,-9.536743E-08
7.3,7.3,7.3,-0.0112204393,-0.07766141,0.800000131,0,-9.536743E-08,0.800000131,0,-9.536743E-08
7.3166666,7.3166666,7.3166666,-0.0109792715,-0.0776611939,0.800000131,0,-9.536743E-08,0.800000131,0,-9.536743E-08
7.33333349,7.33333349,7.33333349,-0.0108380923,-0.0776612,0.800000131,0,-9.536743E-08,0.800000131,0,-9.536743E-08
7.35,7.35,7.35,-0.0108494963,-0.07766134,0.800000131,0,-9.536743E-08,0.800000131,0,-9.536743E-08
7.366667,7.366667,7.366667,-0.0108922729,-0.0776613653,0.800000131,0,-9.536743E-08,0.800000131,0,-9.536743E-08
7.36666727,7.36666727,7.36666727,-0.0108922729,-0.0776613653,0.800000131,0,-9.536743E-08,0.800000131,0,-9.536743E-08
