seconds,leftHandPivotToHeadPivotMetres,rightHandPivotToHeadPivotMetres
0,0.375555366,0.695827365
0.0166666675,0.3925004,0.6865997
0.0333333351,0.449063569,0.6777031
0.05,0.5497038,0.7025729
0.06,0.626417041,0.742278755
0.06666667,0.6812071,0.7782272
0.0833333358,0.8168811,0.885542154
0.1,0.925451636,0.981948137
0.116666667,0.978437066,1.03013039
0.12,0.980204165,1.03173733
0.13333334,0.9808155,1.03222513
0.15,0.9823511,1.03327429
0.166666672,0.9841705,1.03452086
0.183333337,0.9852981,1.03557491
0.2,0.9863043,1.03650713
0.216666669,0.98748374,1.03744018
0.233333334,0.9884874,1.03857553
0.25,0.989371,1.03970611
0.266666681,0.990206361,1.04066539
0.283333331,0.990943,1.04150879
0.3,0.991560161,1.04252207
0.316666663,0.992433,1.04384863
0.333333343,0.9934185,1.04575038
0.35,0.99431,1.04868758
0.366666675,0.9954861,1.05189025
0.383333325,0.9978,1.0554831
0.4,1.00053883,1.05966783
0.416666657,1.00250232,1.06374657
0.433333337,1.00432038,1.06749368
0.45,1.00572574,1.07039249
0.466666669,1.00672591,1.07247329
0.483333319,1.00753951,1.07431781
0.5,1.00786877,1.07660854
0.516666651,1.00785959,1.07909
0.533333361,1.00790346,1.08184886
0.55,1.008576,1.08556175
0.566666663,1.00937891,1.08932626
0.5833333,1.00994742,1.0925715
0.6,1.0104425,1.09573781
0.6166667,1.01076639,1.09866548
0.6333333,1.010378,1.1011132
0.65,1.009746,1.10318244
0.6666667,1.00897157,1.10513508
0.683333337,1.00789928,1.10697114
0.7,1.00659871,1.108526
0.716666639,1.0050813,1.10977674
0.733333349,1.003485,1.11071277
0.75,1.00179958,1.1112715
0.766666651,0.9998915,1.11144149
0.783333361,0.997579455,1.1112169
0.8,0.99494797,1.11073649
0.816666663,0.9921224,1.11026943
0.8333333,0.9889842,1.10988224
0.85,0.985878646,1.10966039
0.8666667,0.9827402,1.109466
0.8833333,0.9791534,1.10918474
0.9,0.9752789,1.10881484
0.9166667,0.971111834,1.10830867
0.933333337,0.9668176,1.10783589
0.95,0.962523043,1.10732853
0.966666639,0.9581055,1.10679567
0.983333349,0.9534383,1.10645068
1,0.948675036,1.10591733
1.01666665,0.9438504,1.10479021
1.0333333,0.9386675,1.10335493
1.05,0.933977842,1.1021564
1.06666672,0.930180132,1.10160029
1.08333337,0.927542,1.1020503
1.1,0.9260875,1.10253167
1.11666667,0.925721169,1.10122979
1.13333333,0.926641047,1.09756136
1.15,0.9289174,1.090973
1.16666663,0.9327398,1.08147275
1.18333328,0.9380548,1.06946063
1.2,0.944998741,1.05391026
1.2166667,0.9534659,1.03525245
1.23333335,0.9630563,1.01292527
1.25,0.9731202,0.986301661
1.26666665,0.982752264,0.955905437
1.28,0.989712059,0.931471944
1.2833333,0.9912446,0.925284266
1.3,0.9967498,0.888416052
1.31666672,0.9994152,0.8491686
1.33333337,0.9999296,0.795150459
1.34,0.998934031,0.7580324
1.35,0.995797038,0.687225342
1.36666667,0.9877114,0.537732661
1.38333333,0.9761585,0.3435437
1.4,0.9620584,0.154499888
1.41666663,0.9501622,0.136734754
1.43333328,0.9403092,0.282098234
1.45,0.9332131,0.4351819
1.4666667,0.927420735,0.5602597
1.48333335,0.9240055,0.649547338
1.5,0.923300564,0.7132808
1.51666665,0.923557639,0.753773034
1.52,0.923918068,0.759782434
1.5333333,0.925249755,0.778656542
1.55,0.9230691,0.7898053
1.56666672,0.9133554,0.784648836
1.57499993,0.905399144,0.776212
1.58333337,0.8957784,0.7648286
1.6,0.878339,0.740814567
1.61666667,0.8688577,0.7215859
1.63,0.868003368,0.7106207
1.63333333,0.869011343,0.708952069
1.65,0.881642,0.7074099
1.66666663,0.9089762,0.7194913
1.68333328,0.9385767,0.7332704
1.685,0.9414645,0.734498858
1.7,0.9628447,0.7398683
1.7166667,0.971924961,0.728053868
1.73333335,0.967648268,0.700409651
1.74,0.9621122,0.685426056
1.75,0.955868244,0.665797055
1.76666665,0.9502818,0.64135164
1.7833333,0.9582803,0.635609865
1.8,0.9970269,0.6657361
1.81666672,1.03803194,0.6999427
1.82,1.0460912,0.706766069
1.83333337,1.0722698,0.727847457
1.85,1.07851458,0.7247175
1.86666667,1.07084966,0.7063662
1.88333333,1.05916548,0.6849387
1.9,1.04012811,0.6583074
1.91666663,1.01291883,0.626238
1.93333328,0.980849564,0.59147197
1.95,0.9432507,0.553684235
1.9666667,0.903109431,0.516859651
1.98,0.8730505,0.493850738
1.98333335,0.8661579,0.4895441
2,0.8388359,0.478907228
2.01666665,0.8260995,0.4862011
2.0333333,0.8255042,0.504044056
2.05,0.8317852,0.5244624
2.06,0.8349375,0.534117162
2.0666666,0.8363032,0.539346337
2.08333325,0.838357031,0.5502818
2.1,0.8393021,0.558312356
2.11666656,0.8419977,0.5668802
2.13333344,0.8472144,0.5763806
2.14,0.850831151,0.5808318
2.15,0.857268035,0.587594748
2.16666675,0.8711685,0.6002484
2.1833334,0.8902721,0.61671257
2.2,0.9119765,0.634367943
2.2166667,0.934793234,0.651998162
2.22,0.9387057,0.6546831
2.23333335,0.967209458,0.681289136
2.25,0.948477566,0.6483289
2.26,0.935014367,0.628371537
2.26666665,0.9266051,0.6189036
2.2833333,0.903655767,0.597196
2.3,0.893341,0.57893914
2.3166666,0.890348554,0.5618896
2.33333325,0.8902726,0.5486083
2.34,0.8899711,0.5450142
2.35,0.8891761,0.5426799
2.36666656,0.888938963,0.5475846
2.38,0.8891279,0.5542399
2.38333344,0.8887236,0.554842234
2.4,0.886669636,0.5587983
2.41666675,0.8828362,0.561057031
2.4333334,0.8771216,0.559836566
2.45,0.870607853,0.5569291
2.4666667,0.85950315,0.5476314
2.48333335,0.861758947,0.557867
2.49875021,0.8873914,0.6028485
2.5,0.8899668,0.6072706
2.51666665,0.9230706,0.662959158
2.5333333,0.954976439,0.714541
2.55,0.9711798,0.745051444
2.5666666,0.9597615,0.737502
2.58333325,0.940721869,0.7235549
2.6,0.915612638,0.70724684
2.61666656,0.8989083,0.701884449
2.6175,0.8987083,0.7022897
2.63333344,0.899603963,0.714688957
2.65,0.905520558,0.731974
2.66666675,0.9137474,0.7510006
2.6833334,0.9226281,0.7712883
2.7,0.931704342,0.7919464
2.7166667,0.938879,0.810295463
2.73333335,0.943387866,0.8249536
2.73625016,0.943902,0.8270413
2.75,0.9457723,0.83566153
2.76666665,0.9456607,0.841951668
2.7833333,0.944550753,0.8461333
2.8,0.9426462,0.8485365
2.8166666,0.9398751,0.8490315
2.83333325,0.9363312,0.847950757
2.85,0.9323284,0.8459418
2.855,0.9310648,0.845172048
2.86666656,0.9280874,0.843162
2.88333344,0.923983753,0.8401493
2.9,0.9204576,0.8374501
2.91666675,0.917590439,0.8350281
2.92999983,0.91574657,0.833486
2.9333334,0.9155142,0.8333362
2.95,0.914403,0.832462966
2.9666667,0.9133341,0.8316142
2.97375,0.912790358,0.831258833
2.98333335,0.9119282,0.8307485
3,0.9101127,0.829488635
3.01666665,0.902504444,0.8241305
3.0333333,0.902551651,0.8193986
3.05,0.910832763,0.8166412
3.0666666,0.881242752,0.7577006
3.08333325,0.836188853,0.7115746
3.09250021,0.823087752,0.7118399
3.1,0.823037,0.7161201
3.11666656,0.839789331,0.726209641
3.13333344,0.8665626,0.7401301
3.15,0.8984541,0.76145643
3.16666675,0.9441497,0.8069367
3.1833334,0.9596275,0.8246865
3.2,0.9557668,0.815085948
3.21125,0.9497597,0.8034855
3.2166667,0.946725368,0.797675133
3.23333335,0.9401201,0.7833911
3.25,0.9412834,0.7779803
3.26666665,0.9458669,0.775500357
3.2833333,0.952102542,0.7742608
3.3,0.9593625,0.7735641
3.3166666,0.9668297,0.772471
3.33,0.9725771,0.7708006
3.33000016,0.972577035,0.770800531
3.33333325,0.9735949,0.769782364
3.35,0.979207337,0.764396548
3.36666656,0.9855361,0.758771241
3.38333344,0.992646,0.7530621
3.4,0.999956667,0.747366667
3.41666675,1.00693738,0.7419541
3.4333334,1.01379788,0.7368641
3.45,1.02052438,0.7323873
3.4666667,1.026885,0.7285164
3.48333335,1.03292418,0.7250345
3.5,1.03859937,0.721863031
3.51666665,1.04346073,0.718842268
3.5333333,1.0475657,0.7160189
3.55,1.05194819,0.7135013
3.5666666,1.05571055,0.7113263
3.58333325,1.058739,0.7095444
3.6,1.06122828,0.708149433
3.61666656,1.06320333,0.7070397
3.63333344,1.06445646,0.7062382
3.65,1.06516647,0.705837667
3.66666675,1.06535864,0.7058696
3.6833334,1.06492388,0.706332862
3.7,1.06419015,0.707222462
3.7166667,1.06323683,0.7085383
3.73333335,1.06187868,0.7101431
3.75,1.05998492,0.7119295
3.76666665,1.05772066,0.7138777
3.7833333,1.05521786,0.7159665
3.8,1.05222285,0.7181674
3.8166666,1.048843,0.720446646
3.83333325,1.04516447,0.7227776
3.85,1.041089,0.72512126
3.86666656,1.03680313,0.727568746
3.88333344,1.03232682,0.730068743
3.9,1.02787709,0.732541561
3.91666675,1.02363169,0.7350662
3.9333334,1.01947081,0.7377102
3.95,1.01537824,0.7405404
3.9666667,1.011649,0.7435507
3.98333335,1.00869226,0.746725857
4,1.00617552,0.7499997
4.016667,1.00385284,0.75333184
4.0333333,1.0016439,0.7568718
4.05,0.999469,0.7607321
4.0666666,0.997268438,0.764675856
4.08333349,0.994739652,0.7685751
4.1,0.99234426,0.7724119
4.116667,0.990628958,0.7760593
4.133333,0.989019632,0.7795274
4.15,0.9872197,0.782989264
4.16666651,0.9854422,0.786235869
4.1833334,0.98375237,0.7891086
4.2,0.982232451,0.7917015
4.2166667,0.981162131,0.793903
4.233333,0.9805561,0.795897245
4.25,0.980372846,0.797804654
4.266667,0.9806218,0.799537
4.2833333,0.9811339,0.801071
4.3,0.981689334,0.8023166
4.3166666,0.982270837,0.803186
4.33333349,0.982585967,0.803667068
4.35,0.982253432,0.803815067
4.366667,0.9815943,0.8036321
4.383333,0.9805148,0.8029847
4.4,0.979120731,0.8019037
4.41666651,0.9776899,0.8005313
4.4333334,0.976287365,0.7987965
4.45,0.9753677,0.7966921
4.4666667,0.9742396,0.794337034
4.483333,0.972673059,0.7918276
4.5,0.971030951,0.789253056
4.516667,0.9691269,0.786517143
4.5333333,0.967039347,0.783609
4.55,0.9647422,0.7807374
4.5666666,0.962979734,0.7778029
4.58333349,0.9612525,0.774881
4.6,0.9598042,0.7719634
4.616667,0.9590584,0.769122958
4.633333,0.958620548,0.7663786
4.65,0.958263,0.7637388
4.66666651,0.957956433,0.7612342
4.6833334,0.9577871,0.758856535
4.7,0.957800269,0.756654561
4.7166667,0.9581644,0.7546513
4.733333,0.9584784,0.7527938
4.75,0.9589505,0.7510134
4.766667,0.959428668,0.749394059
4.7833333,0.9598481,0.7479681
4.8,0.960161269,0.7465961
4.8166666,0.9602124,0.7451942
4.83333349,0.960215151,0.7438106
4.85,0.960364759,0.742475331
4.866667,0.960524559,0.741259336
4.883333,0.960599542,0.7402121
4.9,0.9605656,0.7393057
4.91666651,0.9604659,0.738519132
4.9333334,0.9603794,0.737828
4.95,0.9604768,0.7371924
4.9666667,0.9604616,0.7367356
4.983333,0.960000455,0.7365444
5,0.9595562,0.7364704
5.016667,0.9593452,0.736499846
5.0333333,0.959153235,0.736633241
5.05,0.9589602,0.7368282
5.0666666,0.958767831,0.7370586
5.08333349,0.9584974,0.737310469
5.1,0.958279669,0.7376302
5.116667,0.958288431,0.7380584
5.133333,0.958339751,0.7385123
5.15,0.9582298,0.738920331
5.16666651,0.958183646,0.7393002
5.1833334,0.9584272,0.7396223
5.2,0.958853245,0.739913762
5.2166667,0.959381044,0.7402138
5.233333,0.959835768,0.7405318
5.25,0.960083544,0.7408483
5.266667,0.9602101,0.7411487
5.2833333,0.9603033,0.741458356
5.3,0.9602192,0.741766632
5.3166666,0.959835231,0.7420721
5.33333349,0.959275961,0.7423329
5.35,0.9586967,0.742550433
5.366667,0.958255351,0.742779255
5.383333,0.958054841,0.7430178
5.4,0.9579646,0.743243456
5.41666651,0.957887948,0.7434274
5.4333334,0.9578419,0.7435434
5.45,0.95783335,0.743600547
5.4666667,0.957815468,0.743659258
5.483333,0.9576755,0.7437504
5.5,0.957527757,0.7438528
5.516667,0.9574741,0.7439397
5.5333333,0.957454,0.7440207
5.55,0.9573913,0.7441238
5.5666666,0.957264662,0.7442834
5.58333349,0.9571448,0.744504333
5.6,0.957044661,0.7447793
5.616667,0.956992567,0.7451784
5.633333,0.9570154,0.7456135
5.65,0.957165,0.7460176
5.66666651,0.957481861,0.7463398
5.6833334,0.957888842,0.7463967
5.7,0.9582238,0.7463154
5.7166667,0.9584104,0.7461894
5.733333,0.958596349,0.7459002
5.75,0.958819747,0.7455153
5.766667,0.959001064,0.745144844
5.7833333,0.959174,0.7447706
5.8,0.9594685,0.744368434
5.8166666,0.959885657,0.7439589
5.83333349,0.96036756,0.7435897
5.85,0.960953653,0.7432703
5.866667,0.9615296,0.742968738
5.883333,0.9619914,0.742688656
5.9,0.962409735,0.742439866
5.91666651,0.9628484,0.7422117
5.9333334,0.963300943,0.7419684
5.95,0.9637776,0.741762
5.9666667,0.964344,0.741592467
5.983333,0.9649835,0.741376
6,0.9655828,0.7411166
6.016667,0.96607995,0.74079293
6.0333333,0.9664425,0.740370333
6.05,0.96663034,0.739806235
6.0666666,0.9666688,0.7392168
6.08333349,0.966670454,0.738697946
6.1,0.96667695,0.738193154
6.116667,0.9665697,0.7377145
6.133333,0.9663235,0.73725903
6.15,0.9660504,0.736816645
6.16666651,0.9659056,0.736395359
6.1833334,0.965897441,0.7359895
6.2,0.9659462,0.7356003
6.2166667,0.9660213,0.7352261
6.233333,0.966071069,0.7348657
6.25,0.966066539,0.734518766
6.266667,0.9659824,0.7341919
6.2833333,0.9657992,0.7339103
6.3,0.9654956,0.7337012
6.3166666,0.96506685,0.73358
6.33333349,0.9645186,0.7335435
6.35,0.963826239,0.7335783
6.366667,0.9630877,0.733662665
6.383333,0.9623857,0.7337905
6.4,0.961685956,0.73396945
6.41666651,0.96099335,0.734161258
6.4333334,0.960342467,0.7343498
6.45,0.959784448,0.7345563
6.4666667,0.959336638,0.734813631
6.483333,0.958960652,0.7351377
6.5,0.9586393,0.7354855
6.516667,0.9584043,0.735844135
6.5333333,0.9582164,0.7362355
6.55,0.9580111,0.7366646
6.5666666,0.957771838,0.737140059
6.58333349,0.9575076,0.7376601
6.6,0.9572809,0.7382064
6.616667,0.9571239,0.738791943
6.633333,0.957049549,0.739426732
6.65,0.957095861,0.7401167
6.66666651,0.9572218,0.740785837
6.6833334,0.9573758,0.741338551
6.7,0.9575529,0.741839051
6.7166667,0.957747161,0.7423036
6.733333,0.9580117,0.7427202
6.75,0.9583343,0.743119
6.76500034,0.958611369,0.7434491
6.766667,0.958640337,0.7434838
6.7833333,0.9589287,0.7437726
6.8,0.9592167,0.7439546
6.8166666,0.959507,0.7440385
6.83333349,0.9598238,0.744095564
6.85,0.9601376,0.744196534
6.866667,0.9604319,0.744296432
6.883333,0.9607683,0.7443448
6.9,0.9610677,0.744388044
6.91666651,0.961252034,0.7444554
6.9333334,0.961345434,0.744524658
6.95,0.961375058,0.7445918
6.9666667,0.961352944,0.7446525
6.983333,0.9612654,0.744716
7,0.9611835,0.744770765
7.016667,0.9611468,0.7448007
7.0333333,0.9611372,0.744820356
7.05,0.961158454,0.744851
7.0666666,0.9611448,0.7449122
7.08333349,0.961087167,0.7450487
7.1,0.961027,0.7452319
7.116667,0.960947752,0.7454159
7.133333,0.960822463,0.745631635
7.15,0.9606593,0.7458824
7.16666651,0.96049875,0.746145964
7.1833334,0.960361838,0.7463718
7.2,0.9602617,0.746539056
7.2166667,0.9601768,0.7466583
7.233333,0.9601937,0.746726
7.25,0.960423231,0.7467304
7.266667,0.96067363,0.7466789
7.2833333,0.9608755,0.7465879
7.3,0.9610909,0.746475935
7.3166666,0.9612535,0.7463502
7.33333349,0.961453,0.7462196
7.35,0.9617584,0.746123552
7.366667,0.9621224,0.7460677
7.383333,0.962547958,0.7460485
7.4,0.963016033,0.746063769
7.41666651,0.9634876,0.746095955
7.4333334,0.96398294,0.7461143
7.45,0.9645577,0.7461306
7.4666667,0.9652127,0.746164143
7.483333,0.965903,0.7461875
7.5,0.9666114,0.746175945
7.516667,0.967333138,0.746131659
7.5333333,0.968041837,0.7460451
7.55,0.9687027,0.7458851
7.5666666,0.969302,0.745685637
7.58333349,0.9698591,0.7454904
7.6,0.970439732,0.7452825
7.616667,0.971035361,0.7450874
7.633333,0.97153604,0.7449588
7.65,0.9719259,0.744892955
7.66666651,0.97230196,0.744886458
7.6833334,0.972685456,0.7449382
7.7,0.9730428,0.745029569
7.7166667,0.973377168,0.7451481
7.733333,0.9737071,0.745301247
7.75,0.974027634,0.745472
7.766667,0.9743463,0.7456231
7.7833333,0.97469157,0.74574
7.8,0.9750766,0.7458117
7.8166666,0.975569367,0.7458598
7.83333349,0.976089358,0.7458895
7.85,0.976505637,0.745874941
7.866667,0.976860344,0.745852232
7.883333,0.977187335,0.7458421
7.9,0.977496862,0.7458021
7.91666651,0.9778173,0.74574554
7.9333334,0.9781717,0.745721161
7.95,0.9785751,0.745725334
7.9666667,0.978999555,0.7457795
7.983333,0.9794341,0.7459262
8,0.979867041,0.7461142
8.016666,0.980237842,0.746274054
8.033334,0.9806073,0.746463239
8.05,0.9810169,0.7467352
8.066667,0.981385052,0.7470343
8.083333,0.9817099,0.74731195
8.1,0.9820255,0.747578
8.116667,0.9823071,0.7478483
8.133333,0.982515,0.748129249
8.15,0.982641,0.7483941
8.166667,0.982701,0.748619556
8.183333,0.9827042,0.7488018
8.2,0.982684553,0.74897325
8.216666,0.9826728,0.749197245
8.233334,0.9826851,0.7494588
8.25,0.9827267,0.7497464
8.266666,0.9827835,0.750058949
8.283334,0.982844353,0.750399351
8.3,0.982898951,0.7507646
8.316667,0.9829358,0.751175165
8.333333,0.9829385,0.7516286
8.35,0.9829125,0.752122939
8.366667,0.9828086,0.752608
8.383333,0.9826259,0.7530181
8.4,0.9825038,0.7533753
8.416667,0.9824606,0.753733635
8.433333,0.982408047,0.754125059
8.45,0.982350647,0.75448364
8.466666,0.982349753,0.754793644
8.483334,0.9824085,0.7550857
8.5,0.9825162,0.7553492
8.516666,0.982676566,0.755590558
8.533334,0.9828698,0.7558151
8.55,0.983085036,0.756013751
8.566667,0.9833361,0.75618577
8.583333,0.983547151,0.756366134
8.6,0.9836457,0.756575763
8.616667,0.9836664,0.756807566
8.633333,0.983656049,0.7570435
8.65,0.9836624,0.75726074
8.666667,0.983743668,0.7574336
8.683333,0.983887136,0.7575475
8.7,0.98406,0.75762856
8.716666,0.9843107,0.7576507
8.733334,0.984681845,0.75757736
8.75,0.9851345,0.7574095
8.766666,0.9855874,0.7571595
8.783334,0.986009061,0.756850362
8.8,0.9863952,0.7565018
8.816667,0.9867593,0.7561571
8.833333,0.9870241,0.755850852
8.85,0.9870781,0.7555764
8.866667,0.987052143,0.7553327
8.883333,0.987110555,0.7550849
8.9,0.9872503,0.754829943
8.916667,0.9874173,0.754629731
8.933333,0.987499,0.7544858
8.95,0.9874769,0.754358947
8.966666,0.9873898,0.754209638
8.983334,0.987220943,0.754039764
9,0.9869573,0.7538782
9.016666,0.9865766,0.7537314
9.033334,0.9860512,0.753612936
9.05,0.985463142,0.7535442
9.066667,0.984880567,0.753505945
9.083333,0.984289765,0.753493249
9.1,0.983685851,0.75354284
9.116667,0.9830487,0.7536539
9.133333,0.9824292,0.753783464
9.15,0.98187685,0.7539076
9.166667,0.9813891,0.754017234
9.183333,0.980958,0.7541174
9.2,0.9805517,0.7542316
9.216666,0.980136752,0.7543625
9.233334,0.979679346,0.7545088
9.25,0.979104936,0.754671931
9.266666,0.978573263,0.754833937
9.283334,0.9782685,0.7549936
9.3,0.978135049,0.755164742
9.316667,0.9781451,0.7553725
9.333333,0.978243649,0.755625844
9.35,0.978364944,0.7558964
9.366667,0.978496,0.756151736
9.383333,0.978642046,0.756372
9.4,0.978829861,0.756555259
9.416667,0.97910744,0.756711543
9.433333,0.979413331,0.756859
9.45,0.9796889,0.756998241
9.466666,0.9799618,0.7571313
9.483334,0.98024267,0.7572674
9.5,0.980514169,0.757393956
9.516666,0.980785668,0.757505238
9.533334,0.9810668,0.757598162
9.55,0.9813384,0.757679343
9.566667,0.9816045,0.7577756
9.583333,0.9818565,0.757901549
9.6,0.9820916,0.7580364
9.616667,0.982324839,0.75815165
9.633333,0.9825633,0.758281648
9.65,0.9828068,0.758452833
9.666667,0.9830326,0.758637249
9.683333,0.9832151,0.7588133
9.7,0.983329952,0.7589608
9.716666,0.9833652,0.75906384
9.733334,0.983353436,0.7591461
9.75,0.9833304,0.7592387
9.766666,0.9833157,0.759319842
9.783334,0.9833174,0.75936085
9.8,0.9833065,0.759398937
9.816667,0.983264565,0.759464
9.833333,0.9832158,0.7595345
9.85,0.9831989,0.7596084
9.866667,0.983237445,0.7596893
9.883333,0.9833155,0.7597791
9.9,0.983397543,0.7598579
9.916667,0.9834613,0.7598993
9.933333,0.983517349,0.75991863
9.95,0.9835832,0.7599283
9.966666,0.983676434,0.759938359
9.983334,0.9838131,0.7599587
10,0.983986557,0.7599772
10.0166664,0.9841888,0.759979248
10.0333338,0.984410465,0.7599493
10.05,0.9846537,0.7598806
10.0666666,0.9849176,0.759782732
10.083333,0.9852029,0.7596478
10.1,0.985500634,0.759487867
10.1166668,0.985777,0.759342134
10.1333332,0.986049652,0.759218335
10.15,0.9863491,0.75916785
10.166667,0.9865676,0.7591304
10.1833334,0.986590862,0.759007752
10.2,0.9865517,0.75892967
10.2000008,0.986551642,0.7589296
