seconds,attackerSourceClock,originalReceiverSourceClock,candidateReceiverSourceClock,fallSourceClock,fallWeight,phase,shown
0,0,0,0,0.45,0,original,1
0.0166666675,0.0166666675,0.0166666675,0.0166666675,0.45,0,original,0
0.0333333351,0.0333333351,0.0333333351,0.0333333351,0.45,0,original,0
0.05,0.05,0.05,0.05,0.45,0,original,0
0.06,0.06,0.06,0.06,0.45,0,original,1
0.06666667,0.06666667,0.06666667,0.06666667,0.45,0,original,0
0.0833333358,0.0833333358,0.0833333358,0.0833333358,0.45,0,original,0
0.1,0.1,0.1,0.1,0.45,0,original,0
0.116666667,0.116666667,0.116666667,0.116666667,0.45,0,original,0
0.12,0.12,0.12,0.12,0.45,0,original,1
0.13333334,0.13333334,0.13333334,0.13333334,0.45,0,original,0
0.15,0.15,0.15,0.15,0.45,0,original,0
0.166666672,0.166666672,0.166666672,0.166666672,0.45,0,original,0
0.183333337,0.183333337,0.183333337,0.183333337,0.45,0,original,0
0.2,0.2,0.2,0.2,0.45,0,original,0
0.216666669,0.216666669,0.216666669,0.216666669,0.45,0,original,0
0.233333334,0.233333334,0.233333334,0.233333334,0.45,0,original,0
0.25,0.25,0.25,0.25,0.45,0,original,1
0.266666681,0.266666681,0.266666681,0.266666681,0.45,0,original,0
0.283333331,0.283333331,0.283333331,0.283333331,0.45,0,original,0
0.3,0.3,0.3,0.3,0.45,0,original,0
0.316666663,0.316666663,0.316666663,0.316666663,0.45,0,original,0
0.333333343,0.333333343,0.333333343,0.333333343,0.45,0,original,0
0.35,0.35,0.35,0.35,0.45,0,original,0
0.366666675,0.366666675,0.366666675,0.366666675,0.45,0,original,0
0.383333325,0.383333325,0.383333325,0.383333325,0.45,0,original,0
0.4,0.4,0.4,0.4,0.45,0,original,0
0.416666657,0.416666657,0.416666657,0.416666657,0.45,0,original,0
0.433333337,0.433333337,0.433333337,0.433333337,0.45,0,original,0
0.45,0.45,0.45,0.45,0.45,0,original,0
0.466666669,0.466666669,0.466666669,0.466666669,0.45,0,original,0
0.483333319,0.483333319,0.483333319,0.483333319,0.45,0,original,0
0.5,0.5,0.5,0.5,0.45,0,original,0
0.516666651,0.516666651,0.516666651,0.516666651,0.45,0,original,0
0.533333361,0.533333361,0.533333361,0.533333361,0.45,0,original,0
0.55,0.55,0.55,0.55,0.45,0,original,0
0.566666663,0.566666663,0.566666663,0.566666663,0.45,0,original,0
0.5833333,0.5833333,0.5833333,0.5833333,0.45,0,original,0
0.6,0.6,0.6,0.6,0.45,0,original,0
0.6166667,0.6166667,0.6166667,0.6166667,0.45,0,original,0
0.6333333,0.6333333,0.6333333,0.6333333,0.45,0,original,0
0.65,0.65,0.65,0.65,0.45,0,original,0
0.6666667,0.6666667,0.6666667,0.6666667,0.45,0,original,0
0.683333337,0.683333337,0.683333337,0.683333337,0.45,0,original,0
0.7,0.7,0.7,0.7,0.45,0,original,0
0.716666639,0.716666639,0.716666639,0.716666639,0.45,0,original,0
0.733333349,0.733333349,0.733333349,0.733333349,0.45,0,original,0
0.75,0.75,0.75,0.75,0.45,0,original,0
0.766666651,0.766666651,0.766666651,0.766666651,0.45,0,original,0
0.783333361,0.783333361,0.783333361,0.783333361,0.45,0,original,0
0.8,0.8,0.8,0.8,0.45,0,original,0
0.813333333,0.813333333,0.813333333,0.813333333,0.45,0,original,1
0.816666663,0.816666663,0.816666663,0.816666663,0.45,0,original,0
0.8333333,0.8333333,0.8333333,0.8333333,0.45,0,original,0
0.85,0.85,0.85,0.85,0.45,0,original,0
0.8666667,0.8666667,0.8666667,0.8666667,0.45,0,original,0
0.873333335,0.873333335,0.873333335,0.873333335,0.45,0,original,1
0.8833333,0.8833333,0.8833333,0.8833333,0.45,0,original,0
0.9,0.9,0.9,0.9,0.45,0,original,0
0.9166667,0.9166667,0.9166667,0.9166667,0.45,0,original,0
0.933333337,0.933333337,0.933333337,0.933333337,0.45,0,original,1
0.95,0.95,0.95,0.95,0.45,0,original,0
0.966666639,0.966666639,0.966666639,0.966666639,0.45,0,original,0
0.983333349,0.983333349,0.983333349,0.983333349,0.45,0,original,0
1,1,1,1,0.45,0,original,0
1.01666665,1.01666665,1.01666665,1.01666665,0.45,0,original,0
1.0333333,1.0333333,1.0333333,1.0333333,0.45,0,original,0
1.05,1.05,1.05,1.05,0.45,0,original,0
1.05333328,1.05333328,1.05333328,1.05333328,0.45,0,original,1
1.06666672,1.06666672,1.06666672,1.06666672,0.4661906,0.0105742263,blend,0
1.08333337,1.08333337,1.08333337,1.08333337,0.486428678,0.0507140346,blend,0
1.1,1.1,1.1,1.1,0.5066667,0.1158976,blend,0
1.10833323,1.10833323,1.10833323,1.10833323,0.5167856,0.156249732,blend,1
1.11666667,1.11666667,1.11666667,1.11666667,0.5269048,0.200907469,blend,0
1.13333333,1.13333333,1.13333333,1.13333333,0.547142863,0.300526172,blend,0
1.15,1.15,1.15,1.15,0.567380965,0.4095363,blend,0
1.1633333,1.1633333,1.1633333,1.1633333,0.583571434,0.5000001,blend,1
1.16666663,1.16666663,1.16666663,1.16666663,0.587619066,0.5227204,blend,0
1.18333328,1.18333328,1.18333328,1.18333328,0.6078571,0.634861,blend,0
1.2,1.2,1.2,1.2,0.6280953,0.7407413,blend,0
1.2166667,1.2166667,1.2166667,1.2166667,0.64833343,0.8351425,blend,0
1.21833324,1.21833324,1.21833324,1.21833324,0.650357068,0.8437498,blend,1
1.23333335,1.23333335,1.23333335,1.23333335,0.6685715,0.912847757,blend,0
1.25,1.25,1.25,1.25,0.6888096,0.9686397,blend,0
1.26666665,1.26666665,1.26666665,1.26666665,0.7090476,0.997300863,blend,0
1.27333331,1.27333331,1.27333331,1.27333331,0.7171429,1,brace,1
1.2833333,1.2833333,1.2833333,1.2833333,0.7292857,1,brace,0
1.3,1.3,1.3,1.3,0.7495238,1,brace,0
1.31666672,1.31666672,1.31666672,1.31666672,0.769762039,1,brace,0
1.33333337,1.33333337,1.33333337,1.33333337,0.7900001,1,brace,0
1.35,1.35,1.35,1.35,0.8102382,1,brace,0
1.35333335,1.35333335,1.35333335,1.35333335,0.8142858,1,brace,1
1.36666667,1.36666667,1.36666667,1.36666667,0.8304762,1,brace,0
1.38333333,1.38333333,1.38333333,1.38333333,0.8507143,1,brace,0
1.4,1.4,1.4,1.4,0.8709524,1,brace,0
1.41666663,1.41666663,1.41666663,1.41666663,0.891190469,1,brace,0
1.43333328,1.43333328,1.43333328,1.43333328,0.9114286,1,brace,1
1.45,1.45,1.45,1.45,0.9316668,1,brace,0
1.4666667,1.4666667,1.4666667,1.4666667,0.951904833,1,brace,0
1.48333335,1.48333335,1.48333335,1.48333335,0.972142935,1,brace,0
1.5,1.5,1.5,1.5,0.992381,1,brace,0
1.51333332,1.51333332,1.51333332,1.51333332,1.00857151,1,brace,1
1.51666665,1.51666665,1.51666665,1.51666665,1.012619,1,brace,0
1.5333333,1.5333333,1.5333333,1.5333333,1.03285718,1,brace,0
1.55,1.55,1.55,1.55,1.05309522,1,brace,0
1.56666672,1.56666672,1.56666672,1.56666672,1.07333338,1,brace,0
1.58333337,1.58333337,1.58333337,1.58333337,1.09357154,1,brace,0
1.59333324,1.59333324,1.59333324,1.59333324,1.1057142,1,brace,1
1.6,1.6,1.6,1.6,1.11380959,1,brace,0
1.61666667,1.61666667,1.61666667,1.61666667,1.13404763,1,brace,0
1.63333333,1.63333333,1.63333333,1.63333333,1.15428579,1,brace,0
1.65,1.65,1.65,1.65,1.17452383,1,brace,0
1.66666663,1.66666663,1.66666663,1.66666663,1.19476187,1,brace,0
1.67333329,1.67333329,1.67333329,1.67333329,1.20285714,1,brace,1
1.68333328,1.68333328,1.68333328,1.68333328,1.215,1,brace,0
1.7,1.7,1.7,1.7,1.23523819,1,brace,0
1.7166667,1.7166667,1.7166667,1.7166667,1.25547624,1,brace,0
1.73333335,1.73333335,1.73333335,1.73333335,1.2757144,1,brace,0
1.75,1.75,1.75,1.75,1.29595244,1,brace,0
1.75333333,1.75333333,1.75333333,1.75333333,1.30000019,1,compressed,1
1.76666665,1.76666665,1.76666665,1.76666665,1.35833347,1,compressed,0
1.7833333,1.7833333,1.7833333,1.7833333,1.4312501,1,compressed,0
1.79333329,1.79333329,1.79333329,1.79333329,1.475,1,compressed,1
1.8,1.8,1.8,1.8,1.50416672,1,compressed,0
1.81666672,1.81666672,1.81666672,1.81666672,1.57708383,1,compressed,0
1.83333337,1.83333337,1.83333337,1.83333337,1.65000045,1,compressed,1
1.85,1.85,1.85,1.85,1.72291708,1,compressed,0
1.86666667,1.86666667,1.86666667,1.86666667,1.79583359,1,compressed,0
1.87333333,1.87333333,1.87333333,1.87333333,1.82500029,1,compressed,1
1.88333333,1.88333333,1.88333333,1.88333333,1.86875021,1,compressed,0
1.9,1.9,1.9,1.9,1.94166684,1,compressed,0
1.9133333,1.9133333,1.9133333,1.9133333,2,1,fall,1
1.91666663,1.91666663,1.91666663,1.91666663,2.00333333,1,fall,0
1.93333328,1.93333328,1.93333328,1.93333328,2.02,1,fall,0
1.95,1.95,1.95,1.95,2.03666663,1,fall,0
1.9666667,1.9666667,1.9666667,1.9666667,2.05333328,1,fall,0
1.98333335,1.98333335,1.98333335,1.98333335,2.07,1,fall,0
2,2,2,2,2.08666658,1,fall,0
2.01666665,2.01666665,2.01666665,2.01666665,2.10333323,1,fall,0
2.03208327,2.03208327,2.03208327,2.03208327,2.11874986,1,fall,1
2.0333333,2.0333333,2.0333333,2.0333333,2.12,1,fall,0
2.05,2.05,2.05,2.05,2.13666654,1,fall,0
2.0666666,2.0666666,2.0666666,2.0666666,2.15333319,1,fall,0
2.08333325,2.08333325,2.08333325,2.08333325,2.16999984,1,fall,0
2.1,2.1,2.1,2.1,2.18666649,1,fall,0
2.11666656,2.11666656,2.11666656,2.11666656,2.20333314,1,fall,0
2.13333344,2.13333344,2.13333344,2.13333344,2.22,1,fall,0
2.15,2.15,2.15,2.15,2.23666668,1,fall,0
2.15083337,2.15083337,2.15083337,2.15083337,2.2375,1,fall,1
2.16666675,2.16666675,2.16666675,2.16666675,2.25333333,1,fall,0
2.1833334,2.1833334,2.1833334,2.1833334,2.27,1,fall,0
2.2,2.2,2.2,2.2,2.28666663,1,fall,0
2.2166667,2.2166667,2.2166667,2.2166667,2.30333328,1,fall,0
2.23333335,2.23333335,2.23333335,2.23333335,2.32,1,fall,0
2.25,2.25,2.25,2.25,2.33666658,1,fall,0
2.26666665,2.26666665,2.26666665,2.26666665,2.35333323,1,fall,0
2.26958323,2.26958323,2.26958323,2.26958323,2.35624981,1,fall,1
2.2833333,2.2833333,2.2833333,2.2833333,2.37,1,fall,0
2.3,2.3,2.3,2.3,2.38666654,1,fall,0
2.3166666,2.3166666,2.3166666,2.3166666,2.40333319,1,fall,0
2.33333325,2.33333325,2.33333325,2.33333325,2.41999984,1,fall,0
2.35,2.35,2.35,2.35,2.43666649,1,fall,0
2.36666656,2.36666656,2.36666656,2.36666656,2.45333314,1,fall,0
2.38333344,2.38333344,2.38333344,2.38333344,2.47,1,fall,0
2.38833332,2.38833332,2.38833332,2.38833332,2.475,1,fall,1
2.4,2.4,2.4,2.4,2.48666668,1,fall,0
2.41666675,2.41666675,2.41666675,2.41666675,2.50333333,1,fall,0
2.4333334,2.4333334,2.4333334,2.4333334,2.52,1,fall,0
2.45,2.45,2.45,2.45,2.53666663,1,fall,0
2.46333313,2.46333313,2.46333313,2.46333313,2.54999971,1,fall,1
2.4666667,2.4666667,2.4666667,2.4666667,2.55847239,1,terminal,0
2.48333335,2.48333335,2.48333335,2.48333335,2.60083365,1,terminal,0
2.5,2.5,2.5,2.5,2.64319468,1,terminal,0
2.50708318,2.50708318,2.50708318,2.50708318,2.66119766,1,terminal,1
2.51666665,2.51666665,2.51666665,2.51666665,2.6855557,1,terminal,0
2.5333333,2.5333333,2.5333333,2.5333333,2.72791672,1,terminal,0
2.55,2.55,2.55,2.55,2.770278,1,terminal,0
2.5666666,2.5666666,2.5666666,2.5666666,2.812639,1,terminal,0
2.58333325,2.58333325,2.58333325,2.58333325,2.855,1,terminal,0
2.6,2.6,2.6,2.6,2.897361,1,terminal,0
2.61666656,2.61666656,2.61666656,2.61666656,2.9397223,1,terminal,0
2.62583327,2.62583327,2.62583327,2.62583327,2.963021,1,terminal,1
2.63333344,2.63333344,2.63333344,2.63333344,2.9820838,1,terminal,0
2.65,2.65,2.65,2.65,3.024445,1,terminal,0
2.66666675,2.66666675,2.66666675,2.66666675,3.066806,1,terminal,0
2.6833334,2.6833334,2.6833334,2.6833334,3.109167,1,terminal,0
2.7,2.7,2.7,2.7,3.15152812,1,terminal,0
2.7166667,2.7166667,2.7166667,2.7166667,3.19388938,1,terminal,0
2.73333335,2.73333335,2.73333335,2.73333335,3.2362504,1,terminal,0
2.74458337,2.74458337,2.74458337,2.74458337,3.26484418,1,terminal,1
2.75,2.75,2.75,2.75,3.27861142,1,terminal,0
2.76666665,2.76666665,2.76666665,2.76666665,3.32097244,1,terminal,0
2.7833333,2.7833333,2.7833333,2.7833333,3.3633337,1,terminal,0
2.8,2.8,2.8,2.8,3.40569472,1,terminal,0
2.8166666,2.8166666,2.8166666,2.8166666,3.44805574,1,terminal,0
2.83333325,2.83333325,2.83333325,2.83333325,3.49041677,1,terminal,0
2.85,2.85,2.85,2.85,3.532778,1,terminal,0
2.86333323,2.86333323,2.86333323,2.86333323,3.56666684,1,hold,1
2.86666656,2.86666656,2.86666656,2.86666656,3.56666684,1,hold,0
2.88333344,2.88333344,2.88333344,2.88333344,3.56666684,1,hold,0
2.9,2.9,2.9,2.9,3.56666684,1,hold,0
2.91666675,2.91666675,2.91666675,2.91666675,3.56666684,1,hold,0
2.9333334,2.9333334,2.9333334,2.9333334,3.56666684,1,hold,0
2.95,2.95,2.95,2.95,3.56666684,1,hold,0
2.9666667,2.9666667,2.9666667,2.9666667,3.56666684,1,hold,0
2.98333335,2.98333335,2.98333335,2.98333335,3.56666684,1,hold,0
3,3,3,3,3.56666684,1,hold,0
3.01666665,3.01666665,3.01666665,3.01666665,3.56666684,1,hold,0
3.0333333,3.0333333,3.0333333,3.0333333,3.56666684,1,hold,0
3.05,3.05,3.05,3.05,3.56666684,1,hold,0
3.0666666,3.0666666,3.0666666,3.0666666,3.56666684,1,hold,0
3.08333325,3.08333325,3.08333325,3.08333325,3.56666684,1,hold,0
3.1,3.1,3.1,3.1,3.56666684,1,hold,0
3.11666656,3.11666656,3.11666656,3.11666656,3.56666684,1,hold,0
3.13333344,3.13333344,3.13333344,3.13333344,3.56666684,1,hold,0
3.15,3.15,3.15,3.15,3.56666684,1,hold,0
3.16666675,3.16666675,3.16666675,3.16666675,3.56666684,1,hold,0
3.1833334,3.1833334,3.1833334,3.1833334,3.56666684,1,hold,0
3.2,3.2,3.2,3.2,3.56666684,1,hold,0
3.2166667,3.2166667,3.2166667,3.2166667,3.56666684,1,hold,0
3.23333335,3.23333335,3.23333335,3.23333335,3.56666684,1,hold,0
3.25,3.25,3.25,3.25,3.56666684,1,hold,0
3.26666665,3.26666665,3.26666665,3.26666665,3.56666684,1,hold,0
3.2833333,3.2833333,3.2833333,3.2833333,3.56666684,1,hold,0
3.3,3.3,3.3,3.3,3.56666684,1,hold,0
3.3166666,3.3166666,3.3166666,3.3166666,3.56666684,1,hold,0
3.33333325,3.33333325,3.33333325,3.33333325,3.56666684,1,hold,0
3.35,3.35,3.35,3.35,3.56666684,1,hold,0
3.36666656,3.36666656,3.36666656,3.36666656,3.56666684,1,hold,0
3.38333344,3.38333344,3.38333344,3.38333344,3.56666684,1,hold,0
3.4,3.4,3.4,3.4,3.56666684,1,hold,0
3.41666675,3.41666675,3.41666675,3.41666675,3.56666684,1,hold,0
3.4333334,3.4333334,3.4333334,3.4333334,3.56666684,1,hold,0
3.45,3.45,3.45,3.45,3.56666684,1,hold,0
3.4666667,3.4666667,3.4666667,3.4666667,3.56666684,1,hold,0
3.48333335,3.48333335,3.48333335,3.48333335,3.56666684,1,hold,0
3.5,3.5,3.5,3.5,3.56666684,1,hold,0
3.51666665,3.51666665,3.51666665,3.51666665,3.56666684,1,hold,0
3.5333333,3.5333333,3.5333333,3.5333333,3.56666684,1,hold,0
3.55,3.55,3.55,3.55,3.56666684,1,hold,0
3.5666666,3.5666666,3.5666666,3.5666666,3.56666684,1,hold,0
3.58333325,3.58333325,3.58333325,3.58333325,3.56666684,1,hold,0
3.6,3.6,3.6,3.6,3.56666684,1,hold,0
3.61666656,3.61666656,3.61666656,3.61666656,3.56666684,1,hold,0
3.63333344,3.63333344,3.63333344,3.63333344,3.56666684,1,hold,0
3.65,3.65,3.65,3.65,3.56666684,1,hold,0
3.66666675,3.66666675,3.66666675,3.66666675,3.56666684,1,hold,0
3.6833334,3.6833334,3.6833334,3.6833334,3.56666684,1,hold,0
3.7,3.7,3.7,3.7,3.56666684,1,hold,0
3.7166667,3.7166667,3.7166667,3.7166667,3.56666684,1,hold,0
3.73333335,3.73333335,3.73333335,3.73333335,3.56666684,1,hold,0
3.75,3.75,3.75,3.75,3.56666684,1,hold,0
3.76666665,3.76666665,3.76666665,3.76666665,3.56666684,1,hold,0
3.7833333,3.7833333,3.7833333,3.7833333,3.56666684,1,hold,0
3.8,3.8,3.8,3.8,3.56666684,1,hold,0
3.8166666,3.8166666,3.8166666,3.8166666,3.56666684,1,hold,0
3.83333325,3.83333325,3.83333325,3.83333325,3.56666684,1,hold,0
3.85,3.85,3.85,3.85,3.56666684,1,hold,0
3.86666656,3.86666656,3.86666656,3.86666656,3.56666684,1,hold,0
3.88333344,3.88333344,3.88333344,3.88333344,3.56666684,1,hold,0
3.9,3.9,3.9,3.9,3.56666684,1,hold,0
3.91666675,3.91666675,3.91666675,3.91666675,3.56666684,1,hold,0
3.9333334,3.9333334,3.9333334,3.9333334,3.56666684,1,hold,0
3.95,3.95,3.95,3.95,3.56666684,1,hold,0
3.9666667,3.9666667,3.9666667,3.9666667,3.56666684,1,hold,0
3.98333335,3.98333335,3.98333335,3.98333335,3.56666684,1,hold,0
4,4,4,4,3.56666684,1,hold,0
4.016667,4.016667,4.016667,4.016667,3.56666684,1,hold,0
4.0333333,4.0333333,4.0333333,4.0333333,3.56666684,1,hold,0
4.05,4.05,4.05,4.05,3.56666684,1,hold,0
4.0666666,4.0666666,4.0666666,4.0666666,3.56666684,1,hold,0
4.08333349,4.08333349,4.08333349,4.08333349,3.56666684,1,hold,0
4.1,4.1,4.1,4.1,3.56666684,1,hold,0
4.116667,4.116667,4.116667,4.116667,3.56666684,1,hold,0
4.133333,4.133333,4.133333,4.133333,3.56666684,1,hold,0
4.15,4.15,4.15,4.15,3.56666684,1,hold,0
4.16666651,4.16666651,4.16666651,4.16666651,3.56666684,1,hold,0
4.1833334,4.1833334,4.1833334,4.1833334,3.56666684,1,hold,0
4.2,4.2,4.2,4.2,3.56666684,1,hold,0
4.2166667,4.2166667,4.2166667,4.2166667,3.56666684,1,hold,0
4.233333,4.233333,4.233333,4.233333,3.56666684,1,hold,0
4.25,4.25,4.25,4.25,3.56666684,1,hold,0
4.266667,4.266667,4.266667,4.266667,3.56666684,1,hold,0
4.2833333,4.2833333,4.2833333,4.2833333,3.56666684,1,hold,0
4.3,4.3,4.3,4.3,3.56666684,1,hold,0
4.3166666,4.3166666,4.3166666,4.3166666,3.56666684,1,hold,0
4.33333349,4.33333349,4.33333349,4.33333349,3.56666684,1,hold,0
4.35,4.35,4.35,4.35,3.56666684,1,hold,0
4.366667,4.366667,4.366667,4.366667,3.56666684,1,hold,0
4.383333,4.383333,4.383333,4.383333,3.56666684,1,hold,0
4.4,4.4,4.4,4.4,3.56666684,1,hold,0
4.41666651,4.41666651,4.41666651,4.41666651,3.56666684,1,hold,0
4.4333334,4.4333334,4.4333334,4.4333334,3.56666684,1,hold,0
4.45,4.45,4.45,4.45,3.56666684,1,hold,0
4.4666667,4.4666667,4.4666667,4.4666667,3.56666684,1,hold,0
4.483333,4.483333,4.483333,4.483333,3.56666684,1,hold,0
4.5,4.5,4.5,4.5,3.56666684,1,hold,0
4.516667,4.516667,4.516667,4.516667,3.56666684,1,hold,0
4.5333333,4.5333333,4.5333333,4.5333333,3.56666684,1,hold,0
4.55,4.55,4.55,4.55,3.56666684,1,hold,0
4.5666666,4.5666666,4.5666666,4.5666666,3.56666684,1,hold,0
4.58333349,4.58333349,4.58333349,4.58333349,3.56666684,1,hold,0
4.6,4.6,4.6,4.6,3.56666684,1,hold,0
4.616667,4.616667,4.616667,4.616667,3.56666684,1,hold,0
4.633333,4.633333,4.633333,4.633333,3.56666684,1,hold,0
4.65,4.65,4.65,4.65,3.56666684,1,hold,0
4.66666651,4.66666651,4.66666651,4.66666651,3.56666684,1,hold,0
4.6833334,4.6833334,4.6833334,4.6833334,3.56666684,1,hold,0
4.7,4.7,4.7,4.7,3.56666684,1,hold,0
4.7166667,4.7166667,4.7166667,4.7166667,3.56666684,1,hold,0
4.733333,4.733333,4.733333,4.733333,3.56666684,1,hold,0
4.75,4.75,4.75,4.75,3.56666684,1,hold,0
4.766667,4.766667,4.766667,4.766667,3.56666684,1,hold,0
4.7833333,4.7833333,4.7833333,4.7833333,3.56666684,1,hold,0
4.8,4.8,4.8,4.8,3.56666684,1,hold,0
4.8166666,4.8166666,4.8166666,4.8166666,3.56666684,1,hold,0
4.83333349,4.83333349,4.83333349,4.83333349,3.56666684,1,hold,0
4.85,4.85,4.85,4.85,3.56666684,1,hold,0
4.866667,4.866667,4.866667,4.866667,3.56666684,1,hold,0
4.883333,4.883333,4.883333,4.883333,3.56666684,1,hold,0
4.9,4.9,4.9,4.9,3.56666684,1,hold,0
4.91666651,4.91666651,4.91666651,4.91666651,3.56666684,1,hold,0
4.9333334,4.9333334,4.9333334,4.9333334,3.56666684,1,hold,0
4.95,4.95,4.95,4.95,3.56666684,1,hold,0
4.9666667,4.9666667,4.9666667,4.9666667,3.56666684,1,hold,0
4.983333,4.983333,4.983333,4.983333,3.56666684,1,hold,0
5,5,5,5,3.56666684,1,hold,0
5.016667,5.016667,5.016667,5.016667,3.56666684,1,hold,0
5.0333333,5.0333333,5.0333333,5.0333333,3.56666684,1,hold,0
5.05,5.05,5.05,5.05,3.56666684,1,hold,0
5.0666666,5.0666666,5.0666666,5.0666666,3.56666684,1,hold,0
5.08333349,5.08333349,5.08333349,5.08333349,3.56666684,1,hold,0
5.1,5.1,5.1,5.1,3.56666684,1,hold,0
5.11500025,5.11500025,5.11500025,5.11500025,3.56666684,1,hold,1
5.116667,5.116667,5.116667,5.116667,3.56666684,1,hold,0
5.133333,5.133333,5.133333,5.133333,3.56666684,1,hold,0
5.15,5.15,5.15,5.15,3.56666684,1,hold,0
5.16666651,5.16666651,5.16666651,5.16666651,3.56666684,1,hold,0
5.1833334,5.1833334,5.1833334,5.1833334,3.56666684,1,hold,0
5.2,5.2,5.2,5.2,3.56666684,1,hold,0
5.2166667,5.2166667,5.2166667,5.2166667,3.56666684,1,hold,0
5.233333,5.233333,5.233333,5.233333,3.56666684,1,hold,0
5.25,5.25,5.25,5.25,3.56666684,1,hold,0
5.266667,5.266667,5.266667,5.266667,3.56666684,1,hold,0
5.2833333,5.2833333,5.2833333,5.2833333,3.56666684,1,hold,0
5.3,5.3,5.3,5.3,3.56666684,1,hold,0
5.3166666,5.3166666,5.3166666,5.3166666,3.56666684,1,hold,0
5.33333349,5.33333349,5.33333349,5.33333349,3.56666684,1,hold,0
5.35,5.35,5.35,5.35,3.56666684,1,hold,0
5.366667,5.366667,5.366667,5.366667,3.56666684,1,hold,0
5.383333,5.383333,5.383333,5.383333,3.56666684,1,hold,0
5.4,5.4,5.4,5.4,3.56666684,1,hold,0
5.41666651,5.41666651,5.41666651,5.41666651,3.56666684,1,hold,0
5.4333334,5.4333334,5.4333334,5.4333334,3.56666684,1,hold,0
5.45,5.45,5.45,5.45,3.56666684,1,hold,0
5.4666667,5.4666667,5.4666667,5.4666667,3.56666684,1,hold,0
5.483333,5.483333,5.483333,5.483333,3.56666684,1,hold,0
5.5,5.5,5.5,5.5,3.56666684,1,hold,0
5.516667,5.516667,5.516667,5.516667,3.56666684,1,hold,0
5.5333333,5.5333333,5.5333333,5.5333333,3.56666684,1,hold,0
5.55,5.55,5.55,5.55,3.56666684,1,hold,0
5.5666666,5.5666666,5.5666666,5.5666666,3.56666684,1,hold,0
5.58333349,5.58333349,5.58333349,5.58333349,3.56666684,1,hold,0
5.6,5.6,5.6,5.6,3.56666684,1,hold,0
5.616667,5.616667,5.616667,5.616667,3.56666684,1,hold,0
5.633333,5.633333,5.633333,5.633333,3.56666684,1,hold,0
5.65,5.65,5.65,5.65,3.56666684,1,hold,0
5.66666651,5.66666651,5.66666651,5.66666651,3.56666684,1,hold,0
5.6833334,5.6833334,5.6833334,5.6833334,3.56666684,1,hold,0
5.7,5.7,5.7,5.7,3.56666684,1,hold,0
5.7166667,5.7166667,5.7166667,5.7166667,3.56666684,1,hold,0
5.733333,5.733333,5.733333,5.733333,3.56666684,1,hold,0
5.75,5.75,5.75,5.75,3.56666684,1,hold,0
5.766667,5.766667,5.766667,5.766667,3.56666684,1,hold,0
5.7833333,5.7833333,5.7833333,5.7833333,3.56666684,1,hold,0
5.8,5.8,5.8,5.8,3.56666684,1,hold,0
5.8166666,5.8166666,5.8166666,5.8166666,3.56666684,1,hold,0
5.83333349,5.83333349,5.83333349,5.83333349,3.56666684,1,hold,0
5.85,5.85,5.85,5.85,3.56666684,1,hold,0
5.866667,5.866667,5.866667,5.866667,3.56666684,1,hold,0
5.883333,5.883333,5.883333,5.883333,3.56666684,1,hold,0
5.9,5.9,5.9,5.9,3.56666684,1,hold,0
5.91666651,5.91666651,5.91666651,5.91666651,3.56666684,1,hold,0
5.9333334,5.9333334,5.9333334,5.9333334,3.56666684,1,hold,0
5.95,5.95,5.95,5.95,3.56666684,1,hold,0
5.9666667,5.9666667,5.9666667,5.9666667,3.56666684,1,hold,0
5.983333,5.983333,5.983333,5.983333,3.56666684,1,hold,0
6,6,6,6,3.56666684,1,hold,0
6.016667,6.016667,6.016667,6.016667,3.56666684,1,hold,0
6.0333333,6.0333333,6.0333333,6.0333333,3.56666684,1,hold,0
6.05,6.05,6.05,6.05,3.56666684,1,hold,0
6.0666666,6.0666666,6.0666666,6.0666666,3.56666684,1,hold,0
6.08333349,6.08333349,6.08333349,6.08333349,3.56666684,1,hold,0
6.1,6.1,6.1,6.1,3.56666684,1,hold,0
6.116667,6.116667,6.116667,6.116667,3.56666684,1,hold,0
6.133333,6.133333,6.133333,6.133333,3.56666684,1,hold,0
6.15,6.15,6.15,6.15,3.56666684,1,hold,0
6.16666651,6.16666651,6.16666651,6.16666651,3.56666684,1,hold,0
6.1833334,6.1833334,6.1833334,6.1833334,3.56666684,1,hold,0
6.2,6.2,6.2,6.2,3.56666684,1,hold,0
6.2166667,6.2166667,6.2166667,6.2166667,3.56666684,1,hold,0
6.233333,6.233333,6.233333,6.233333,3.56666684,1,hold,0
6.25,6.25,6.25,6.25,3.56666684,1,hold,0
6.266667,6.266667,6.266667,6.266667,3.56666684,1,hold,0
6.2833333,6.2833333,6.2833333,6.2833333,3.56666684,1,hold,0
6.3,6.3,6.3,6.3,3.56666684,1,hold,0
6.3166666,6.3166666,6.3166666,6.3166666,3.56666684,1,hold,0
6.33333349,6.33333349,6.33333349,6.33333349,3.56666684,1,hold,0
6.35,6.35,6.35,6.35,3.56666684,1,hold,0
6.366667,6.366667,6.366667,6.366667,3.56666684,1,hold,0
6.383333,6.383333,6.383333,6.383333,3.56666684,1,hold,0
6.4,6.4,6.4,6.4,3.56666684,1,hold,0
6.41666651,6.41666651,6.41666651,6.41666651,3.56666684,1,hold,0
6.4333334,6.4333334,6.4333334,6.4333334,3.56666684,1,hold,0
6.45,6.45,6.45,6.45,3.56666684,1,hold,0
6.4666667,6.4666667,6.4666667,6.4666667,3.56666684,1,hold,0
6.483333,6.483333,6.483333,6.483333,3.56666684,1,hold,0
6.5,6.5,6.5,6.5,3.56666684,1,hold,0
6.516667,6.516667,6.516667,6.516667,3.56666684,1,hold,0
6.5333333,6.5333333,6.5333333,6.5333333,3.56666684,1,hold,0
6.55,6.55,6.55,6.55,3.56666684,1,hold,0
6.5666666,6.5666666,6.5666666,6.5666666,3.56666684,1,hold,0
6.58333349,6.58333349,6.58333349,6.58333349,3.56666684,1,hold,0
6.6,6.6,6.6,6.6,3.56666684,1,hold,0
6.616667,6.616667,6.616667,6.616667,3.56666684,1,hold,0
6.633333,6.633333,6.633333,6.633333,3.56666684,1,hold,0
6.65,6.65,6.65,6.65,3.56666684,1,hold,0
6.66666651,6.66666651,6.66666651,6.66666651,3.56666684,1,hold,0
6.6833334,6.6833334,6.6833334,6.6833334,3.56666684,1,hold,0
6.7,6.7,6.7,6.7,3.56666684,1,hold,0
6.7166667,6.7166667,6.7166667,6.7166667,3.56666684,1,hold,0
6.733333,6.733333,6.733333,6.733333,3.56666684,1,hold,0
6.75,6.75,6.75,6.75,3.56666684,1,hold,0
6.766667,6.766667,6.766667,6.766667,3.56666684,1,hold,0
6.7833333,6.7833333,6.7833333,6.7833333,3.56666684,1,hold,0
6.8,6.8,6.8,6.8,3.56666684,1,hold,0
6.8166666,6.8166666,6.8166666,6.8166666,3.56666684,1,hold,0
6.83333349,6.83333349,6.83333349,6.83333349,3.56666684,1,hold,0
6.85,6.85,6.85,6.85,3.56666684,1,hold,0
6.866667,6.866667,6.866667,6.866667,3.56666684,1,hold,0
6.883333,6.883333,6.883333,6.883333,3.56666684,1,hold,0
6.9,6.9,6.9,6.9,3.56666684,1,hold,0
6.91666651,6.91666651,6.91666651,6.91666651,3.56666684,1,hold,0
6.9333334,6.9333334,6.9333334,6.9333334,3.56666684,1,hold,0
6.95,6.95,6.95,6.95,3.56666684,1,hold,0
6.9666667,6.9666667,6.9666667,6.9666667,3.56666684,1,hold,0
6.983333,6.983333,6.983333,6.983333,3.56666684,1,hold,0
7,7,7,7,3.56666684,1,hold,0
7.016667,7.016667,7.016667,7.016667,3.56666684,1,hold,0
7.0333333,7.0333333,7.0333333,7.0333333,3.56666684,1,hold,0
7.05,7.05,7.05,7.05,3.56666684,1,hold,0
7.0666666,7.0666666,7.0666666,7.0666666,3.56666684,1,hold,0
7.08333349,7.08333349,7.08333349,7.08333349,3.56666684,1,hold,0
7.1,7.1,7.1,7.1,3.56666684,1,hold,0
7.116667,7.116667,7.116667,7.116667,3.56666684,1,hold,0
7.133333,7.133333,7.133333,7.133333,3.56666684,1,hold,0
7.15,7.15,7.15,7.15,3.56666684,1,hold,0
7.16666651,7.16666651,7.16666651,7.16666651,3.56666684,1,hold,0
7.1833334,7.1833334,7.1833334,7.1833334,3.56666684,1,hold,0
7.2,7.2,7.2,7.2,3.56666684,1,hold,0
7.2166667,7.2166667,7.2166667,7.2166667,3.56666684,1,hold,0
7.233333,7.233333,7.233333,7.233333,3.56666684,1,hold,0
7.25,7.25,7.25,7.25,3.56666684,1,hold,0
7.266667,7.266667,7.266667,7.266667,3.56666684,1,hold,0
7.2833333,7.2833333,7.2833333,7.2833333,3.56666684,1,hold,0
7.3,7.3,7.3,7.3,3.56666684,1,hold,0
7.3166666,7.3166666,7.3166666,7.3166666,3.56666684,1,hold,0
7.33333349,7.33333349,7.33333349,7.33333349,3.56666684,1,hold,0
7.35,7.35,7.35,7.35,3.56666684,1,hold,0
7.366667,7.366667,7.366667,7.366667,3.56666684,1,hold,0
7.36666727,7.36666727,7.36666727,7.36666727,3.56666684,1,hold,1
