seconds,attackerMinimumY,receiverMinimumY,attackerHipsX,attackerHipsY,attackerHipsZ,receiverHipsX,receiverHipsY,receiverHipsZ
0,0.01000515,0.00999997,0.402124673,0.881276548,-0.03942164,-0.436792225,0.7367933,0.0557566024
0.002769309,0.0100105032,0.0101164775,0.402183682,0.881245434,-0.0394522734,-0.436793149,0.736963868,0.0557535738
0.005538618,0.0100181615,0.0103686461,0.4023524,0.8811461,-0.0395476744,-0.4367959,0.73737824,0.05574467
0.008307927,0.01002838,0.0107232081,0.4026185,0.8809833,-0.0397132263,-0.436800361,0.738020062,0.0557301827
0.0110772364,0.0100794956,0.0109615671,0.4029705,0.8808009,-0.03995458,-0.43680647,0.7386522,0.0557103865
0.0138465464,0.0101692136,0.0112387491,0.403398454,0.8806119,-0.0402780771,-0.436814129,0.7394252,0.0556855761
0.0166158546,0.0102750147,0.0115420651,0.403894961,0.8804154,-0.04069139,-0.436823249,0.7403217,0.0556560233
0.0193851646,0.01048392,0.0117410691,0.404452533,0.8803304,-0.0412066579,-0.436833739,0.741207957,0.0556220263
0.0221544728,0.0106950244,0.0119679952,0.405062318,0.880279839,-0.0418385342,-0.4368455,0.742211044,0.05558386
0.0249237828,0.010880609,0.0122086518,0.4057222,0.8802503,-0.0425997227,-0.436858475,0.74331367,0.0555418134
0.0276930928,0.0110953869,0.0123634031,0.406430244,0.880296648,-0.0435003862,-0.436872542,0.7444111,0.0554961637
0.030462401,0.0112860305,0.0125369634,0.407182872,0.8803528,-0.0445434973,-0.436887652,0.7456043,0.0554472
0.03323171,0.011481259,0.0127157988,0.407983541,0.8804213,-0.0457242429,-0.4369037,0.746875465,0.05539521
0.03600102,0.0117888488,0.0128272362,0.408839136,0.880640447,-0.047024183,-0.436920553,0.7481469,0.0553404652
0.03877033,0.0119483182,0.0129490914,0.40974912,0.8807908,-0.0484283231,-0.436938226,0.7494917,0.0552832633
0.04153964,0.0120104728,0.0130691994,0.410706282,0.880868733,-0.0499289669,-0.436956525,0.7508927,0.0552238859
0.0443089455,0.0118661411,0.0131391482,0.4116993,0.88068676,-0.05151636,-0.43697542,0.7522964,0.0551626123
0.0470782556,0.0115985414,0.0132123725,0.412713,0.880231,-0.0531784445,-0.436994821,0.7537504,0.05509973
0.0498475656,0.0113182263,0.0132773509,0.413728416,0.87950325,-0.0549014881,-0.437014639,0.7552374,0.0550355166
0.0526168756,0.0110198082,0.0133092832,0.41475603,0.878432453,-0.05664316,-0.437034756,0.7567263,0.05497027
0.0553861856,0.0108435368,0.0133370468,0.415811568,0.877186239,-0.0583516732,-0.4370551,0.758240044,0.054904256
0.0581554919,0.0107392,0.0132573862,0.416865051,0.8757421,-0.06001932,-0.437075615,0.759762466,0.0548377745
0.060924802,0.0106633734,0.0130560687,0.4178821,0.8740922,-0.0616568848,-0.437096179,0.761346459,0.0547711
0.06369411,0.0106014181,0.0128367292,0.418826252,0.8722579,-0.0632928237,-0.4371167,0.7630227,0.0547045246
0.06646342,0.0105318548,0.012575781,0.419661373,0.870254934,-0.064967975,-0.437137127,0.764781237,0.0546383262
0.06923273,0.0102738049,0.0125481859,0.42038852,0.8679272,-0.06669997,-0.437157333,0.7667521,0.0545727946
0.07200204,0.010106381,0.012515923,0.4210499,0.8654839,-0.06842365,-0.437177271,0.7686881,0.05450821
0.07477135,0.0100010019,0.0121933641,0.421623319,0.8629257,-0.07014735,-0.4371968,0.7705695,0.05444485
0.07754066,0.0100034168,0.0120025743,0.422077984,0.860315442,-0.07188314,-0.437215865,0.772589266,0.0543830134
0.0803099647,0.0100720013,0.0118735647,0.4223764,0.8576245,-0.0736472,-0.4372344,0.774606,0.0543229654
0.08307928,0.010131252,0.0118050873,0.4224752,0.8548297,-0.07545997,-0.437252283,0.776607633,0.0542650148
0.0858485848,0.0100988382,0.0117471628,0.422381759,0.851869762,-0.0772870257,-0.437269419,0.7785336,0.0542094223
0.08861789,0.01004446,0.0116718924,0.422134161,0.8488699,-0.07905593,-0.437285751,0.780345261,0.0541564859
0.0913872048,0.0100078154,0.0115752183,0.421693772,0.8458671,-0.0807692558,-0.437301159,0.782028735,0.0541064851
0.09415651,0.009993902,0.0114955623,0.421016,0.8428635,-0.08243668,-0.437315583,0.783612132,0.0540597029
0.0969258249,0.0100161741,0.011393439,0.4200514,0.8398715,-0.08407817,-0.437328935,0.7850461,0.05401643
0.09969513,0.0100989183,0.0112658963,0.418747,0.8369132,-0.08572438,-0.437341124,0.7863178,0.05397694
0.102464437,0.0101565206,0.01116291,0.417032272,0.83393687,-0.08737929,-0.437352031,0.787467539,0.05394153
0.105233751,0.010168138,0.0110852579,0.4149058,0.8309885,-0.08900059,-0.437361628,0.788487136,0.05391047
0.108003058,0.0101291556,0.0110377241,0.4124536,0.8280811,-0.09056999,-0.437369764,0.78937155,0.0538840555
0.110772371,0.0101052541,0.011472079,0.4097754,0.825293541,-0.0920622647,-0.4373764,0.790563,0.05386256
0.113541678,0.01009294,0.0118150283,0.406982243,0.822634637,-0.09344721,-0.437380075,0.7914791,0.05384593
0.116310984,0.010122966,0.012044413,0.404194385,0.820144832,-0.09469332,-0.437323153,0.792076945,0.0538206659
0.1190803,0.0101640206,0.0121686291,0.4014243,0.817864358,-0.0957688838,-0.437087178,0.792321861,0.0537605062
0.121849604,0.0101778274,0.0122324042,0.398592532,0.815820634,-0.09668199,-0.436577559,0.7922618,0.053644307
0.124618918,0.0101517085,0.012335957,0.3957686,0.8138485,-0.0975421742,-0.435725182,0.79213196,0.05345046
0.127388224,0.01011643,0.0124692908,0.393018633,0.8119809,-0.09834571,-0.434481442,0.7919478,0.05316136
0.13015753,0.0101235,0.0125879943,0.3904093,0.810284734,-0.099079676,-0.432820678,0.79171145,0.05275928
0.132926837,0.0101683307,0.0126943653,0.388007432,0.8087767,-0.09973188,-0.430755377,0.7914374,0.0522421822
0.135696158,0.010256975,0.0127945337,0.3858536,0.807478368,-0.1002922,-0.428346336,0.7911456,0.05162318
0.138465464,0.0103322854,0.012881685,0.383906931,0.8063268,-0.100767247,-0.425703317,0.7908562,0.05092764
0.14123477,0.0103976773,0.0129377972,0.3821236,0.8053197,-0.101172663,-0.4229878,0.79058677,0.0501944944
0.144004077,0.0104846163,0.0129261035,0.380459547,0.8044807,-0.101524025,-0.4204135,0.7903475,0.0494759381
0.146773383,0.0105593065,0.0127975754,0.3788707,0.8037676,-0.101837136,-0.4182404,0.790141,0.0488359965
0.1495427,0.0106264362,0.0125755332,0.3773125,0.8031735,-0.102127381,-0.416514546,0.7899599,0.04828845
0.152312011,0.0106238844,0.0123396162,0.375750959,0.8026334,-0.102406025,-0.414812177,0.7897755,0.0477351919
0.155081317,0.010511484,0.0120932665,0.374171585,0.802083433,-0.1026787,-0.41311565,0.7895852,0.047173623
0.157850623,0.0103458939,0.0118372925,0.372549474,0.801511,-0.102955654,-0.411432445,0.789387465,0.0466069654
0.160619929,0.0100774765,0.0115700942,0.370858938,0.80079633,-0.103246853,-0.409770072,0.7891817,0.0460385233
0.163389251,0.009985477,0.0112920916,0.3690737,0.800147951,-0.103561312,-0.408134967,0.788966,0.0454711542
0.166158557,0.0101510333,0.0110120615,0.367167115,0.7995765,-0.103907347,-0.406516671,0.788739562,0.0449052379
0.168927863,0.0104689486,0.010738343,0.3651181,0.798981845,-0.104295731,-0.404913,0.788503,0.04434093
0.17169717,0.0107988687,0.0105149578,0.3629468,0.7982979,-0.104720637,-0.40332672,0.788296461,0.0437789336
0.174466476,0.0110453917,0.0103527587,0.360691875,0.797489166,-0.105156794,-0.401760548,0.7881283,0.0432198979
0.177235782,0.0111326659,0.0103314538,0.3583945,0.7965414,-0.105582163,-0.4002171,0.788076162,0.0426643379
0.1800051,0.0111618517,0.0103264656,0.3560989,0.795618,-0.105978981,-0.3986988,0.7880175,0.0421122573
0.18277441,0.0110675367,0.0103171766,0.353851378,0.794717133,-0.106333733,-0.3972034,0.7879397,0.0415552668
0.185543716,0.0109525518,0.0102810487,0.351680726,0.7939522,-0.1066576,-0.3957288,0.7878147,0.04099245
0.188313022,0.0113358675,0.010235969,0.34958607,0.793167651,-0.107071683,-0.394274056,0.7876489,0.04042636
0.191082329,0.0115330126,0.0101886746,0.347602636,0.792391837,-0.1074609,-0.392838359,0.7874406,0.03985929
0.19385165,0.0113723306,0.01014544,0.345765978,0.7914535,-0.10781835,-0.391420662,0.7871895,0.03929355
0.196620956,0.0111389225,0.0101392912,0.344112158,0.7906391,-0.108138576,-0.390019953,0.786923945,0.0387306139
0.199390262,0.0108543774,0.0101347389,0.342677,0.7899704,-0.10841696,-0.3886355,0.7866425,0.0381611
0.202159569,0.0106058968,0.0100958059,0.3414799,0.7895558,-0.108659662,-0.387266219,0.7863099,0.037583366
0.204928875,0.0103510674,0.0100478968,0.340482771,0.789366245,-0.108890846,-0.385911256,0.7859362,0.03700026
0.2076982,0.0101828026,0.0100014759,0.3396502,0.7894394,-0.10911648,-0.384569526,0.785516739,0.0364145264
0.2104675,0.0101580452,0.0100028636,0.338946968,0.789774656,-0.10933964,-0.383240342,0.7850816,0.0358291045
0.213236809,0.0101024238,0.0100580743,0.33833763,0.7901431,-0.109562322,-0.381922662,0.7846216,0.0352466777
0.216006115,0.01005548,0.0101543125,0.3377864,0.7905316,-0.109785751,-0.38062048,0.784132,0.03466817
0.218775421,0.0100957332,0.0102033559,0.337284625,0.7910059,-0.110011853,-0.379338861,0.7835407,0.03409242
0.221544743,0.0101224137,0.0102475658,0.3368714,0.7915379,-0.110244274,-0.378081858,0.7829025,0.0335184261
0.224314049,0.0101391263,0.0102735329,0.3365332,0.7921307,-0.110482968,-0.3768537,0.7822156,0.0329452679
0.227083355,0.0101464661,0.0102765486,0.336253643,0.7927804,-0.110727564,-0.3756585,0.7814859,0.03237214
0.229852661,0.0101598362,0.010268135,0.3360169,0.7935001,-0.11097753,-0.3745005,0.7807358,0.03179852
0.232621968,0.01019038,0.010280326,0.335806549,0.7942965,-0.111232236,-0.373384535,0.779967666,0.0312287081
0.235391289,0.0102499239,0.0103134792,0.3356002,0.795200169,-0.111494407,-0.372312129,0.7791741,0.0306648538
0.2381606,0.0102510378,0.0103541706,0.335385263,0.7961552,-0.1117688,-0.371283472,0.778348267,0.03010721
0.2409299,0.010218407,0.0103934053,0.3351828,0.7971441,-0.112049863,-0.370299041,0.7774868,0.029556185
0.243699208,0.0101023065,0.0106394663,0.335015118,0.798071861,-0.112331793,-0.3693592,0.7768058,0.0290121045
0.246468514,0.0100162532,0.0108981067,0.334905148,0.7990067,-0.112609252,-0.3684641,0.7761178,0.0284750555
0.249237835,0.00999745,0.0111549143,0.33487606,0.7999394,-0.112876669,-0.367611557,0.7754081,0.027941728
0.252007127,0.0100744581,0.0114063146,0.3349291,0.800882459,-0.113133058,-0.366804034,0.774675,0.0274093542
0.254776448,0.0101355892,0.0116474172,0.335018337,0.801802456,-0.113380119,-0.36604625,0.773918569,0.0268766563
0.257545769,0.01011392,0.0118716611,0.335142255,0.80268687,-0.113603994,-0.365343034,0.7731383,0.0263423081
0.260315061,0.0103582591,0.012072647,0.3353021,0.803935468,-0.113790192,-0.3646989,0.7723326,0.0258050729
0.263084382,0.0105218925,0.012244653,0.3354991,0.8052535,-0.113924131,-0.364118785,0.7715016,0.0252636019
0.265853673,0.0105388034,0.0123671964,0.335734,0.806624353,-0.113991179,-0.3636074,0.770645738,0.0247145165
0.268623,0.0100474367,0.0124385338,0.336010516,0.8076771,-0.113986984,-0.3631641,0.7697641,0.0241565164
0.271392316,0.0100438213,0.0124676134,0.3363319,0.808661461,-0.114019513,-0.3627867,0.768855453,0.023589788
0.2741616,0.0101382257,0.0124641806,0.336701632,0.809643745,-0.114025131,-0.362473518,0.7679192,0.0230144877
0.276930928,0.0101310629,0.0124359755,0.337119639,0.810550332,-0.113985971,-0.3622222,0.766953468,0.0224306826
0.27970022,0.0101129757,0.0123919155,0.337585121,0.811480343,-0.113900706,-0.362030923,0.7659586,0.0218383912
0.282469541,0.0100927986,0.0123501588,0.338096946,0.8124509,-0.113768235,-0.361901164,0.7649715,0.0212328527
0.285238862,0.0100868363,0.0123236943,0.338662267,0.81347245,-0.113588974,-0.3618324,0.7640106,0.02061391
0.288008153,0.0101008266,0.0123221911,0.339310229,0.8145239,-0.113370061,-0.361822724,0.763076961,0.0199843962
0.290777475,0.0101031726,0.0123559516,0.340052068,0.815607846,-0.113118723,-0.361870229,0.7621713,0.01934707
0.293546766,0.0101785883,0.0124338,0.340897679,0.8168239,-0.112841919,-0.361973017,0.761294,0.0187047068
0.2963161,0.010278387,0.0125648277,0.341856927,0.8181774,-0.112546325,-0.362129152,0.760446131,0.0180599336
0.2990854,0.0103658438,0.0127534,0.342939734,0.8196989,-0.11223872,-0.362337261,0.7596258,0.0174085926
0.3018547,0.0104803136,0.0129782464,0.3441685,0.821357846,-0.111911878,-0.362594366,0.758832633,0.0167490188
0.304624021,0.0105249034,0.0132138636,0.345563442,0.823095143,-0.111534879,-0.362896264,0.758067131,0.0160830375
0.3073933,0.010544952,0.0134333735,0.347073942,0.824886262,-0.111124553,-0.3632391,0.757330656,0.0154123139
0.310162634,0.0105462,0.0136095351,0.348645926,0.826670945,-0.110702112,-0.363619149,0.7566243,0.01473845
0.312931955,0.0104703363,0.0137166018,0.350226,0.8284244,-0.110289313,-0.3640325,0.7559492,0.01406304
0.315701246,0.01041471,0.01379556,0.3517613,0.8301164,-0.109908417,-0.3644715,0.755305767,0.0133853722
0.318470567,0.0105255377,0.0138730342,0.353227377,0.831859231,-0.1095655,-0.3649341,0.7546929,0.01270468
0.321239859,0.0105564483,0.0139427772,0.354680836,0.8335916,-0.109218672,-0.365421474,0.754109561,0.0120211411
0.32400918,0.0105354181,0.0139985839,0.3561071,0.8352949,-0.108870223,-0.3659352,0.7535542,0.0113350246
0.3267785,0.0103804991,0.0140328836,0.357487977,0.8368214,-0.108531639,-0.3664761,0.7530252,0.0106465649
0.3295478,0.0101955477,0.0140397521,0.35879916,0.8382128,-0.108206347,-0.3670454,0.7525212,0.009956008
0.3323171,0.0100094257,0.0139871566,0.3600196,0.8394362,-0.1079023,-0.367640764,0.752045155,0.009259259
0.3350864,0.00998377148,0.0138805853,0.361121237,0.840604961,-0.107630894,-0.368260562,0.751597941,0.008556152
0.337855726,0.010075802,0.0137518924,0.362092465,0.8417091,-0.107401773,-0.368905485,0.75118,0.007849716
0.340625048,0.01023078,0.0136281848,0.362989,0.842752755,-0.107202455,-0.369575858,0.750790954,0.007143102
0.343394339,0.0102842581,0.0135367122,0.3638705,0.843625963,-0.107018352,-0.370271951,0.7504304,0.00643936871
0.34616366,0.0102920132,0.0135017512,0.364796281,0.8444392,-0.106834844,-0.3709941,0.750098348,0.00574142439
0.348932952,0.0102166068,0.0134895705,0.365825,0.8452064,-0.1066369,-0.371741146,0.7497942,0.005043739
0.351702273,0.0101268459,0.0134730814,0.366993546,0.8460135,-0.106416032,-0.372511059,0.749518335,0.00434339372
0.354471564,0.0100828987,0.013456177,0.368257016,0.846837938,-0.106187358,-0.373301566,0.749271035,0.003642771
0.3572409,0.0100778006,0.013442276,0.3696241,0.8476922,-0.105949536,-0.374110162,0.749052346,0.00294403685
0.3600102,0.0101667065,0.0134356311,0.3711114,0.8486635,-0.105698422,-0.374934852,0.748862863,0.00224974146
0.3627795,0.0102634439,0.0134398406,0.37273556,0.849695861,-0.105429769,-0.375773132,0.748702049,0.00156206789
0.365548819,0.0103536518,0.0134726595,0.37451303,0.850806355,-0.105138808,-0.3766274,0.7485659,0.0008837074
0.3683181,0.010347099,0.0135294432,0.376476556,0.8519021,-0.104827672,-0.3774982,0.7484511,0.000215502077
0.371087432,0.0103604794,0.0135910558,0.3786678,0.8529896,-0.1045194,-0.3783837,0.7483581,-0.000442495948
0.373856753,0.0103945509,0.0136388261,0.3810162,0.8540751,-0.104206651,-0.3792815,0.748286664,-0.00109030714
0.376626045,0.0104921525,0.0136522762,0.383440882,0.855222642,-0.103878684,-0.380189478,0.748236656,-0.00172793714
0.379395366,0.0105827292,0.0136137912,0.38586086,0.856382549,-0.103527732,-0.381105781,0.748208642,-0.00235529849
0.382164657,0.010638399,0.013564812,0.3881953,0.8575503,-0.103152268,-0.382033348,0.748200536,-0.00296665775
0.384933978,0.0105740726,0.0135321207,0.390392572,0.858639657,-0.102740616,-0.3829743,0.748211265,-0.00355814816
0.3877033,0.010493964,0.0135018332,0.392535567,0.8596552,-0.102323025,-0.3839269,0.7482402,-0.004130349
0.3904726,0.0104068452,0.0134605952,0.394608647,0.860579,-0.101910539,-0.384889871,0.748286664,-0.00468370365
0.3932419,0.0102743637,0.0133936768,0.396580935,0.861358,-0.101511605,-0.385861635,0.7483497,-0.005218731
0.3960112,0.010182146,0.0132874381,0.398421228,0.8620623,-0.101135045,-0.386840552,0.748428643,-0.00573585974
0.398780525,0.0101406639,0.0131344628,0.400098532,0.862688959,-0.10079015,-0.3878271,0.7485225,-0.006235614
0.401549846,0.0102528473,0.0129476581,0.401582569,0.863369763,-0.100479394,-0.3888189,0.748629451,-0.00671452051
0.404319137,0.0103270682,0.0127494978,0.40289712,0.8640787,-0.100169279,-0.389811367,0.748749,-0.00716683967
0.407088459,0.0103766248,0.0125616109,0.404135972,0.8647707,-0.099843666,-0.3908002,0.7488812,-0.00758689176
0.40985775,0.0104883313,0.01240403,0.405394167,0.8654602,-0.09948637,-0.391780585,0.749025166,-0.007969132
0.412627071,0.0110292165,0.0122959791,0.406760216,0.8664824,-0.09907714,-0.392747968,0.7491804,-0.008307786
0.4153964,0.0122023225,0.0121950973,0.408313543,0.868071735,-0.09859065,-0.3937017,0.7493479,-0.00860544853
0.418165684,0.0137580363,0.0120648295,0.410106957,0.870631337,-0.09799095,-0.39464426,0.7495292,-0.008865549
0.420935,0.0148097239,0.0119153773,0.41210705,0.8735623,-0.09720711,-0.395575821,0.749721944,-0.009086076
0.4237043,0.01572907,0.01175837,0.414295435,0.8769437,-0.0961680338,-0.3964973,0.749926865,-0.009264837
0.426473618,0.01633231,0.011602845,0.4166057,0.8805254,-0.0948084146,-0.3974091,0.750142932,-0.009399741
0.429242939,0.0163179524,0.0114577357,0.418905,0.8837906,-0.0930876359,-0.398312,0.7503689,-0.009488689
0.43201223,0.0158924032,0.0113170035,0.420993835,0.886575341,-0.09102067,-0.399208635,0.750605464,-0.009540308
0.434781551,0.0151208946,0.0111713912,0.4226405,0.8884997,-0.0887045562,-0.4001009,0.750851452,-0.00956346
0.437550843,0.0143317785,0.0110247275,0.423740923,0.889772058,-0.0862623751,-0.400988966,0.7511072,-0.009557702
0.440320164,0.0134998308,0.0108797569,0.4242001,0.890266359,-0.08383113,-0.401873,0.7513719,-0.009522837
0.4430895,0.0121454988,0.0107386792,0.42397505,0.8894512,-0.0815336853,-0.402752727,0.751644552,-0.009458565
0.445858777,0.0109860292,0.0106057059,0.423085868,0.8878708,-0.07945442,-0.403628647,0.751925349,-0.009364521
0.4486281,0.0100478632,0.0104762018,0.42160517,0.885419846,-0.07762338,-0.404500484,0.752214134,-0.009244306
0.4513974,0.0100458283,0.010349148,0.4196875,0.8826766,-0.07607457,-0.405367583,0.7525122,-0.009101875
0.4541667,0.0105924578,0.0102330754,0.418032,0.8792431,-0.0750217661,-0.406228751,0.752823651,-0.008937547
0.456936032,0.011994224,0.0101376846,0.415971875,0.8755251,-0.0743319541,-0.407082975,0.7531517,-0.008751678
0.459705323,0.0131125506,0.0100892782,0.413593858,0.870575547,-0.07402227,-0.407929331,0.75351876,-0.008544594
0.462474644,0.014220071,0.0100562964,0.410990864,0.8649457,-0.0740699545,-0.408766627,0.753887,-0.008316771
0.465243936,0.0148665821,0.0100314328,0.408253372,0.8585396,-0.07441367,-0.40959242,0.7542457,-0.008067456
0.468013257,0.0149513325,0.0100163994,0.405451328,0.8516297,-0.07498503,-0.410405755,0.7546016,-0.007797741
0.470782578,0.0147854881,0.0100145219,0.4026215,0.844757259,-0.07584062,-0.411208183,0.754965365,-0.007510127
0.473551869,0.0142197739,0.0100208055,0.3998978,0.8381195,-0.07691157,-0.412001729,0.755339861,-0.00720730564
0.4763212,0.0134559618,0.01004126,0.397419274,0.8322577,-0.07809838,-0.412788182,0.755738,-0.006891879
0.479090482,0.0123408344,0.010058308,0.395316929,0.827294767,-0.0793061,-0.413569272,0.756150663,-0.00656666467
0.4818598,0.011204497,0.0100710187,0.3935866,0.82343334,-0.08046794,-0.4143451,0.756578863,-0.0062331534
0.484629124,0.01095272,0.010079056,0.391875118,0.8206645,-0.08162762,-0.415113032,0.7570186,-0.005891266
0.487398416,0.0107660852,0.0100817038,0.390003651,0.8183672,-0.0829407349,-0.415871978,0.757465363,-0.00554096373
0.490167737,0.0105561716,0.0100807622,0.387968779,0.8163013,-0.08440912,-0.416620433,0.757917345,-0.00518244551
0.492937028,0.01040542,0.0100732855,0.385876626,0.8143631,-0.08587664,-0.417357147,0.7583688,-0.00481577637
0.49570635,0.0102833193,0.0100653265,0.383876473,0.812449,-0.0871077552,-0.418080866,0.7588223,-0.004441031
0.498475671,0.01028955,0.0100594666,0.382124931,0.810734749,-0.0879629552,-0.418786883,0.7592779,-0.0040508383
0.501244962,0.01042081,0.0103005273,0.3807973,0.80944407,-0.08849005,-0.419473469,0.759982347,-0.00364025729
0.504014254,0.0105452277,0.0108180605,0.3799394,0.808771551,-0.08885357,-0.4201439,0.760965,-0.0032153097
0.5067836,0.0107932417,0.0114228968,0.379445821,0.808802247,-0.08911924,-0.420754015,0.7627008,-0.00280292379
0.5095529,0.0109453844,0.0114173666,0.379186422,0.809176862,-0.08929311,-0.421145648,0.7650526,-0.002466437
0.5123222,0.0109745674,0.0109988218,0.379021436,0.809710145,-0.089362815,-0.421192974,0.767794669,-0.002252879
0.515091538,0.0109237358,0.010333186,0.378809839,0.8102848,-0.0893182158,-0.42080006,0.770686448,-0.00219651917
0.51786083,0.0108104115,0.009958885,0.378437877,0.810770452,-0.0891556,-0.419890642,0.7739178,-0.00232365774
0.5206301,0.0107260486,0.0101245074,0.378026,0.8112751,-0.08884278,-0.418415636,0.7774725,-0.002660748
0.5233994,0.0106584271,0.0108487559,0.377605557,0.811803639,-0.0883988,-0.416365921,0.7811851,-0.003221298
0.526168764,0.0106848814,0.0114760837,0.3771709,0.812441766,-0.08786011,-0.413798839,0.7842621,-0.00398861757
0.528938055,0.0107506588,0.0120449346,0.376716971,0.813162446,-0.08725792,-0.410841316,0.786698341,-0.004922139
0.531707346,0.01077452,0.0121965129,0.376239866,0.8139617,-0.0866218954,-0.407693535,0.78816,-0.00595235452
0.5344767,0.0106833363,0.0125592118,0.375736058,0.8147467,-0.08597026,-0.4046255,0.78935194,-0.00697929552
0.537246,0.0106071588,0.0127187986,0.375196725,0.8155138,-0.08524705,-0.401969731,0.7899551,-0.007872313
0.5400153,0.0104537951,0.0126742423,0.374627471,0.8162195,-0.0844687,-0.400042564,0.79003793,-0.008498173
0.542784631,0.0101839965,0.0124426465,0.374039531,0.816732347,-0.08367252,-0.398339927,0.789855659,-0.009046839
0.5455539,0.0100089628,0.0122007523,0.373447269,0.817205548,-0.082895875,-0.396639973,0.7896682,-0.009605277
0.5483232,0.009985679,0.0119485855,0.3728679,0.8176554,-0.08217544,-0.394950062,0.7894735,-0.0101701189
0.5510925,0.0101560671,0.011686719,0.372318417,0.8180982,-0.08154428,-0.393277764,0.7892714,-0.0107381642
0.553861856,0.0103564123,0.0114132529,0.371789426,0.818455338,-0.08099737,-0.391630679,0.7890603,-0.011306257
0.556631148,0.0104706641,0.011132272,0.371264338,0.8186699,-0.080508016,-0.3900068,0.7888383,-0.0118727218
0.559400439,0.0105252061,0.0108554214,0.370725632,0.8187953,-0.0800460353,-0.3883965,0.7886064,-0.012437785
0.5621698,0.0105481828,0.0106005855,0.3701547,0.818892658,-0.0795804858,-0.3868023,0.788377762,-0.013000885
0.5649391,0.0105159469,0.0103849648,0.369531721,0.8189651,-0.0790799,-0.3852271,0.788165748,-0.0135613028
0.5677084,0.0104582906,0.0103357863,0.368832529,0.819059551,-0.0785111,-0.383673638,0.7880965,-0.0141184
0.5704777,0.0103840306,0.0103277173,0.368019253,0.8191587,-0.07785268,-0.382144421,0.7880444,-0.0146716544
0.573247,0.0103198476,0.0103231277,0.367110252,0.81927675,-0.07714465,-0.380639553,0.7879772,-0.0152255055
0.5760163,0.0102682682,0.0102956165,0.3661378,0.8194176,-0.0764365643,-0.379156083,0.7878709,-0.0157861281
0.5787856,0.0102031734,0.0102584474,0.365136653,0.819562733,-0.075777784,-0.377692878,0.787727952,-0.01635113
0.581554949,0.0101216063,0.01021125,0.3641437,0.81972307,-0.07521722,-0.376249075,0.7875381,-0.0169180688
0.584324241,0.0101216407,0.010158591,0.363191873,0.8200189,-0.07479927,-0.374823779,0.7872982,-0.0174846146
0.587093532,0.0101449275,0.01013726,0.362245351,0.8204288,-0.07450487,-0.3734159,0.78703934,-0.018048618
0.5898629,0.0102032041,0.0101395184,0.361298949,0.8209719,-0.07430293,-0.3720245,0.786768138,-0.0186139941
0.5926322,0.0102912327,0.01011218,0.360363483,0.8216432,-0.07417065,-0.3706487,0.786456168,-0.0191885233
0.595401466,0.01037828,0.01006824,0.3594484,0.822413862,-0.07408546,-0.369287729,0.7861021,-0.0197696611
0.5981708,0.0104732979,0.0100068608,0.35856238,0.823295534,-0.0740253,-0.367940426,0.7856899,-0.020354595
0.6009401,0.01054404,0.009985871,0.3577115,0.8242616,-0.07397117,-0.366605967,0.7852614,-0.02094049
0.6037094,0.010577471,0.01002085,0.356878281,0.825282037,-0.07394159,-0.36528337,0.784816742,-0.0215245485
0.6064787,0.0105911419,0.0101164812,0.356055915,0.8263485,-0.07393831,-0.363973677,0.78435415,-0.0221046116
0.609248042,0.0105800061,0.0101779886,0.355243832,0.827432752,-0.07395288,-0.3626826,0.783797443,-0.022681402
0.612017334,0.0105593922,0.0102338362,0.3544417,0.828529,-0.07397677,-0.361414552,0.783187151,-0.0232560318
0.6147866,0.0105354963,0.0102654975,0.353649139,0.8296264,-0.07400115,-0.360173434,0.7825174,-0.0238294322
0.617556,0.0105310865,0.010275567,0.352866352,0.830733955,-0.0740184262,-0.35896346,0.7818026,-0.0244025458
0.620325267,0.0105235595,0.0102735665,0.35209775,0.8318562,-0.07403861,-0.35778895,0.781062067,-0.0249759443
0.623094559,0.0105097536,0.010269735,0.351345956,0.832990944,-0.07406906,-0.356654435,0.780299246,-0.0255480837
0.6258639,0.0104830125,0.0102977743,0.350612879,0.8341242,-0.074113436,-0.3555632,0.77952,-0.0261146072
0.6286332,0.0104548642,0.0103370547,0.349900573,0.835261464,-0.07417527,-0.3545156,0.7787089,-0.0266749021
0.6314025,0.0104237357,0.0103662414,0.349211067,0.8363945,-0.07425823,-0.353512049,0.777851343,-0.0272288211
0.6341718,0.0103961779,0.0105535574,0.348545283,0.837524354,-0.07436585,-0.352552921,0.7771225,-0.0277759787
0.636941135,0.0103832874,0.0107870018,0.347890466,0.8386666,-0.07449583,-0.3516385,0.776416957,-0.0283160526
0.6397104,0.01038806,0.0110442778,0.347250253,0.8398265,-0.07464729,-0.350767881,0.7757168,-0.0288503449
0.6424797,0.0104185818,0.0112990625,0.346634239,0.841010869,-0.0748208,-0.34994036,0.774993837,-0.0293829553
0.645249069,0.0104079368,0.011545347,0.346052021,0.842207134,-0.07501725,-0.349160671,0.774247766,-0.0299153253
0.64801836,0.0104050571,0.0117770415,0.34551236,0.8434108,-0.07523737,-0.348433256,0.7734776,-0.0304488521
0.650787652,0.0106428219,0.0119889993,0.3450233,0.8448532,-0.0754823759,-0.347763062,0.7726831,-0.0309846662
0.653557,0.0109621678,0.0121746771,0.344577342,0.8463993,-0.0757562146,-0.347154737,0.771863043,-0.0315241143
0.6563263,0.0110472515,0.0123211378,0.344168216,0.8480488,-0.07605905,-0.346613377,0.7710179,-0.03206945
0.6590956,0.0109692682,0.0124134887,0.3437939,0.849634945,-0.07638976,-0.346140981,0.770147562,-0.0326236375
0.6618649,0.0108721564,0.0124596991,0.343452841,0.8511738,-0.07674716,-0.345735431,0.7692506,-0.033186622
0.6646342,0.010765289,0.0124694891,0.343143553,0.852637768,-0.07713015,-0.34539485,0.7683264,-0.0337582342
0.6674035,0.0107389782,0.0124504678,0.342865556,0.8540905,-0.07753786,-0.3451171,0.767373443,-0.0343383662
0.6701728,0.0107188085,0.0124119613,0.3426225,0.855524242,-0.07797162,-0.3449002,0.76639086,-0.0349269
0.672942162,0.0106746042,0.01236658,0.342412025,0.8569252,-0.0784286559,-0.3447435,0.765394032,-0.0355260968
0.675711453,0.0106018186,0.0123328641,0.342229038,0.858269036,-0.07890436,-0.344648749,0.7644219,-0.0361395627
0.678480744,0.0105411625,0.0123197846,0.342068583,0.859577,-0.07939409,-0.34461385,0.763476431,-0.0367648266
0.6812501,0.0104800807,0.0123366555,0.341926128,0.860835,-0.07989306,-0.344636858,0.7625585,-0.0373991951
0.6840194,0.0106714172,0.0123937977,0.34179768,0.8623253,-0.08039666,-0.344715953,0.7616686,-0.03803972
0.6867887,0.0108468719,0.012500966,0.3416935,0.8638267,-0.08090807,-0.3448493,0.760808051,-0.03868369
0.68955797,0.0107424362,0.01266621,0.3416187,0.8652426,-0.08142855,-0.3450352,0.759976268,-0.0393312424
0.6923273,0.0106498292,0.0128786908,0.3415737,0.866586,-0.08195689,-0.345271766,0.7591714,-0.0399874821
0.6950966,0.0106116487,0.0131126884,0.341558427,0.8679147,-0.0824917257,-0.345554769,0.7583937,-0.0406509563
0.6978659,0.0106383432,0.01334238,0.3415731,0.8692538,-0.0830319,-0.345880479,0.7576448,-0.0413198248
0.700635254,0.0105774887,0.0135405129,0.34161815,0.8705188,-0.08357589,-0.346244931,0.756925166,-0.04199256
0.703404546,0.0104501639,0.0136803538,0.341698617,0.8716896,-0.08411618,-0.346644461,0.7562366,-0.0426674262
0.706173837,0.0102794534,0.0137613546,0.3418062,0.8727196,-0.08465243,-0.347073346,0.7555795,-0.04334387
0.7089431,0.0100933416,0.0138401575,0.3419278,0.873609,-0.08518805,-0.347525567,0.7549536,-0.044023253
0.7117125,0.00999148,0.0139141949,0.34205,0.8744554,-0.08572585,-0.348002225,0.754357457,-0.04470561
0.7144818,0.009984073,0.0139766708,0.342159182,0.8752908,-0.0862678,-0.3485043,0.75379,-0.04539063
0.717251062,0.0101088695,0.0140208947,0.3422697,0.876115739,-0.08681256,-0.349033356,0.753250062,-0.0460781232
0.7200204,0.0102564879,0.0140408892,0.3424814,0.8768377,-0.08735081,-0.349590421,0.7527356,-0.04676778
0.7227897,0.0104030045,0.0140180122,0.34268567,0.877444863,-0.08788976,-0.350175053,0.752246737,-0.0474611819
0.725559,0.0105238352,0.0139311859,0.342887074,0.877926052,-0.0884242,-0.350784272,0.751787245,-0.04816191
0.728328347,0.0106398417,0.0138081042,0.343090743,0.8783226,-0.08894911,-0.351418316,0.7513567,-0.04886731
0.731097639,0.010697077,0.0136788692,0.343301684,0.878606737,-0.08945976,-0.352077633,0.7509551,-0.0495742671
0.73386693,0.01070077,0.0135706747,0.3435249,0.8788139,-0.08995146,-0.3527626,0.750582337,-0.05027959
0.7366362,0.0107089058,0.0135086384,0.343751281,0.878980339,-0.09041831,-0.353473485,0.750238061,-0.0509803556
0.7394056,0.0107460329,0.0134955849,0.343975157,0.879120052,-0.09086011,-0.354210019,0.749921858,-0.05167679
0.742174864,0.0107682114,0.0134805953,0.3441967,0.879201233,-0.0912788138,-0.354970455,0.7496339,-0.0523762479
0.744944155,0.0107795037,0.0134631675,0.344416231,0.879239261,-0.09167657,-0.355752259,0.749374032,-0.0530770756
0.7477135,0.01077222,0.0134477224,0.344633549,0.879234135,-0.09205533,-0.356553465,0.749143243,-0.0537768826
0.7504828,0.0107565159,0.01343742,0.344848663,0.879202,-0.092417106,-0.357371479,0.748940945,-0.05447338
0.7532521,0.0107293464,0.0134360464,0.345062464,0.8791463,-0.09275826,-0.3582042,0.748767853,-0.05516422
0.75602144,0.0106989872,0.01345441,0.3452749,0.879075348,-0.09307773,-0.35905087,0.7486221,-0.0558469146
0.758790731,0.0106756389,0.0135031184,0.345485,0.878995359,-0.0933772549,-0.359914839,0.7484982,-0.056519445
0.76156,0.01065234,0.0135652572,0.345691651,0.8788957,-0.09365859,-0.360794276,0.7483957,-0.0571818538
0.7643293,0.0106376326,0.0136209847,0.345893472,0.878779352,-0.09392362,-0.361686915,0.748314738,-0.0578340627
0.767098665,0.0106312744,0.0136517761,0.346089244,0.8786408,-0.09417386,-0.3625909,0.7482556,-0.0584760644
0.769867957,0.0106426366,0.0136379376,0.346276134,0.878471,-0.09440617,-0.3635038,0.74821794,-0.0591078848
0.772637248,0.01066432,0.01358298,0.3464541,0.878266156,-0.09462055,-0.3644257,0.748201668,-0.0597273037
0.7754066,0.0106712207,0.0135448929,0.3466244,0.8780118,-0.09482014,-0.365360975,0.74820447,-0.0603273138
0.7781759,0.010664314,0.0135156531,0.346788347,0.877720952,-0.09500813,-0.3663088,0.74822557,-0.06090777
0.7809452,0.0106377965,0.0134807834,0.346947253,0.8773994,-0.0951879,-0.367267519,0.748264551,-0.06146921
0.783714533,0.0106013492,0.0134263653,0.3471021,0.8770656,-0.095362775,-0.3682357,0.7483205,-0.0620120466
0.7864838,0.0105809858,0.0133389141,0.347252727,0.8767309,-0.09553218,-0.369211674,0.7483927,-0.0625368655
0.7892531,0.01059595,0.01320586,0.347400934,0.876407444,-0.0956978947,-0.370194733,0.7484804,-0.06304418
0.7920224,0.0106081357,0.013030868,0.347549528,0.8760654,-0.09586282,-0.371184915,0.748581767,-0.06353275
0.794791758,0.0106165223,0.0128347566,0.3477015,0.875709534,-0.09603083,-0.37217766,0.74869597,-0.0639972
0.797561049,0.0106114876,0.0126402341,0.347859561,0.8753378,-0.0962058,-0.373168677,0.748822868,-0.06443187
0.800330341,0.0105983829,0.0124669122,0.3480268,0.8749629,-0.09639161,-0.374153137,0.748961747,-0.06483116
0.8030997,0.0105000148,0.0123349605,0.3482166,0.8746627,-0.09657879,-0.3751267,0.749112,-0.06518931
0.805869,0.0102875875,0.0122431591,0.3484264,0.8744556,-0.09675951,-0.376085937,0.749274254,-0.06550335
0.8086383,0.01018983,0.0121239154,0.348641634,0.874495149,-0.09693505,-0.377033323,0.7494496,-0.06577992
0.8114076,0.0100872181,0.0119814016,0.348844975,0.8745643,-0.09709494,-0.377969325,0.7496373,-0.06601785
0.8141769,0.0100075221,0.0118262,0.3490152,0.874564767,-0.0972010046,-0.378895164,0.74983716,-0.06621487
0.8169462,0.0100396033,0.0116692781,0.349128038,0.8744306,-0.09717172,-0.3798111,0.750048637,-0.0663689
0.8197155,0.0103142289,0.0115182791,0.349127,0.8740805,-0.09690603,-0.380717725,0.75027,-0.0664779
0.822484851,0.010853963,0.0113780769,0.3489606,0.873418748,-0.09631473,-0.3816166,0.7505022,-0.0665433
0.825254142,0.0113499351,0.0112348823,0.348608464,0.8721439,-0.09530442,-0.382510781,0.7507446,-0.06657871
0.828023434,0.0118681723,0.0110879969,0.348068058,0.8704185,-0.09379139,-0.3834006,0.7509958,-0.06658555
0.8307928,0.012130687,0.010941511,0.347356647,0.868155,-0.09170974,-0.384286284,0.751256645,-0.06656327
0.8335621,0.01207874,0.0107985893,0.346514672,0.86558497,-0.08902062,-0.385167837,0.7515259,-0.06651175
0.836331367,0.0118936468,0.0106619587,0.345568925,0.8629274,-0.0855737552,-0.3860455,0.7518032,-0.06643055
0.8391007,0.0117683969,0.0105322115,0.344503433,0.8603396,-0.08123531,-0.386919141,0.752088547,-0.066320695
0.84187,0.0115254326,0.0104032569,0.343297154,0.857790947,-0.07599879,-0.387788355,0.752382636,-0.06618782
0.8446393,0.011249382,0.0102791013,0.341919273,0.855516851,-0.0699080452,-0.388652146,0.752685249,-0.066032894
0.8474086,0.0113751339,0.0101645747,0.340304643,0.8541104,-0.0630738959,-0.389509559,0.7529968,-0.06585626
0.850177944,0.01249626,0.0101064807,0.3384138,0.854340732,-0.0556650572,-0.3903594,0.7533581,-0.0656582862
0.852947235,0.0134345265,0.0100724334,0.3363561,0.8552343,-0.0476790331,-0.391200781,0.753732,-0.0654393062
0.8557165,0.0138117187,0.01004084,0.334525466,0.8563515,-0.03914267,-0.392031968,0.7540916,-0.06519944
0.8584859,0.013584285,0.0100212386,0.332350433,0.857395351,-0.0301340222,-0.392850429,0.7544472,-0.064938195
0.861255169,0.0130465925,0.0100141866,0.3298164,0.858348,-0.0209102184,-0.393657327,0.7548074,-0.06465798
0.86402446,0.0122266021,0.0100168847,0.326953828,0.8589158,-0.0117786862,-0.394454569,0.7551763,-0.06436137
0.8667938,0.0117805973,0.0100330859,0.323849976,0.8594891,-0.00308368355,-0.3952438,0.7555655,-0.064051114
0.8695631,0.0116200233,0.010050891,0.320625663,0.860134542,0.00494736433,-0.396026969,0.755970061,-0.0637297854
0.8723324,0.0114848288,0.0100663248,0.3173915,0.860815465,0.0121574253,-0.396805465,0.7563928,-0.06339986
0.8751017,0.0114762643,0.0100762574,0.314277649,0.8616595,0.0183365047,-0.3975769,0.756828249,-0.06306152
0.877871037,0.0114879841,0.0100814775,0.311431468,0.8626335,0.0233054012,-0.39834,0.757272065,-0.0627148
0.8806403,0.0113724871,0.0100815808,0.308995247,0.863680363,0.0269471332,-0.399093062,0.7577222,-0.0623598769
0.8834096,0.0112038851,0.0100765871,0.306699336,0.8646127,0.0299101472,-0.39983502,0.7581738,-0.0619966872
0.886179,0.0110874558,0.0100693563,0.304419637,0.8654442,0.0324540734,-0.4005645,0.758627355,-0.06162539
0.888948262,0.0109617673,0.0100611644,0.302184761,0.8661767,0.03456653,-0.401279,0.7590805,-0.0612437166
0.891717553,0.0108003,0.0100582736,0.299988985,0.8667601,0.0363109335,-0.401973546,0.759539962,-0.06084124
0.8944869,0.0106469616,0.0100600319,0.2978195,0.867203057,0.0377479419,-0.402650476,0.7600063,-0.0604217574
0.8972562,0.0104696089,0.0100664888,0.295657933,0.867428243,0.0389336124,-0.403313369,0.760480165,-0.0599913821
0.9000255,0.0103779687,0.0100796018,0.2934811,0.867492855,0.0399181768,-0.403965533,0.7609651,-0.05955618
0.9027948,0.0103267767,0.010094557,0.2912799,0.8674164,0.0407192335,-0.404610872,0.761457,-0.05912213
0.9055641,0.0102399075,0.0101130484,0.289079666,0.86720717,0.0413345322,-0.4052521,0.7619598,-0.0586941577
0.9083334,0.0101197921,0.0101306587,0.28690806,0.8668478,0.0417793468,-0.405887485,0.7624734,-0.05826725
0.9111027,0.0100314962,0.010143593,0.284792364,0.866389751,0.0420702323,-0.406514555,0.762993932,-0.05783899
0.913872063,0.009995563,0.010155688,0.282759964,0.8658418,0.04222452,-0.407131553,0.7635241,-0.0574077666
0.916641355,0.0100460164,0.01016601,0.28083837,0.8652259,0.0422595665,-0.4077363,0.7640613,-0.05697203
0.919410646,0.0101324944,0.0101725282,0.279039741,0.8645037,0.04214274,-0.408326745,0.7646017,-0.05653026
0.922179937,0.0101769948,0.0101767806,0.277344257,0.863633335,0.0418538228,-0.408901274,0.765146255,-0.05608125
0.9249493,0.0102122072,0.010175555,0.275731921,0.8626631,0.0414303765,-0.409460783,0.765689254,-0.05562702
0.9277186,0.0102616409,0.0101705017,0.274183273,0.8616236,0.0409084558,-0.410004526,0.76622957,-0.05516774
0.9304879,0.0103329858,0.0101606976,0.2726791,0.8605234,0.04032308,-0.4105317,0.7667631,-0.0547030568
0.9332572,0.0104220044,0.0101446752,0.2712013,0.859356344,0.0397084653,-0.4110414,0.767285347,-0.0542326
0.9360265,0.0105314385,0.0101302639,0.2697661,0.8581175,0.0390408039,-0.41153267,0.767800033,-0.0537560172
0.9387958,0.0105835544,0.0101166256,0.268401146,0.856753945,0.038285166,-0.412004858,0.7683045,-0.0532728955
0.941565156,0.0105936611,0.0101013575,0.2671004,0.855325043,0.0374684334,-0.4124593,0.7687974,-0.0527822822
0.944334447,0.0105666853,0.0100867832,0.265857875,0.853877842,0.0366175771,-0.4128956,0.7692816,-0.0522837937
0.947103739,0.01049862,0.0100701405,0.2646677,0.852452755,0.0357588828,-0.4133132,0.769752443,-0.0517770834
0.94987303,0.010404638,0.0100506023,0.263524473,0.851110935,0.0349184275,-0.4137115,0.7702086,-0.0512618
0.9526424,0.010249746,0.0100350082,0.262442946,0.84986335,0.034104526,-0.414089948,0.770655632,-0.05073749
0.9554117,0.0101049189,0.0100188786,0.2614364,0.848757863,0.03330776,-0.414448142,0.771088958,-0.0502042845
0.958180964,0.0100390278,0.0100061819,0.260493934,0.8478134,0.0325318277,-0.414788544,0.7715119,-0.0496638753
0.9609503,0.0100125754,0.0100100487,0.259606838,0.846957147,0.0317816138,-0.415111631,0.771939635,-0.0491169579
0.9637196,0.0100106178,0.0100575369,0.258768559,0.8461574,0.0310642123,-0.4154172,0.772398949,-0.0485635474
0.9664889,0.0100024119,0.0103237052,0.257974029,0.8453876,0.0303887725,-0.415705323,0.7730662,-0.0480037257
0.969258249,0.0100001441,0.0105020255,0.257220984,0.844654262,0.0297742784,-0.415962,0.7740221,-0.047451593
0.97202754,0.0100063421,0.0104072858,0.256504416,0.8439545,0.0292393267,-0.4161261,0.7754037,-0.04696797
0.974796832,0.0100215469,0.0101358946,0.255823672,0.84330523,0.02876842,-0.4161452,0.777037561,-0.04662107
0.9775661,0.010042917,0.009990989,0.2551763,0.842715442,0.02835524,-0.415983737,0.7789833,-0.04647824
0.9803355,0.0100974711,0.0101612154,0.254561126,0.8422166,0.0279925168,-0.4156202,0.7812355,-0.0466038659
0.983104765,0.0102603268,0.0105565125,0.253978133,0.8418835,0.0276725888,-0.415046781,0.783568144,-0.0470518023
0.985874057,0.0103920223,0.0111179594,0.253448844,0.84165,0.0273952782,-0.414267242,0.7858239,-0.047849007
0.9886434,0.0104251113,0.0115370955,0.252981365,0.8414963,0.0271685719,-0.413299829,0.787623346,-0.04897916
0.9914127,0.010337539,0.0117793223,0.252542734,0.841317952,0.0269933939,-0.412189066,0.7889143,-0.0503791943
0.994182,0.01020794,0.012069677,0.25210017,0.841123044,0.0268725455,-0.411009073,0.789947331,-0.0519355536
0.996951342,0.0100280493,0.0128490021,0.2516207,0.8408432,0.0268102288,-0.4098636,0.791207,-0.0534802563
0.999720633,0.009980831,0.0133626759,0.2510711,0.8406103,0.0268119276,-0.408884466,0.791985631,-0.0547960624
1.00248992,0.0100318035,0.0134949917,0.250453472,0.84042114,0.026881665,-0.408192784,0.7921428,-0.0556498542
1.00525928,0.0100721633,0.013562791,0.24980855,0.8402718,0.0270143449,-0.407577038,0.792111158,-0.0563530736
1.00802851,0.0100714676,0.013653079,0.249139771,0.8401455,0.027201578,-0.406949639,0.7920742,-0.05706694
1.01079786,0.0100548938,0.0137359248,0.248449713,0.8400735,0.0274345279,-0.4063189,0.7920339,-0.0577935874
1.01356721,0.0100682,0.0137767149,0.2477409,0.8401047,0.0277035534,-0.405693322,0.791992247,-0.0585353151
1.01633644,0.010127238,0.0137374047,0.247016028,0.8402532,0.02799888,-0.405081749,0.7919513,-0.05929468
1.01910579,0.0101870615,0.0136354938,0.246278286,0.840465963,0.02831161,-0.4044851,0.7919104,-0.060069114
1.02187514,0.0102345673,0.0135454405,0.245525315,0.84071064,0.0286382884,-0.403892159,0.7918667,-0.06085021
1.02464437,0.0102553712,0.0134623563,0.2447489,0.8409568,0.0289775282,-0.4032988,0.7918208,-0.0616355538
1.02741373,0.0102544865,0.013380819,0.243940681,0.8411934,0.0293274224,-0.402701646,0.7917742,-0.06242291
1.03018308,0.0102297645,0.0132931806,0.2430919,0.8414013,0.0296859,-0.402097285,0.7917268,-0.06320993
1.03295231,0.0101979086,0.0131917857,0.242194042,0.8415801,0.03005077,-0.401483148,0.7916805,-0.06399423
1.03572166,0.0101799,0.0130902715,0.241245463,0.841738164,0.0304167718,-0.4008626,0.7916351,-0.06477396
1.038491,0.0101714628,0.0130164744,0.240260482,0.8418795,0.0307767987,-0.4002449,0.791588843,-0.06554525
1.04126024,0.0101825269,0.0129586747,0.239249542,0.8420216,0.031127736,-0.399630666,0.791541636,-0.06630163
1.04402959,0.0102052009,0.0129060689,0.238223508,0.8421666,0.031466946,-0.399020255,0.7914928,-0.06703677
1.04679883,0.0102432538,0.0128469886,0.237193018,0.8423311,0.0317917764,-0.3984143,0.791441441,-0.0677441955
1.04956818,0.0102259312,0.01277165,0.236169577,0.842458844,0.0320997536,-0.397813767,0.79138726,-0.06841766
1.05233753,0.01017148,0.0126733845,0.2351609,0.842555165,0.0323898941,-0.397223234,0.7913331,-0.06905325
1.05510676,0.0101050278,0.0125524094,0.2341676,0.8425984,0.03266582,-0.396648943,0.791282058,-0.06965555
1.05787611,0.0100363865,0.0124151008,0.233193815,0.842596948,0.03293127,-0.396089971,0.7912312,-0.07022961
1.06064546,0.009994888,0.0122672385,0.232243612,0.8425781,0.0331902951,-0.3955448,0.791177332,-0.0707806647
1.06341469,0.009993158,0.0121185966,0.231319457,0.842556,0.0334487855,-0.395011961,0.7911175,-0.0713137761
1.066184,0.0100343172,0.0119785843,0.230426222,0.842532933,0.0337097049,-0.394489527,0.7910476,-0.0718343258
1.06895339,0.01011043,0.0118470853,0.229555845,0.842499554,0.03398189,-0.3939792,0.790967941,-0.07234501
1.07172263,0.010184492,0.0117163006,0.228690118,0.842416763,0.0342754424,-0.393487334,0.7908841,-0.0728431046
1.074492,0.01024422,0.0115924347,0.2278372,0.842283249,0.03458324,-0.393015057,0.7907956,-0.07332802
1.07726133,0.0102949943,0.0114835007,0.227006659,0.842117965,0.0348982364,-0.392563432,0.790703,-0.07379924
1.08003056,0.0103110205,0.0113974912,0.226207882,0.841910064,0.03521344,-0.3921334,0.7906053,-0.07425632
1.08279991,0.010302525,0.0113425823,0.2254504,0.841688752,0.0355222225,-0.391726077,0.7905029,-0.07469885
1.08556926,0.0102673173,0.0113151306,0.224736482,0.841464,0.0358261466,-0.391340733,0.790394664,-0.07512733
1.08833849,0.010235697,0.011300493,0.224056751,0.841259956,0.036138624,-0.3909735,0.790280342,-0.07554356
1.09110785,0.0102058761,0.01130235,0.223412275,0.8410787,0.0364599526,-0.39062202,0.7901595,-0.07594786
1.0938772,0.0101694856,0.0113255223,0.2228043,0.8409134,0.03678985,-0.390283853,0.7900316,-0.07634028
1.09664643,0.0101336986,0.0113742827,0.222234324,0.8407753,0.0371281356,-0.389956772,0.789896,-0.0767208859
1.09941578,0.0100960014,0.0114533547,0.221704,0.840664864,0.0374746323,-0.389638335,0.7897529,-0.0770895854
1.102185,0.0100566,0.011561173,0.221217275,0.840589643,0.03782615,-0.389328957,0.789601862,-0.07744778
1.10495436,0.0100732911,0.0116825113,0.220776632,0.8406087,0.0381758958,-0.389033049,0.7894434,-0.07779885
1.10772371,0.010066865,0.011813038,0.220375851,0.8406292,0.038522318,-0.388750017,0.789276838,-0.07814299
1.110493,0.0100468155,0.0119475331,0.2200088,0.8406453,0.03886424,-0.388479233,0.78910166,-0.07848022
1.1132623,0.0100077121,0.0120813129,0.219668984,0.8406357,0.0392000675,-0.3882197,0.7889168,-0.078810595
1.11603165,0.009995997,0.012211265,0.2193503,0.840631962,0.0395284146,-0.387970746,0.788721561,-0.07913406
1.11880088,0.0100103412,0.0123394476,0.2190527,0.8406348,0.0398460627,-0.387730122,0.7885156,-0.0794512257
1.12157023,0.0100133829,0.0124782883,0.218788028,0.8406405,0.04014665,-0.387495,0.788298,-0.079763554
1.12433958,0.0100097517,0.01262817,0.218557939,0.840652,0.04042761,-0.387266725,0.78806895,-0.08007061
1.12710881,0.0100039979,0.0127870562,0.218363509,0.84067136,0.0406861752,-0.3870467,0.787828267,-0.08037194
1.12987816,0.010002275,0.0129547007,0.218205526,0.8407034,0.0409198552,-0.3868363,0.7875767,-0.08066709
1.13264751,0.0100108348,0.0131289223,0.218085155,0.840751767,0.0411261171,-0.386636943,0.7873138,-0.08095544
1.13541675,0.0100233126,0.0133056454,0.218005061,0.84081316,0.04130119,-0.386448741,0.787040055,-0.08123589
1.1381861,0.0100364648,0.0134730954,0.217969418,0.8408934,0.04144016,-0.386269331,0.7867534,-0.0815078244
1.14095545,0.0100422632,0.0136314165,0.2179764,0.8409843,0.0415410846,-0.386099637,0.786453962,-0.08177331
1.14372468,0.0100434385,0.013778829,0.21802409,0.841085553,0.04160233,-0.3859408,0.786143,-0.08203452
1.146494,0.0100368895,0.0139153944,0.218110353,0.8411941,0.04162228,-0.385793716,0.7858201,-0.08229344
1.14926326,0.0100244051,0.014039631,0.218232945,0.8413089,0.0415992,-0.385659665,0.7854863,-0.08255232
1.15203261,0.0100156683,0.0141521245,0.218390331,0.841435254,0.04153277,-0.385538459,0.7851421,-0.0828119144
1.154802,0.0100158295,0.01425165,0.218582988,0.841571,0.0414256752,-0.385428548,0.784789562,-0.08307011
1.1575712,0.0100303972,0.0143377567,0.2188099,0.8417265,0.0412778854,-0.3853307,0.7844286,-0.08332687
1.16034055,0.0100506516,0.0144098373,0.2190701,0.841899037,0.0410892367,-0.3852462,0.78406024,-0.08358229
1.1631099,0.0100837,0.0144665958,0.2193625,0.8421006,0.04085961,-0.385176182,0.7836851,-0.0838364363
1.16587913,0.0101070963,0.0145085026,0.219685882,0.8423153,0.0405887663,-0.3851219,0.7833038,-0.08408935
1.16864848,0.0101163853,0.0145335551,0.220040113,0.842538059,0.0402802229,-0.385085046,0.782917,-0.084341675
1.17141783,0.0101309344,0.0145381894,0.220426515,0.842775464,0.0399429351,-0.385067374,0.782525,-0.08459431
1.17418706,0.0101493616,0.01452048,0.220842913,0.8430293,0.0395753831,-0.385068655,0.782127559,-0.08484643
1.17695642,0.0101661924,0.0144782355,0.221287012,0.8432978,0.03917542,-0.3850886,0.78172493,-0.08509694
1.17972577,0.0101895984,0.0144093474,0.2217564,0.843591154,0.03874117,-0.3851267,0.781317353,-0.0853448
1.182495,0.0102090575,0.0143134659,0.2222488,0.8439027,0.0382704437,-0.385182917,0.7809059,-0.0855887756
1.18526435,0.0102222236,0.0141898766,0.222761974,0.8442301,0.0377588123,-0.385255665,0.780495,-0.08582415
1.1880337,0.0102423448,0.0140498932,0.223293737,0.8445803,0.0372036546,-0.38534233,0.780101955,-0.08604406
1.19080293,0.0102688363,0.0139043024,0.223844916,0.8449542,0.0366167426,-0.385442525,0.779727638,-0.08625587
1.19357228,0.0102947373,0.0137619376,0.224416763,0.8453476,0.0360102355,-0.3855562,0.7793714,-0.08646811
1.19634163,0.0103304889,0.013632983,0.225009918,0.8457719,0.0353964865,-0.3856831,0.779033,-0.08668915
1.19911087,0.0103564989,0.0135278869,0.2256253,0.8462106,0.0347877145,-0.38582322,0.7787122,-0.08692738
1.20188022,0.0103655141,0.0134562934,0.226262718,0.8466565,0.0341922641,-0.385976762,0.7784092,-0.08719121
1.20464945,0.0103600314,0.0134159848,0.226919055,0.847100854,0.0336026251,-0.386144936,0.7781243,-0.0874795243
1.2074188,0.01033509,0.0133939032,0.227592826,0.8475286,0.0330142975,-0.386328578,0.7778585,-0.0877817646
1.21018815,0.0103004491,0.01337545,0.228282809,0.8479396,0.03242311,-0.386528552,0.777611852,-0.0880872756
1.21295738,0.0102420608,0.01334701,0.228987664,0.84830755,0.031825155,-0.386745661,0.777384937,-0.08838522
1.21572673,0.0101956567,0.0132951289,0.229706481,0.848656654,0.0312163383,-0.386980653,0.777178,-0.0886647
1.21849608,0.0101728821,0.013207485,0.230438456,0.8489941,0.0305943936,-0.3872336,0.776991844,-0.0889205262
1.22126532,0.0101487115,0.0130904047,0.2311846,0.849320352,0.0299633741,-0.387502551,0.7768266,-0.08916684
1.22403467,0.0101260385,0.0129554709,0.231945813,0.84964174,0.0293248,-0.387788117,0.77668184,-0.08940727
1.226804,0.0101090427,0.0128168054,0.2327231,0.849964559,0.0286799818,-0.388090849,0.7765563,-0.0896441
1.22957325,0.010092278,0.0126851927,0.233517364,0.8502863,0.0280301422,-0.388411283,0.776448667,-0.08987973
1.2323426,0.0100872666,0.0125764711,0.234329492,0.8506214,0.0273762643,-0.388750285,0.7763593,-0.09011636
1.235112,0.0100865,0.0124940434,0.235159665,0.850969255,0.0267200172,-0.389107376,0.7762859,-0.0903556
1.23788118,0.010072045,0.0124250157,0.236004308,0.8513193,0.026066646,-0.38947916,0.7762287,-0.09059674
1.24065053,0.01004012,0.0123700881,0.236861214,0.851660848,0.025417313,-0.389864355,0.776187956,-0.0908409953
1.24341989,0.0100112651,0.01233113,0.237728775,0.8520064,0.0247711241,-0.3902615,0.7761633,-0.09108993
1.24618912,0.009997568,0.0123111457,0.238604575,0.852360547,0.0241287649,-0.390669465,0.7761545,-0.0913449
1.24895847,0.0100155473,0.0123116085,0.2394867,0.8527326,0.0234906971,-0.391086966,0.7761614,-0.09160745
1.25172782,0.0100674406,0.0123366583,0.240372658,0.8531187,0.0228564143,-0.39151293,0.776183665,-0.09188021
1.254497,0.0101278182,0.0123895649,0.241260767,0.8534934,0.02222088,-0.391946763,0.7762196,-0.09216539
1.2572664,0.0101861507,0.0124642877,0.24214898,0.8538489,0.0215825289,-0.392386615,0.7762696,-0.0924573243
1.26003563,0.0102492822,0.0125526078,0.243035316,0.854194641,0.0209403634,-0.392830551,0.7763331,-0.09274988
1.262805,0.0102939736,0.012646649,0.243918061,0.854511261,0.0202934742,-0.393276662,0.7764098,-0.09303691
1.26557434,0.0103327325,0.0127382837,0.24479568,0.854816854,0.0196410865,-0.3937229,0.776499152,-0.0933122039
1.26834357,0.0103661092,0.0128233265,0.245670632,0.8551144,0.0189836919,-0.394168347,0.776601553,-0.09357204
1.27111292,0.0103815263,0.0129028866,0.2465556,0.8553797,0.0183248967,-0.394615173,0.7767142,-0.09382319
1.27388227,0.0104019055,0.0129756806,0.247447252,0.8556283,0.0176644325,-0.395063579,0.7768371,-0.0940678
1.2766515,0.0104360972,0.0130389864,0.248340592,0.8558616,0.0170017183,-0.395513445,0.7769693,-0.09430749
1.27942085,0.0104782917,0.0130898412,0.249230653,0.8560669,0.0163362622,-0.395964324,0.7771095,-0.09454375
1.2821902,0.0105296737,0.0131249353,0.2501126,0.856238,0.0156677812,-0.396415949,0.777257264,-0.0947781
1.28495944,0.0106026242,0.0131420428,0.250979364,0.856380641,0.0149960965,-0.396868259,0.7774117,-0.09501204
1.28772879,0.0106699746,0.0131389918,0.251821578,0.856467068,0.0143237561,-0.397322118,0.7775739,-0.09524691
1.29049814,0.0107174674,0.0131159145,0.2526446,0.8565046,0.0136570036,-0.397778034,0.777742445,-0.09548351
1.29326737,0.0107381484,0.0130744884,0.253454924,0.8565096,0.01300177,-0.39823702,0.7779182,-0.0957224
1.29603672,0.01071186,0.0130157145,0.254259616,0.8564868,0.0123637766,-0.398699522,0.778099656,-0.09596433
1.29880607,0.01065508,0.0129408017,0.25506568,0.8564785,0.0117483288,-0.399166554,0.778287351,-0.09620987
1.3015753,0.0105605572,0.0128521761,0.255874574,0.8564858,0.0111604482,-0.3996385,0.7784805,-0.0964596346
1.30434465,0.0105325719,0.0127596147,0.25666666,0.8565527,0.0105999112,-0.400115669,0.7786787,-0.0967139
1.307114,0.0105233118,0.0126656331,0.257443666,0.8566279,0.0100602359,-0.400598615,0.7788815,-0.09697314
1.30988324,0.0105232373,0.0125709856,0.258209884,0.8567058,0.009534821,-0.401088059,0.779087842,-0.0972377
1.31265259,0.0105230026,0.0124774668,0.258969367,0.8567797,0.009016901,-0.401584744,0.779297054,-0.0975081548
1.31542182,0.010523349,0.0123865912,0.259725869,0.8568525,0.008499593,-0.4020894,0.7795083,-0.09778486
1.31819117,0.0105264522,0.0122977253,0.260485,0.8569259,0.007977679,-0.402602524,0.7797206,-0.09806885
1.32096052,0.010529926,0.0122039644,0.261253,0.856994152,0.00745539367,-0.403124452,0.779934168,-0.09836098
1.32372975,0.0105376914,0.0121024214,0.262019157,0.857056141,0.006935522,-0.403655052,0.780148,-0.09865681
1.3264991,0.0105532622,0.0119933113,0.262771,0.857111633,0.006420344,-0.4041946,0.780362248,-0.09895135
1.32926846,0.0105718691,0.0118761677,0.2634961,0.8571534,0.00591263175,-0.4047431,0.780576348,-0.09923968
1.33203769,0.0105925733,0.011750279,0.264182329,0.8571804,0.005415529,-0.405300736,0.7807903,-0.0995168
1.334807,0.0106177889,0.011615322,0.264822483,0.857196,0.00493222475,-0.405867338,0.7810036,-0.0997794941
1.33757639,0.0106301131,0.01147109,0.2654369,0.857191,0.00446297228,-0.406441361,0.781216741,-0.100032553
1.34034562,0.0105826817,0.0113154389,0.266156077,0.857126355,0.00402484834,-0.40702197,0.78142935,-0.100274682
1.343115,0.0105307922,0.01114683,0.266869962,0.857062936,0.00359739363,-0.4076084,0.7816415,-0.100503162
1.34588432,0.0105127878,0.0109620867,0.267573774,0.8570448,0.00317689776,-0.408199728,0.7818522,-0.100715265
1.34865355,0.0104892245,0.0107602244,0.2682693,0.8570367,0.00276118517,-0.408795357,0.782062054,-0.1009084
1.35142291,0.0104525611,0.0105533674,0.268957675,0.857037961,0.00234784186,-0.409394741,0.782285,-0.101079144
1.35419226,0.0104135573,0.0104311062,0.26963824,0.857066453,0.00193414092,-0.40999797,0.78260684,-0.101224139
1.35696149,0.0103853205,0.0103879077,0.270314932,0.85712,0.00151769817,-0.41060394,0.783020139,-0.101349339
1.35973084,0.01037625,0.0103918826,0.270992517,0.8571893,0.00109611452,-0.41121158,0.7834893,-0.101461619
1.36250019,0.010397804,0.0103900936,0.271675885,0.857268453,0.00066678226,-0.411819428,0.78395766,-0.101567887
1.36526942,0.0104417559,0.0103754019,0.272369444,0.8573279,0.000226989388,-0.412426382,0.7844162,-0.101675086
1.36803877,0.0105266618,0.010353975,0.273076355,0.8573654,-0.000226348639,-0.413031727,0.7848671,-0.101789258
1.370808,0.0106313182,0.01032341,0.2737887,0.8573386,-0.000694975257,-0.413637161,0.7852944,-0.101908945
1.37357736,0.01072577,0.0102926688,0.274502933,0.8572367,-0.00117746741,-0.414242268,0.7857048,-0.102029525
1.37634671,0.0108035794,0.0102658095,0.275216818,0.857078,-0.00167194009,-0.414845824,0.786101341,-0.102146871
1.37911594,0.0108223362,0.010231833,0.2759285,0.856846035,-0.002176404,-0.4154469,0.786472738,-0.102256812
1.38188529,0.010809605,0.0101993121,0.276636124,0.8565964,-0.0026890263,-0.416044384,0.786826134,-0.102355272
1.38465464,0.0107450821,0.0101739913,0.277338684,0.856338143,-0.003207557,-0.41663748,0.7871677,-0.102439113
1.38742387,0.0106592719,0.0101545639,0.27803874,0.85611546,-0.00373154134,-0.4172273,0.787495255,-0.102512993
1.39019322,0.0105905589,0.0101475585,0.27873683,0.8559421,-0.004262954,-0.417814136,0.7878222,-0.102579124
1.39296257,0.0105504943,0.0101481415,0.2794327,0.855802,-0.0048039183,-0.418397874,0.788150966,-0.102639116
1.39573181,0.0105679063,0.0101600941,0.280126035,0.855693161,-0.00535653532,-0.418978542,0.788492,-0.102694206
1.39850116,0.0106203649,0.0101682181,0.280816376,0.85556376,-0.00592321157,-0.419555962,0.7888373,-0.102745861
1.40127051,0.0107291015,0.0101670548,0.28150183,0.8554098,-0.00650586933,-0.420129657,0.7891851,-0.102795579
1.40403974,0.0107960459,0.0101519395,0.282172859,0.8551698,-0.007104285,-0.420694977,0.789523,-0.1028445
1.40680909,0.0108410185,0.0101270657,0.282829255,0.8548811,-0.00771731138,-0.421249956,0.7898471,-0.102890067
1.40957844,0.01086526,0.0101078562,0.2834727,0.8545572,-0.008343704,-0.421793461,0.790166438,-0.102928974
1.41234767,0.0108645381,0.0101284822,0.2841049,0.8542056,-0.008982182,-0.422323883,0.790509343,-0.1029582
1.415117,0.0108499508,0.0102244122,0.284727633,0.85384953,-0.009631343,-0.422840416,0.7909056,-0.102974482
1.41788626,0.0108161559,0.0102613708,0.285342783,0.8534905,-0.0102901459,-0.423341364,0.7913326,-0.102975056
1.42065561,0.0107855508,0.0102221081,0.28595376,0.8531484,-0.01096081,-0.423825949,0.7917296,-0.102960907
1.423425,0.0107819419,0.0101942942,0.2865645,0.8528153,-0.011640951,-0.424294829,0.7921132,-0.102933548
1.42619419,0.0108096758,0.0101763392,0.287178636,0.852484345,-0.0123276412,-0.424749017,0.792487,-0.102894336
1.42896354,0.0108451946,0.0101608271,0.287799656,0.8521287,-0.0130177736,-0.425189435,0.7928486,-0.102844618
1.43173289,0.0108877812,0.01014066,0.288430452,0.8517454,-0.01370801,-0.4256172,0.7931956,-0.102785684
1.43450212,0.0109461406,0.0101170726,0.289079726,0.851339936,-0.0143956393,-0.426032871,0.7935306,-0.102717608
1.43727148,0.0109962327,0.0100917639,0.289788753,0.850896,-0.0150843635,-0.426435083,0.793845356,-0.102632292
1.44004083,0.011041929,0.0100770658,0.290542454,0.850423157,-0.0157746,-0.426823348,0.7941522,-0.102529921
1.44281,0.0110807223,0.0100689279,0.2913134,0.849923432,-0.0164661258,-0.427197516,0.7944526,-0.102412783
1.44557941,0.0110908244,0.0100668054,0.2920745,0.849384248,-0.01715912,-0.427557647,0.79474926,-0.102283247
1.44834876,0.0110828038,0.0100627691,0.292798519,0.8488285,-0.0178539753,-0.427903622,0.7950381,-0.10214366
1.451118,0.0110441716,0.0100519713,0.293463916,0.848258,-0.01855085,-0.4282354,0.7953182,-0.101995759
1.45388734,0.01101912,0.0100305537,0.294102162,0.8477065,-0.0192479864,-0.428552657,0.795576751,-0.101835974
1.45665669,0.0109961508,0.0100108217,0.294725955,0.8471651,-0.0199465,-0.428855449,0.795821249,-0.101663589
1.45942593,0.01096492,0.0100003015,0.295338273,0.846631169,-0.020648092,-0.429143816,0.796053767,-0.101479165
1.46219528,0.010928099,0.01000846,0.2959422,0.8461148,-0.0213545263,-0.429418057,0.7962809,-0.101283073
1.46496463,0.0107097579,0.0100317048,0.2965403,0.8457227,-0.0220675543,-0.429678321,0.7964948,-0.1010759
1.46773386,0.0101945857,0.0100727249,0.297135264,0.8454651,-0.0227888152,-0.429924816,0.7966941,-0.1008578
1.47050321,0.01018011,0.0100980643,0.297729135,0.845696747,-0.0235188678,-0.43015784,0.796854734,-0.100626715
1.47327244,0.0101627642,0.0101228394,0.298324168,0.8459131,-0.0242556185,-0.430377245,0.7969915,-0.100382119
1.47604179,0.0101461969,0.0101488521,0.2989229,0.846116245,-0.0249967277,-0.430582583,0.797107041,-0.100124031
1.47881114,0.0101219974,0.0101713678,0.299528062,0.846295953,-0.0257401243,-0.4307735,0.797193646,-0.09985248
1.48158038,0.0100952806,0.0101966485,0.3001423,0.846456,-0.0264836177,-0.4309497,0.797257364,-0.09956739
1.48434973,0.0100702047,0.0102262888,0.300768137,0.846599042,-0.0272257775,-0.43111077,0.7972995,-0.09926888
1.48711908,0.0100368634,0.0102405576,0.3014019,0.846711457,-0.0279718637,-0.4312581,0.7973094,-0.09895779
1.48988831,0.0100120828,0.0102504138,0.302037448,0.8468091,-0.0287220329,-0.431391627,0.7973009,-0.09863464
1.49265766,0.0100000631,0.0102562709,0.3026697,0.846896,-0.0294746459,-0.4315108,0.7972756,-0.0982996151
1.495427,0.0100092217,0.0102604432,0.303293318,0.8469798,-0.030228287,-0.4316152,0.797235131,-0.09795297
1.49819624,0.0100324862,0.0102634076,0.303903,0.84705323,-0.030981198,-0.4317044,0.797180951,-0.09759495
1.5009656,0.0100693321,0.0102644712,0.304494143,0.8471157,-0.0317326337,-0.431777954,0.797112465,-0.09722607
1.503735,0.0100902729,0.0102735879,0.3050688,0.8471449,-0.0324860141,-0.431837171,0.797030568,-0.09684744
1.50650418,0.01010953,0.0102838641,0.305630416,0.847156346,-0.0332433432,-0.431883216,0.7969302,-0.09645978
1.50927353,0.0101297554,0.0102946684,0.306181639,0.847152531,-0.0340059325,-0.431917429,0.7968125,-0.09606331
1.51204288,0.010144311,0.0102989282,0.306724966,0.847127438,-0.0347749,-0.4319409,0.796673656,-0.09565838
1.51481211,0.0101603605,0.0103009837,0.307262778,0.8470873,-0.0355514064,-0.43195492,0.796520531,-0.09524538
1.51758146,0.0101791527,0.0102991369,0.3077973,0.847033143,-0.0363363773,-0.431960523,0.796353638,-0.0948245749
1.52035081,0.010190458,0.010302525,0.308332264,0.84696,-0.0371261,-0.431957662,0.796175361,-0.09439582
1.52312,0.0102008535,0.0103090508,0.308869839,0.84687674,-0.03791833,-0.431946546,0.7959819,-0.09395925
1.5258894,0.010209837,0.0103163216,0.3094123,0.846784532,-0.0387124568,-0.431927353,0.795773268,-0.0935150161
1.52865863,0.010214664,0.01031994,0.309961677,0.8466818,-0.0395074338,-0.431900322,0.795546055,-0.09306344
1.531428,0.0102182031,0.0103218369,0.3105201,0.8465728,-0.0403024852,-0.4318656,0.7953046,-0.09260466
1.53419733,0.0102209877,0.010319598,0.311089039,0.846459031,-0.0410966054,-0.431823134,0.7950491,-0.09213909
1.53696656,0.0102345329,0.0103106406,0.311660767,0.8463521,-0.0418899432,-0.4317707,0.7947815,-0.091668725
1.53973591,0.0102532143,0.0102944225,0.312229574,0.8462475,-0.0426828228,-0.431707531,0.794507146,-0.091195
1.54250526,0.0102763986,0.01028076,0.312792361,0.8461462,-0.0434754752,-0.43163383,0.7942374,-0.0907184854
1.5452745,0.0102914749,0.0104100509,0.3133459,0.84603703,-0.044268012,-0.4315498,0.794116437,-0.090240024
1.54804385,0.0103057586,0.0105322087,0.313887119,0.8459288,-0.0450605527,-0.4314557,0.793996632,-0.08976018
1.5508132,0.0103192655,0.01064053,0.314413071,0.8458232,-0.04585367,-0.431352347,0.7938743,-0.08927954
1.55358243,0.01032624,0.0107324366,0.314923942,0.8457174,-0.04665445,-0.431251019,0.7937505,-0.08879512
1.55635178,0.0103306258,0.0108180074,0.3154189,0.845618069,-0.0474633463,-0.431154817,0.793629467,-0.0883045942
1.55912113,0.0103326282,0.0109049026,0.315895975,0.84552604,-0.0482777245,-0.431063056,0.793511569,-0.08780661
1.56189036,0.0103317341,0.011000853,0.316353261,0.845443368,-0.0490948223,-0.4309747,0.7933971,-0.08729994
1.56465971,0.0103293639,0.0111119514,0.316788852,0.8453723,-0.049911987,-0.430888832,0.793286264,-0.08678314
1.56742907,0.0103243589,0.011247809,0.31720072,0.8453124,-0.0507263951,-0.4308046,0.7931801,-0.0862547159
1.5701983,0.0103274751,0.0114103984,0.317585677,0.845267236,-0.051533483,-0.430721551,0.7930787,-0.0857134759
1.57296765,0.01033355,0.0115969228,0.3179486,0.8452304,-0.0523315,-0.430637836,0.79298234,-0.08516053
1.575737,0.0103404662,0.0117801521,0.3182962,0.845201433,-0.0531194843,-0.430551052,0.7928905,-0.08459787
1.57850623,0.0103428559,0.0118535431,0.318635285,0.845176339,-0.0538964532,-0.430458754,0.7928016,-0.08402756
1.58127558,0.0103429137,0.0119226072,0.318972766,0.8451598,-0.0546615236,-0.430358738,0.7927154,-0.083451584
1.58404481,0.0103403628,0.0119839739,0.319315553,0.845153,-0.0554130338,-0.430248857,0.7926314,-0.08287178
1.58681417,0.0103525454,0.01204885,0.319668055,0.8451587,-0.05614122,-0.430132031,0.7925507,-0.08228354
1.58958352,0.0103695253,0.0121215777,0.320024431,0.845165849,-0.05684825,-0.43001014,0.792473733,-0.08168571
1.59235275,0.0103884721,0.0121949837,0.320376515,0.8451754,-0.0575419478,-0.429883569,0.7924008,-0.0810795948
1.5951221,0.0103936493,0.0122641586,0.320716083,0.845177948,-0.05823001,-0.4297527,0.7923319,-0.0804665759
1.59789145,0.0103935059,0.0123228794,0.3210348,0.8451862,-0.058920037,-0.429617882,0.792266965,-0.07984814
1.60066068,0.0103836274,0.0123666618,0.321324646,0.845201135,-0.05961911,-0.42947945,0.792206466,-0.07922583
1.60343,0.0103719719,0.01240396,0.32158345,0.8452303,-0.060316883,-0.429334372,0.79215,-0.0785991848
1.60619938,0.0103629064,0.0124396151,0.321819127,0.8452739,-0.0610080771,-0.429180562,0.7920978,-0.07796809
1.60896862,0.0103594689,0.0124724358,0.3220404,0.845331132,-0.0616940968,-0.429017127,0.792049348,-0.0773330554
1.611738,0.0103590582,0.012502905,0.322257161,0.845395863,-0.06237563,-0.428843319,0.7920045,-0.07669453
1.61450732,0.0103642978,0.0125310691,0.3224773,0.845466554,-0.0630541742,-0.428658426,0.791964233,-0.0760529861
1.61727655,0.0103786057,0.0125564234,0.3227089,0.8455437,-0.06373096,-0.428461552,0.7919275,-0.0754089653
1.6200459,0.0103890942,0.0125829121,0.322950065,0.8456174,-0.06440445,-0.428254366,0.791894555,-0.0747615
1.62281525,0.0103988359,0.0126097947,0.323197365,0.8456909,-0.0650721043,-0.4280378,0.7918646,-0.07411036
1.62558448,0.0104093095,0.0126381135,0.323450059,0.8457659,-0.0657317862,-0.427811682,0.7918382,-0.07345572
1.62835383,0.0102689695,0.0126658371,0.323707461,0.8458396,-0.06638148,-0.427576154,0.7918149,-0.07279776
1.63112307,0.01019173,0.0126925893,0.323968858,0.845998,-0.06701911,-0.42733103,0.7917953,-0.0721367449
1.63389242,0.0101818508,0.0127172424,0.3242335,0.846227169,-0.06764295,-0.4270765,0.791779,-0.07147288
1.63666177,0.0101766083,0.0127408132,0.324497223,0.846473336,-0.0682623,-0.426815182,0.791765869,-0.07080766
1.639431,0.0101666963,0.0127611049,0.3247571,0.846728444,-0.0688812956,-0.4265487,0.791755259,-0.07014226
1.64220035,0.010156054,0.0127784126,0.32501173,0.8469934,-0.0694988742,-0.426277637,0.791747332,-0.0694768652
1.6449697,0.0101505546,0.0127905617,0.325260729,0.847269952,-0.07011629,-0.4260024,0.791742265,-0.06881192
1.64773893,0.0101383524,0.0127966832,0.325505763,0.8475429,-0.0707388,-0.425723553,0.7917396,-0.068147786
1.65050828,0.0101354579,0.0127954837,0.325741649,0.8478261,-0.07135781,-0.425441474,0.7917398,-0.06748467
1.65327764,0.0101396851,0.0127888247,0.325967938,0.8481199,-0.0719733462,-0.425156742,0.7917425,-0.0668241
1.65604687,0.0101395817,0.0127788223,0.3261863,0.8484173,-0.0725859,-0.424869657,0.7917471,-0.06616705
1.65881622,0.0101316283,0.0127675533,0.326398224,0.848717153,-0.0731959641,-0.424580634,0.791753948,-0.06551413
1.66158557,0.0101200808,0.0127567239,0.3266053,0.849025667,-0.07380388,-0.424290031,0.7917623,-0.0648659542
1.6643548,0.0101038413,0.0127480319,0.326809376,0.849343956,-0.07441016,-0.423998326,0.7917721,-0.06422311
1.66712415,0.0100782113,0.0127431136,0.327012,0.849670231,-0.0750153959,-0.4237059,0.791783154,-0.06358629
1.6698935,0.010061699,0.0127388965,0.327214628,0.8500186,-0.07562046,-0.4234143,0.791794956,-0.0629558638
1.67266273,0.0100463238,0.0127346562,0.3274182,0.850378931,-0.0762259141,-0.42312476,0.7918078,-0.062332496
1.67543209,0.0100302156,0.0127322618,0.327623576,0.850749969,-0.07683216,-0.422837436,0.7918212,-0.0617169254
1.67820144,0.0100287339,0.0127331186,0.327831566,0.851147652,-0.07743947,-0.4225527,0.791835,-0.0611098781
1.68097067,0.0100375582,0.0127395019,0.3280431,0.8515693,-0.0780482963,-0.422270924,0.7918495,-0.0605120771
1.68374,0.0100519089,0.0127518661,0.3282587,0.852010667,-0.07865878,-0.421992421,0.7918637,-0.05992439
1.68650925,0.0100702979,0.0127688991,0.328470558,0.852468967,-0.07926473,-0.421717077,0.791878,-0.0593474
1.6892786,0.010086325,0.0127884764,0.328679055,0.85293597,-0.0798625648,-0.421445072,0.791892469,-0.05878199
1.692048,0.0100998674,0.0128097758,0.3288914,0.85341084,-0.08045263,-0.421176761,0.791906655,-0.0582289025
1.69481719,0.0101177627,0.01283202,0.3291146,0.8539009,-0.0810351,-0.420912445,0.791920543,-0.05768905
1.69758654,0.0101356581,0.01285448,0.329355747,0.854400635,-0.08161041,-0.4206527,0.791934669,-0.05716312
1.70035589,0.0101509746,0.0128772995,0.3296221,0.854908168,-0.0821787938,-0.420397758,0.7919481,-0.0566519871
1.70312512,0.0101680141,0.0129035367,0.329923242,0.855429769,-0.08274133,-0.420148164,0.791962147,-0.0561543852
1.70589447,0.0101775685,0.0129313655,0.330253839,0.8559543,-0.08329692,-0.419903964,0.7919759,-0.05567003
1.70866382,0.0101823956,0.0129610607,0.330602,0.8564796,-0.08384322,-0.419665843,0.7919901,-0.055199638
1.711433,0.0101817129,0.0129912719,0.330955744,0.8570003,-0.08437801,-0.419434071,0.7920047,-0.054743968
1.7142024,0.0101752458,0.0130198514,0.331303239,0.8575107,-0.08489909,-0.419209033,0.7920189,-0.054303892
1.71697176,0.0101664094,0.0130459592,0.3316326,0.8580101,-0.08540424,-0.418991029,0.7920331,-0.0538801923
1.719741,0.0101585928,0.0130640883,0.331940055,0.8584963,-0.08589247,-0.418779761,0.792046845,-0.05347301
1.72251034,0.0101571484,0.0130722811,0.332235843,0.858976543,-0.0863651857,-0.41857475,0.792060256,-0.0530824
1.72527969,0.010157817,0.0130680269,0.3325314,0.859451234,-0.08682426,-0.418376058,0.792072833,-0.05270884
1.72804892,0.0101657426,0.0130492961,0.3328381,0.8599264,-0.0872713551,-0.418183923,0.792084455,-0.05235269
1.73081827,0.0101660015,0.01301448,0.333167225,0.8603924,-0.08770824,-0.4179985,0.792095244,-0.052014295
1.73358762,0.0101554086,0.0129624419,0.33353,0.860848546,-0.0881366357,-0.417819947,0.792105258,-0.0516940355
1.73635685,0.0101331659,0.0129028568,0.3339304,0.8612806,-0.08855664,-0.41764918,0.792114854,-0.0513904132
1.73912621,0.0101197073,0.0128434356,0.334359884,0.8616992,-0.08896763,-0.417486757,0.792124569,-0.0511019826
1.74189544,0.0101116514,0.0127849495,0.334810317,0.8621053,-0.08936982,-0.4173324,0.7921346,-0.0508282036
1.74466479,0.0101059815,0.0127265975,0.335273385,0.862499535,-0.0897633061,-0.417186,0.7921447,-0.0505689457
1.74743414,0.0101005817,0.0126690846,0.3357407,0.8628813,-0.09014824,-0.4170474,0.792155147,-0.0503235571
1.75020337,0.0100911614,0.0126121426,0.336203933,0.863250434,-0.090524815,-0.416916341,0.792165756,-0.0500919037
1.75297272,0.0100723607,0.0125574572,0.336665541,0.863596559,-0.090894185,-0.416793,0.7921766,-0.04987379
1.75574207,0.0100588426,0.012504952,0.337131441,0.863927662,-0.09125748,-0.4166773,0.792187452,-0.0496692061
1.7585113,0.0100489473,0.0124545181,0.337602228,0.864243,-0.09161529,-0.4165691,0.7921987,-0.0494777635
1.76128066,0.0100379977,0.0124054886,0.338078231,0.8645386,-0.09196821,-0.416468352,0.7922101,-0.0492993519
1.76405,0.0100486381,0.0123577751,0.338559836,0.8648387,-0.09231659,-0.4163748,0.792221665,-0.0491336
1.76681924,0.0100804083,0.0123103335,0.339047581,0.865142763,-0.09266111,-0.416288227,0.7922336,-0.0489803329
1.76958859,0.0101461122,0.0122658107,0.33954218,0.8654685,-0.09300665,-0.416208446,0.7922455,-0.04883904
1.772358,0.0101969978,0.0122257937,0.3400446,0.8657697,-0.09335481,-0.416135281,0.7922578,-0.04870941
1.77512717,0.0102360239,0.0121907955,0.34055534,0.8660483,-0.09370244,-0.416068435,0.792269766,-0.0485910624
1.77789652,0.0102816708,0.0121609038,0.341074944,0.8663217,-0.09404649,-0.4160078,0.792282164,-0.0484835319
1.78066587,0.0103154406,0.012137061,0.341604352,0.8665701,-0.09438379,-0.415953159,0.7922947,-0.04838649
1.78343511,0.0103406208,0.0121188555,0.3421438,0.866795659,-0.0947112,-0.415904373,0.792307436,-0.0482995138
1.78620446,0.0103446031,0.0121124443,0.342702836,0.8669867,-0.0950281844,-0.415861934,0.7923198,-0.0482234024
1.78897381,0.0103177847,0.0121189225,0.3432808,0.867125154,-0.0953315049,-0.4158258,0.792332649,-0.0481579378
1.791743,0.0102798427,0.0121321371,0.3438655,0.8672148,-0.09561454,-0.415794849,0.792345643,-0.048101265
1.79451239,0.0101899849,0.0121472422,0.34444505,0.8672007,-0.09587066,-0.4157681,0.792358935,-0.0480517261
1.79728162,0.0101268273,0.0121590579,0.3450073,0.86714834,-0.09609316,-0.4157444,0.7923728,-0.048007492
1.800051,0.0101082167,0.0121618863,0.345540345,0.8670618,-0.0962752551,-0.415723264,0.792387545,-0.0479677655
1.80282032,0.0101251435,0.0121618863,0.346055031,0.8669748,-0.09638416,-0.415723264,0.792387545,-0.0479677655
1.80558956,0.0101227071,0.0121618863,0.346556,0.8668732,-0.09641277,-0.415723264,0.792387545,-0.0479677655
1.80835891,0.0101122307,0.0121618863,0.347024232,0.86676234,-0.09638943,-0.415723264,0.792387545,-0.0479677655
1.81112826,0.0100836782,0.0121618863,0.347441018,0.8666294,-0.09634274,-0.415723264,0.792387545,-0.0479677655
1.81389749,0.0100447154,0.0121618863,0.347787559,0.8664797,-0.09630116,-0.415723264,0.792387545,-0.0479677655
1.81666684,0.009999842,0.0121618863,0.3480443,0.866320431,-0.09629335,-0.415723264,0.792387545,-0.0479677655
