fighter,move,direction,seconds,receiverClearance
Mankey,Frank_GreatSword_Attack_Ambush,1,0.5625,0.01673335
Mankey,Frank_GreatSword_Attack_Ambush,1,0.566666663,0.01673343
Mankey,Frank_GreatSword_Attack_Ambush,1,0.5708333,0.0167330932
Mankey,Frank_GreatSword_Attack_Ambush,1,0.575,0.0167330727
Mankey,Frank_GreatSword_Attack_Ambush,1,0.579166651,0.0538533628
Mankey,Frank_GreatSword_Attack_Ambush,1,0.5833333,0.137816578
Mankey,Frank_GreatSword_Attack_Ambush,1,0.5875,-0.0168323275
Mankey,Frank_GreatSword_Attack_Ambush,1,0.591666639,0.0741148144
Mankey,Frank_GreatSword_Attack_Ambush,1,0.6,0.097939685
Mankey,Frank_GreatSword_Attack_Ambush,1,0.6125,0.0180150121
Mankey,Frank_GreatSword_Attack_Ambush,1,0.625,0.0391115472
Mankey,Frank_GreatSword_Attack_Ambush,1,0.65,0.0295138936
Mankey,Frank_GreatSword_Attack_Ambush,-1,0.5625,0.0167332031
Mankey,Frank_GreatSword_Attack_Ambush,-1,0.566666663,0.0167334341
Mankey,Frank_GreatSword_Attack_Ambush,-1,0.5708333,0.0167331453
Mankey,Frank_GreatSword_Attack_Ambush,-1,0.575,0.0167330243
Mankey,Frank_GreatSword_Attack_Ambush,-1,0.579166651,0.05385331
Mankey,Frank_GreatSword_Attack_Ambush,-1,0.5833333,0.137816548
Mankey,Frank_GreatSword_Attack_Ambush,-1,0.5875,-0.01683233
Mankey,Frank_GreatSword_Attack_Ambush,-1,0.591666639,0.07411486
Mankey,Frank_GreatSword_Attack_Ambush,-1,0.6,0.097939685
Mankey,Frank_GreatSword_Attack_Ambush,-1,0.6125,0.0180150364
Mankey,Frank_GreatSword_Attack_Ambush,-1,0.625,0.0391116142
Mankey,Frank_GreatSword_Attack_Ambush,-1,0.65,0.029513834
Mankey,Frank_GreatSword_Attack_Execution1,1,0.8,0.01889431
Mankey,Frank_GreatSword_Attack_Execution1,1,0.816666663,0.0100474367
Mankey,Frank_GreatSword_Attack_Execution1,1,0.8333333,0.014322957
Mankey,Frank_GreatSword_Attack_Execution1,1,0.85,0.0221516266
Mankey,Frank_GreatSword_Attack_Execution1,1,0.8666667,0.0100298934
Mankey,Frank_GreatSword_Attack_Execution1,1,0.8833333,0.0114379721
Mankey,Frank_GreatSword_Attack_Execution1,1,2.1833334,0.693701267
Mankey,Frank_GreatSword_Attack_Execution1,1,2.2166667,0.5930385
Mankey,Frank_GreatSword_Attack_Execution1,1,2.25,0.4246267
Mankey,Frank_GreatSword_Attack_Execution1,1,2.2833333,0.230990231
Mankey,Frank_GreatSword_Attack_Execution1,1,2.3166666,0.07807562
Mankey,Frank_GreatSword_Attack_Execution1,1,2.35,0.0139185861
Mankey,Frank_GreatSword_Attack_Execution1,-1,0.8,0.0188943576
Mankey,Frank_GreatSword_Attack_Execution1,-1,0.816666663,0.0100475028
Mankey,Frank_GreatSword_Attack_Execution1,-1,0.8333333,0.014322795
Mankey,Frank_GreatSword_Attack_Execution1,-1,0.85,0.0221519377
Mankey,Frank_GreatSword_Attack_Execution1,-1,0.8666667,0.0100299288
Mankey,Frank_GreatSword_Attack_Execution1,-1,0.8833333,0.0114375465
Mankey,Frank_GreatSword_Attack_Execution1,-1,2.1833334,0.6937008
Mankey,Frank_GreatSword_Attack_Execution1,-1,2.2166667,0.593038
Mankey,Frank_GreatSword_Attack_Execution1,-1,2.25,0.424626857
Mankey,Frank_GreatSword_Attack_Execution1,-1,2.2833333,0.2309902
Mankey,Frank_GreatSword_Attack_Execution1,-1,2.3166666,0.07807608
Mankey,Frank_GreatSword_Attack_Execution1,-1,2.35,0.0139180366
Mankey,Frank_GreatSword_Attack_Execution2,1,0.766666651,0.0163904019
Mankey,Frank_GreatSword_Attack_Execution2,1,0.783333361,0.0163902137
Mankey,Frank_GreatSword_Attack_Execution2,1,0.8,0.01639048
Mankey,Frank_GreatSword_Attack_Execution2,1,0.816666663,0.029425269
Mankey,Frank_GreatSword_Attack_Execution2,1,0.8333333,0.0103446152
Mankey,Frank_GreatSword_Attack_Execution2,1,0.85,0.0221979357
Mankey,Frank_GreatSword_Attack_Execution2,1,2.0333333,1.74426579
Mankey,Frank_GreatSword_Attack_Execution2,1,2.0666666,0.0760523751
Mankey,Frank_GreatSword_Attack_Execution2,1,2.1,0.0245458111
Mankey,Frank_GreatSword_Attack_Execution2,1,2.13333344,0.0107629085
Mankey,Frank_GreatSword_Attack_Execution2,1,2.16666675,0.0173008218
Mankey,Frank_GreatSword_Attack_Execution2,1,2.2,0.0159142669
Mankey,Frank_GreatSword_Attack_Execution2,-1,0.766666651,0.0163904075
Mankey,Frank_GreatSword_Attack_Execution2,-1,0.783333361,0.0163902827
Mankey,Frank_GreatSword_Attack_Execution2,-1,0.8,0.0163903031
Mankey,Frank_GreatSword_Attack_Execution2,-1,0.816666663,0.0294249225
Mankey,Frank_GreatSword_Attack_Execution2,-1,0.8333333,0.0103447642
Mankey,Frank_GreatSword_Attack_Execution2,-1,0.85,0.0221979842
Mankey,Frank_GreatSword_Attack_Execution2,-1,2.0333333,1.7442652
Mankey,Frank_GreatSword_Attack_Execution2,-1,2.0666666,0.07605238
Mankey,Frank_GreatSword_Attack_Execution2,-1,2.1,0.0245458018
Mankey,Frank_GreatSword_Attack_Execution2,-1,2.13333344,0.0107629057
Mankey,Frank_GreatSword_Attack_Execution2,-1,2.16666675,0.01730116
Mankey,Frank_GreatSword_Attack_Execution2,-1,2.2,0.01591423
Mankey,Frank_GreatSword_Attack_Execution3,1,0.3625,0.0195283219
Mankey,Frank_GreatSword_Attack_Execution3,1,0.366666675,0.02913383
Mankey,Frank_GreatSword_Attack_Execution3,1,0.370833337,0.0137440506
Mankey,Frank_GreatSword_Attack_Execution3,1,0.6791667,0.01000003
Mankey,Frank_GreatSword_Attack_Execution3,1,0.683333337,0.0103556067
Mankey,Frank_GreatSword_Attack_Execution3,1,0.6875,0.0252749119
Mankey,Frank_GreatSword_Attack_Execution3,1,1.51666665,0.146543652
Mankey,Frank_GreatSword_Attack_Execution3,1,1.52083337,0.009999939
Mankey,Frank_GreatSword_Attack_Execution3,1,1.525,0.2845171
Mankey,Frank_GreatSword_Attack_Execution3,1,1.5291667,0.159077972
Mankey,Frank_GreatSword_Attack_Execution3,1,1.54166663,0.0219754912
Mankey,Frank_GreatSword_Attack_Execution3,1,1.55833328,0.0227142535
Mankey,Frank_GreatSword_Attack_Execution3,-1,0.3625,0.01952833
Mankey,Frank_GreatSword_Attack_Execution3,-1,0.366666675,0.0291338265
Mankey,Frank_GreatSword_Attack_Execution3,-1,0.370833337,0.0137442285
Mankey,Frank_GreatSword_Attack_Execution3,-1,0.6791667,0.0100001637
Mankey,Frank_GreatSword_Attack_Execution3,-1,0.683333337,0.0103556206
Mankey,Frank_GreatSword_Attack_Execution3,-1,0.6875,0.02527495
Mankey,Frank_GreatSword_Attack_Execution3,-1,1.51666665,0.146543652
Mankey,Frank_GreatSword_Attack_Execution3,-1,1.52083337,0.0100000445
Mankey,Frank_GreatSword_Attack_Execution3,-1,1.525,0.28451705
Mankey,Frank_GreatSword_Attack_Execution3,-1,1.5291667,0.159077972
Mankey,Frank_GreatSword_Attack_Execution3,-1,1.54166663,0.0219755061
Mankey,Frank_GreatSword_Attack_Execution3,-1,1.55833328,0.0227142368
Pepe,Frank_GreatSword_Attack_Ambush,1,0.5625,0.03771244
Pepe,Frank_GreatSword_Attack_Ambush,1,0.566666663,0.03771245
Pepe,Frank_GreatSword_Attack_Ambush,1,0.5708333,0.0377124622
Pepe,Frank_GreatSword_Attack_Ambush,1,0.575,0.037712153
Pepe,Frank_GreatSword_Attack_Ambush,1,0.579166651,0.08742662
Pepe,Frank_GreatSword_Attack_Ambush,1,0.5833333,0.1853358
Pepe,Frank_GreatSword_Attack_Ambush,1,0.5875,0.0331399441
Pepe,Frank_GreatSword_Attack_Ambush,1,0.591666639,0.113174886
Pepe,Frank_GreatSword_Attack_Ambush,1,0.6,0.239463717
Pepe,Frank_GreatSword_Attack_Ambush,1,0.6125,0.0137411579
Pepe,Frank_GreatSword_Attack_Ambush,1,0.625,0.03802403
Pepe,Frank_GreatSword_Attack_Ambush,1,0.65,0.0345682465
Pepe,Frank_GreatSword_Attack_Ambush,-1,0.5625,0.03771241
Pepe,Frank_GreatSword_Attack_Ambush,-1,0.566666663,0.0377125368
Pepe,Frank_GreatSword_Attack_Ambush,-1,0.5708333,0.0377123728
Pepe,Frank_GreatSword_Attack_Ambush,-1,0.575,0.0377124622
Pepe,Frank_GreatSword_Attack_Ambush,-1,0.579166651,0.08742684
Pepe,Frank_GreatSword_Attack_Ambush,-1,0.5833333,0.185335785
Pepe,Frank_GreatSword_Attack_Ambush,-1,0.5875,0.0331397764
Pepe,Frank_GreatSword_Attack_Ambush,-1,0.591666639,0.113174886
Pepe,Frank_GreatSword_Attack_Ambush,-1,0.6,0.239463687
Pepe,Frank_GreatSword_Attack_Ambush,-1,0.6125,0.0137411719
Pepe,Frank_GreatSword_Attack_Ambush,-1,0.625,0.03802403
Pepe,Frank_GreatSword_Attack_Ambush,-1,0.65,0.0345680229
Pepe,Frank_GreatSword_Attack_Execution1,1,0.8,0.03766266
Pepe,Frank_GreatSword_Attack_Execution1,1,0.816666663,0.0136823049
Pepe,Frank_GreatSword_Attack_Execution1,1,0.8333333,0.029250076
Pepe,Frank_GreatSword_Attack_Execution1,1,0.85,0.02695545
Pepe,Frank_GreatSword_Attack_Execution1,1,0.8666667,0.0109302532
Pepe,Frank_GreatSword_Attack_Execution1,1,0.8833333,0.0117098624
Pepe,Frank_GreatSword_Attack_Execution1,1,2.1833334,0.555452347
Pepe,Frank_GreatSword_Attack_Execution1,1,2.2166667,0.4693488
Pepe,Frank_GreatSword_Attack_Execution1,1,2.25,0.3010136
Pepe,Frank_GreatSword_Attack_Execution1,1,2.2833333,0.0855870843
Pepe,Frank_GreatSword_Attack_Execution1,1,2.3166666,0.0243397411
Pepe,Frank_GreatSword_Attack_Execution1,1,2.35,0.0103538986
Pepe,Frank_GreatSword_Attack_Execution1,-1,0.8,0.03766268
Pepe,Frank_GreatSword_Attack_Execution1,-1,0.816666663,0.0136822453
Pepe,Frank_GreatSword_Attack_Execution1,-1,0.8333333,0.0292499661
Pepe,Frank_GreatSword_Attack_Execution1,-1,0.85,0.0269557
Pepe,Frank_GreatSword_Attack_Execution1,-1,0.8666667,0.0109302606
Pepe,Frank_GreatSword_Attack_Execution1,-1,0.8833333,0.0117097264
Pepe,Frank_GreatSword_Attack_Execution1,-1,2.1833334,0.555452943
Pepe,Frank_GreatSword_Attack_Execution1,-1,2.2166667,0.469348878
Pepe,Frank_GreatSword_Attack_Execution1,-1,2.25,0.301013619
Pepe,Frank_GreatSword_Attack_Execution1,-1,2.2833333,0.08558719
Pepe,Frank_GreatSword_Attack_Execution1,-1,2.3166666,0.0243396349
Pepe,Frank_GreatSword_Attack_Execution1,-1,2.35,0.0103542162
Pepe,Frank_GreatSword_Attack_Execution2,1,0.766666651,0.0375732742
Pepe,Frank_GreatSword_Attack_Execution2,1,0.783333361,0.037572965
Pepe,Frank_GreatSword_Attack_Execution2,1,0.8,0.0375731774
Pepe,Frank_GreatSword_Attack_Execution2,1,0.816666663,0.041494336
Pepe,Frank_GreatSword_Attack_Execution2,1,0.8333333,0.011649535
Pepe,Frank_GreatSword_Attack_Execution2,1,0.85,0.0269033257
Pepe,Frank_GreatSword_Attack_Execution2,1,2.0333333,1.4792707
Pepe,Frank_GreatSword_Attack_Execution2,1,2.0666666,0.0531615764
Pepe,Frank_GreatSword_Attack_Execution2,1,2.1,0.03378276
Pepe,Frank_GreatSword_Attack_Execution2,1,2.13333344,0.009784424
Pepe,Frank_GreatSword_Attack_Execution2,1,2.16666675,0.0236314982
Pepe,Frank_GreatSword_Attack_Execution2,1,2.2,0.0187124256
Pepe,Frank_GreatSword_Attack_Execution2,-1,0.766666651,0.0375731625
Pepe,Frank_GreatSword_Attack_Execution2,-1,0.783333361,0.0375728942
Pepe,Frank_GreatSword_Attack_Execution2,-1,0.8,0.037573345
Pepe,Frank_GreatSword_Attack_Execution2,-1,0.816666663,0.0414943844
Pepe,Frank_GreatSword_Attack_Execution2,-1,0.8333333,0.0116493832
Pepe,Frank_GreatSword_Attack_Execution2,-1,0.85,0.02690336
Pepe,Frank_GreatSword_Attack_Execution2,-1,2.0333333,1.47927046
Pepe,Frank_GreatSword_Attack_Execution2,-1,2.0666666,0.05316156
Pepe,Frank_GreatSword_Attack_Execution2,-1,2.1,0.03378288
Pepe,Frank_GreatSword_Attack_Execution2,-1,2.13333344,0.009784325
Pepe,Frank_GreatSword_Attack_Execution2,-1,2.16666675,0.0236314982
Pepe,Frank_GreatSword_Attack_Execution2,-1,2.2,0.018712448
Pepe,Frank_GreatSword_Attack_Execution3,1,0.3625,0.009999673
Pepe,Frank_GreatSword_Attack_Execution3,1,0.366666675,0.0165282134
Pepe,Frank_GreatSword_Attack_Execution3,1,0.370833337,0.0129555324
Pepe,Frank_GreatSword_Attack_Execution3,1,0.6791667,0.0318530835
Pepe,Frank_GreatSword_Attack_Execution3,1,0.683333337,0.0216777027
Pepe,Frank_GreatSword_Attack_Execution3,1,0.6875,0.009999926
Pepe,Frank_GreatSword_Attack_Execution3,1,1.51666665,0.0957388058
Pepe,Frank_GreatSword_Attack_Execution3,1,1.52083337,0.009999723
Pepe,Frank_GreatSword_Attack_Execution3,1,1.525,0.255568445
Pepe,Frank_GreatSword_Attack_Execution3,1,1.5291667,0.16363062
Pepe,Frank_GreatSword_Attack_Execution3,1,1.54166663,0.0167541541
Pepe,Frank_GreatSword_Attack_Execution3,1,1.55833328,0.03273885
Pepe,Frank_GreatSword_Attack_Execution3,-1,0.3625,0.009999631
Pepe,Frank_GreatSword_Attack_Execution3,-1,0.366666675,0.0165278725
Pepe,Frank_GreatSword_Attack_Execution3,-1,0.370833337,0.0129556507
Pepe,Frank_GreatSword_Attack_Execution3,-1,0.6791667,0.031853158
Pepe,Frank_GreatSword_Attack_Execution3,-1,0.683333337,0.0216777
Pepe,Frank_GreatSword_Attack_Execution3,-1,0.6875,0.009999866
Pepe,Frank_GreatSword_Attack_Execution3,-1,1.51666665,0.09573877
Pepe,Frank_GreatSword_Attack_Execution3,-1,1.52083337,0.009999882
Pepe,Frank_GreatSword_Attack_Execution3,-1,1.525,0.2555686
Pepe,Frank_GreatSword_Attack_Execution3,-1,1.5291667,0.163630635
Pepe,Frank_GreatSword_Attack_Execution3,-1,1.54166663,0.01675419
Pepe,Frank_GreatSword_Attack_Execution3,-1,1.55833328,0.03273879
