fighter,move,hit,time,kind
Mankey,Heavy_5,0,1.47833,Shield
Mankey,Heavy_5,1,2.26667,Weapon
Mankey,Heavy_5,2,3.12500,Weapon
Mankey,Heavy_5,3,3.55333,Weapon
Mankey,Heavy_5,4,4.21667,Weapon
Mankey,Heavy_6,0,1.43667,Weapon
Mankey,Heavy_6,1,2.23667,Weapon
Mankey,Heavy_6,2,2.85333,Weapon
Mankey,Heavy_6,3,4.28333,Weapon
Mankey,Heavy_7,0,1.20333,Weapon
Mankey,Heavy_7,1,2.74667,Weapon
Mankey,Heavy_7,2,3.31667,Weapon
Mankey,Heavy_7,3,3.71333,Weapon
Mankey,Heavy_7,4,4.70000,Weapon
Mankey,Heavy_7,5,5.48333,Weapon
Mankey,Heavy_2,0,1.47000,Weapon
Mankey,Heavy_2,1,2.30000,RightFoot
Mankey,Heavy_2,2,3.47833,Weapon
Mankey,Heavy_2,3,4.15333,Weapon
Mankey,Heavy_8,0,1.07833,Weapon
Mankey,Heavy_8,1,1.23000,Weapon
Mankey,Heavy_8,2,1.86667,Weapon
Mankey,Heavy_8,3,2.64500,Weapon
Mankey,Heavy_8,4,3.15333,Weapon
Mankey,Heavy_8,5,3.53833,Weapon
Mankey,Heavy_8,6,3.85500,Weapon
Mankey,Heavy_Katana,0,1.45333,Weapon
Mankey,Heavy_Katana,1,2.27833,Weapon
Mankey,Heavy_Assassin,0,0.87000,Weapon
Mankey,Heavy_Assassin,1,1.21333,Weapon
Pepe,Heavy_5,0,1.46167,Shield
Pepe,Heavy_5,1,2.25833,Weapon
Pepe,Heavy_5,2,3.11667,Weapon
Pepe,Heavy_5,3,3.55333,Weapon
Pepe,Heavy_5,4,4.20833,Weapon
Pepe,Heavy_6,0,1.43667,Weapon
Pepe,Heavy_6,1,2.22833,Weapon
Pepe,Heavy_6,2,2.85333,Weapon
Pepe,Heavy_6,3,4.28333,Weapon
Pepe,Heavy_7,0,1.19500,Weapon
Pepe,Heavy_7,1,2.73833,Weapon
Pepe,Heavy_7,2,3.31667,Weapon
Pepe,Heavy_7,3,3.61333,Weapon
Pepe,Heavy_7,4,4.65000,Weapon
Pepe,Heavy_7,5,5.48333,Weapon
Pepe,Heavy_2,0,1.47000,Weapon
Pepe,Heavy_2,1,2.30833,RightFoot
Pepe,Heavy_2,2,3.47000,Weapon
Pepe,Heavy_2,3,4.15333,Weapon
Pepe,Heavy_8,0,1.07000,Weapon
Pepe,Heavy_8,1,1.21333,Weapon
Pepe,Heavy_8,2,1.86667,Weapon
Pepe,Heavy_8,3,2.62000,Weapon
Pepe,Heavy_8,4,3.05333,Weapon
Pepe,Heavy_8,5,3.41333,Weapon
Pepe,Heavy_8,6,3.85500,Weapon
Pepe,Heavy_Katana,0,1.45333,Weapon
Pepe,Heavy_Katana,1,2.25333,Weapon
Pepe,Heavy_Assassin,0,0.87833,Weapon
Pepe,Heavy_Assassin,1,1.21333,Weapon
