row,column,time
0,0,0.000
0,1,0.100
0,2,0.200
0,3,0.300
0,4,0.400
0,5,0.500
1,0,0.600
1,1,0.700
1,2,0.800
1,3,0.900
1,4,1.000
1,5,1.100
2,0,1.200
2,1,1.300
2,2,1.400
2,3,1.500
2,4,1.600
2,5,1.700
3,0,1.800
3,1,1.900
3,2,2.000
3,3,2.100
3,4,2.200
3,5,2.300
4,0,2.400
4,1,2.500
4,2,2.600
4,3,2.700
4,4,2.800
4,5,2.900
5,0,3.000
5,1,3.100
5,2,3.200
5,3,3.300
5,4,3.400
5,5,3.500
6,0,3.600
6,1,3.700
6,2,3.800
6,3,3.900
6,4,4.000
6,5,4.100
7,0,4.200
7,1,4.300
7,2,4.400
7,3,4.500
7,4,4.600
7,5,4.700
8,0,4.800
8,1,4.900
8,2,5.000
8,3,5.100
8,4,5.200
8,5,5.300
9,0,5.400
9,1,5.500
9,2,5.600
9,3,5.700
9,4,5.800
9,5,5.900
10,0,6.000
10,1,6.100
10,2,6.200
10,3,6.300
10,4,6.400
10,5,6.500
11,0,6.600
11,1,6.700
11,2,6.800
11,3,6.833
