time,renderer,gap,speed,bone,x,y,z
1.640000,Sword,1.018840,7.341394,LeftLowerLeg,-0.0518472,-0.4287316,0.4592381
1.642083,Sword,1.004435,8.051714,LeftLowerLeg,-0.0521695,-0.4287240,0.4591942
1.644167,Sword,0.988532,8.982446,LeftLowerLeg,-0.0524974,-0.4287171,0.4591504
1.646250,Sword,0.971157,11.181640,LeftLowerLeg,-0.0528281,-0.4287071,0.4591048
1.648333,Sword,0.952569,14.265350,LeftLowerLeg,-0.0531598,-0.4286956,0.4590658
1.650417,Sword,0.933502,18.315530,LeftLowerLeg,-0.0534939,-0.4286874,0.4590224
1.652500,Sword,0.914995,22.618350,LeftLowerLeg,-0.0538308,-0.4286752,0.4589810
1.654583,Sword,0.898652,26.298630,LeftLowerLeg,-0.0802645,-0.6023983,0.2625741
1.656667,Sword,0.874617,29.348550,Head,-0.8311339,2.6461000,1.6726820
1.658750,Sword,0.822125,31.754940,Head,-0.8311332,2.6461000,1.6726780
1.660833,Sword,0.770295,33.503300,Head,-0.8311333,2.6460980,1.6726800
1.662917,Sword,0.722276,34.607670,Head,-0.8311336,2.6460980,1.6726790
1.665000,Sword,0.681720,35.101880,Head,-0.8311337,2.6461000,1.6726800
1.667083,Sword,0.651509,35.124230,Head,-0.8226027,2.7498460,1.6225300
1.669167,Sword,0.633398,37.194990,Head,-0.9276983,2.9359470,1.3303870
1.671250,Sword,0.632631,39.203800,Head,-0.9223369,3.0812490,1.1719390
1.673333,Sword,0.653400,39.587790,Head,-0.9223367,3.0812500,1.1719380
1.675417,Sword,0.695736,38.470840,Head,-0.9223372,3.0812500,1.1719380
1.677500,Sword,0.751720,36.288710,Head,-0.8774821,3.1927330,0.9819726
1.679583,Sword,0.813580,33.829120,Head,-0.8774823,3.1927390,0.9819712
1.681667,Sword,0.867555,33.398840,Head,-0.9171631,3.0941110,1.1500260
1.683750,Sword,0.895995,32.966540,Head,-0.9223373,3.0812500,1.1719380
1.685833,Sword,0.897520,34.548710,Head,-0.9276980,2.9359470,1.3303850
1.687917,Sword,0.863225,38.438380,Head,-0.9416119,2.6668010,1.5261370
1.690000,Sword,0.814542,44.263080,LeftLowerLeg,-0.0875399,-0.6125514,0.2490055
1.692083,Sword,0.749275,51.790580,LeftLowerLeg,-0.0877477,-0.6125782,0.2487956
1.694167,Sword,0.687786,60.469800,LeftLowerLeg,-0.0880039,-0.6125945,0.2486053
1.696250,Sword,0.628968,69.806230,LeftLowerLeg,-0.0883375,-0.6125864,0.2484484
1.698333,Sword,0.570492,79.462830,LeftLowerLeg,-0.0887863,-0.6125457,0.2483511
1.700417,Sword,0.491399,89.677060,LeftIndexDistal,0.1034291,-0.0657035,-0.0146483
1.702500,Sword,0.378617,104.674000,LeftIndexDistal,0.0951457,0.0710423,-0.0488960
1.704583,Sword,0.256139,119.767700,LeftIndexDistal,0.1034308,-0.0657033,-0.0146486
1.706667,Sword,0.102656,131.666100,LeftIndexDistal,0.0408727,0.2156411,-0.0670192
1.708750,Sword,0.000148,139.492200,LeftLowerLeg,0.1991559,-0.9076579,-0.7978079
1.710833,Sword,0.073976,142.473800,LeftLowerLeg,-0.6580843,0.0267130,-1.5685190
1.712917,Sword,0.073478,140.120800,RightLowerLeg,0.4256429,0.8731319,-0.5006090
1.715000,Sword,0.000144,132.679000,RightLowerLeg,-0.4069400,0.9489557,0.3833799
1.717083,Sword,0.185807,121.166600,RightLowerLeg,-0.1958654,0.0108130,0.5930415
1.719167,Sword,0.362993,117.788500,RightToes,-0.9735464,0.4861013,0.1831519
1.721250,Sword,0.513018,118.805100,RightLowerLeg,0.0428088,-0.4268622,0.4531254
1.723333,Sword,0.643865,117.978200,RightLowerLeg,0.0399877,-0.4271720,0.4531051
1.725417,Sword,0.766439,114.268200,RightLowerLeg,0.0367906,-0.4311383,0.4489613
1.727500,Sword,0.844428,106.955700,RightLowerLeg,0.0305998,-0.4738561,0.4011972
1.729583,Sword,0.913645,95.850850,RightLowerLeg,0.0221874,-0.5504843,0.3149779
1.731667,Sword,0.971264,81.201320,RightLowerLeg,0.0155472,-0.6103992,0.2472070
1.733750,Sword,1.016031,63.941430,RightLowerLeg,0.0135117,-0.6105871,0.2466509
1.735833,Sword,1.049092,47.066340,RightLowerLeg,0.0117130,-0.6107707,0.2460466
1.737917,Sword,1.073414,35.075050,RightLowerLeg,0.0099956,-0.6109505,0.2454319
1.740000,Sword,1.091386,28.598770,RightLowerLeg,0.0082393,-0.6111295,0.2447938
1.742083,Sword,1.104932,26.494990,RightLowerLeg,0.0066084,-0.6113147,0.2440913
1.744167,Sword,1.115666,26.674980,RightLowerLeg,0.0069750,-0.5789578,0.2805290
1.746250,Sword,1.124915,27.545430,RightLowerLeg,0.1099941,-0.4744311,0.3447511
1.748333,Sword,1.133937,28.659360,RightLowerLeg,0.1962912,-0.3814186,0.4059766
1.750000,Sword,1.142132,24.105650,RightLowerLeg,0.1951266,-0.3819146,0.4058330
