seconds,attackerRaw,receiverRaw,attackerLift,receiverLift,attackerAfter,receiverAfter
0,-0.042820245,0.008215677,0.0528202429,0.00178432278,0.00999997,0.0100000016
0.06,-0.0161928069,-0.00162608887,0.0261928067,0.011626089,0.0099998815,0.009999964
0.0725000054,-0.0135827791,-0.00162608887,0.0235827789,0.011626089,0.009999869,0.009999964
0.12,-0.0105411857,-0.002461728,0.0205411855,0.0124617275,0.009999927,0.0100000305
0.24,0.00423570536,-0.00131021335,0.00576429442,0.0113102132,0.009999939,0.010000078
0.36,-0.00396871241,-0.0003144624,0.0139687117,0.0103144618,0.009999979,0.0100000035
0.399,-0.0227655768,-0.0024196927,0.0327655748,0.0124196922,0.009999944,0.0100000091
0.4,-0.0230343509,-0.00246829167,0.03303435,0.0124682914,0.009999948,0.009999951
0.44,-0.0615785457,-0.003692758,0.07157855,0.013692758,0.009999941,0.0100000026
0.48,-0.06863878,-0.004834401,0.07863878,0.0148344,0.009999945,0.0100000016
0.501666665,-0.05456206,-0.00558515266,0.06456206,0.0155851524,0.0100000007,0.009999983
0.65,-0.09586079,-0.00180060777,0.105860785,0.0118006077,0.009999941,0.009999967
0.799,-0.04544583,-0.000999066,0.0554458275,0.0109990658,0.009999947,0.0100000435
0.8,-0.0449200831,-0.00105174107,0.0549200848,0.0110517405,0.009999988,0.01000001
0.84,-0.0166701935,-0.00294364314,0.0266701933,0.0129436431,0.009999976,0.0100000054
0.88,-0.07294377,-0.004036191,0.08294377,0.0140361907,0.009999966,0.009999988
0.9508333,-0.0913707837,-0.006017072,0.101370782,0.0160170719,0.009999939,0.009999982
1.12,-0.108132333,-0.003779949,0.11813233,0.0137799485,0.009999963,0.009999978
1.3,-0.06787467,-0.00573876454,0.07787467,0.0157387648,0.00999993552,0.01000001
1.5,0.01697262,-0.00393410027,0,0.0139341,0.0169725381,0.010000037
1.65,0.0180417746,-0.00169328018,0,0.01169328,0.0180417746,0.0100000063
1.79166687,0.0144966273,-0.00162334624,0,0.0116233462,0.0144965425,0.010000037
1.81666684,0.0123895761,-0.00162334624,0,0.0116233462,0.0123895761,0.010000037
