seconds,step,bone,localRotationErrorDegrees,worldPositionErrorAfterHorizontalCarryMetres,carryX,carryY,carryZ
0,1,Hips,0,0,0,0,0
0,1,LeftUpperLeg,0,0,0,0,0
0,1,RightUpperLeg,0,0,0,0,0
0,1,LeftLowerLeg,0,0,0,0,0
0,1,RightLowerLeg,0,0,0,0,0
0,1,LeftFoot,0,0,0,0,0
0,1,RightFoot,0,0,0,0,0
0,1,Spine,0,0,0,0,0
0,1,Chest,0,0,0,0,0
0,1,Neck,0,0,0,0,0
0,1,Head,0,0,0,0,0
0,1,LeftShoulder,0,0,0,0,0
0,1,RightShoulder,0,0,0,0,0
0,1,LeftUpperArm,0,0,0,0,0
0,1,RightUpperArm,0,0,0,0,0
0,1,LeftLowerArm,0,0,0,0,0
0,1,RightLowerArm,0,0,0,0,0
0,1,LeftHand,0,0,0,0,0
0,1,RightHand,0,0,0,0,0
0,1,LeftToes,0,0,0,0,0
0,1,RightToes,0,0,0,0,0
0,1,LeftThumbProximal,0,0,0,0,0
0,1,LeftThumbIntermediate,0,0,0,0,0
0,1,LeftThumbDistal,0,0,0,0,0
0,1,LeftIndexProximal,0,0,0,0,0
0,1,LeftIndexIntermediate,0,0,0,0,0
0,1,LeftIndexDistal,0,0,0,0,0
0,1,LeftMiddleProximal,0,0,0,0,0
0,1,LeftMiddleIntermediate,0,0,0,0,0
0,1,LeftMiddleDistal,0,0,0,0,0
0,1,LeftRingProximal,0,0,0,0,0
0,1,LeftRingIntermediate,0,0,0,0,0
0,1,LeftRingDistal,0,0,0,0,0
0,1,LeftLittleProximal,0,0,0,0,0
0,1,LeftLittleIntermediate,0,0,0,0,0
0,1,LeftLittleDistal,0,0,0,0,0
0,1,RightThumbProximal,0,0,0,0,0
0,1,RightThumbIntermediate,0,0,0,0,0
0,1,RightThumbDistal,0,0,0,0,0
0,1,RightIndexProximal,0,0,0,0,0
0,1,RightIndexIntermediate,0,0,0,0,0
0,1,RightIndexDistal,0,0,0,0,0
0,1,RightMiddleProximal,0,0,0,0,0
0,1,RightMiddleIntermediate,0,0,0,0,0
0,1,RightMiddleDistal,0,0,0,0,0
0,1,RightRingProximal,0,0,0,0,0
0,1,RightRingIntermediate,0,0,0,0,0
0,1,RightRingDistal,0,0,0,0,0
0,1,RightLittleProximal,0,0,0,0,0
0,1,RightLittleIntermediate,0,0,0,0,0
0,1,RightLittleDistal,0,0,0,0,0
0.06,1,Hips,0,0,0,0,0
0.06,1,LeftUpperLeg,0,0,0,0,0
0.06,1,RightUpperLeg,0,0,0,0,0
0.06,1,LeftLowerLeg,0,0,0,0,0
0.06,1,RightLowerLeg,0,0,0,0,0
0.06,1,LeftFoot,0,0,0,0,0
0.06,1,RightFoot,0,0,0,0,0
0.06,1,Spine,0,0,0,0,0
0.06,1,Chest,0,0,0,0,0
0.06,1,Neck,0,0,0,0,0
0.06,1,Head,0,0,0,0,0
0.06,1,LeftShoulder,0,0,0,0,0
0.06,1,RightShoulder,0,0,0,0,0
0.06,1,LeftUpperArm,0,0,0,0,0
0.06,1,RightUpperArm,0,0,0,0,0
0.06,1,LeftLowerArm,0,0,0,0,0
0.06,1,RightLowerArm,0,0,0,0,0
0.06,1,LeftHand,0,0,0,0,0
0.06,1,RightHand,0,0,0,0,0
0.06,1,LeftToes,0,0,0,0,0
0.06,1,RightToes,0,0,0,0,0
0.06,1,LeftThumbProximal,0,0,0,0,0
0.06,1,LeftThumbIntermediate,0,0,0,0,0
0.06,1,LeftThumbDistal,0,0,0,0,0
0.06,1,LeftIndexProximal,0,0,0,0,0
0.06,1,LeftIndexIntermediate,0,0,0,0,0
0.06,1,LeftIndexDistal,0,0,0,0,0
0.06,1,LeftMiddleProximal,0,0,0,0,0
0.06,1,LeftMiddleIntermediate,0,0,0,0,0
0.06,1,LeftMiddleDistal,0,0,0,0,0
0.06,1,LeftRingProximal,0,0,0,0,0
0.06,1,LeftRingIntermediate,0,0,0,0,0
0.06,1,LeftRingDistal,0,0,0,0,0
0.06,1,LeftLittleProximal,0,0,0,0,0
0.06,1,LeftLittleIntermediate,0,0,0,0,0
0.06,1,LeftLittleDistal,0,0,0,0,0
0.06,1,RightThumbProximal,0,0,0,0,0
0.06,1,RightThumbIntermediate,0,0,0,0,0
0.06,1,RightThumbDistal,0,0,0,0,0
0.06,1,RightIndexProximal,0,0,0,0,0
0.06,1,RightIndexIntermediate,0,0,0,0,0
0.06,1,RightIndexDistal,0,0,0,0,0
0.06,1,RightMiddleProximal,0,0,0,0,0
0.06,1,RightMiddleIntermediate,0,0,0,0,0
0.06,1,RightMiddleDistal,0,0,0,0,0
0.06,1,RightRingProximal,0,0,0,0,0
0.06,1,RightRingIntermediate,0,0,0,0,0
0.06,1,RightRingDistal,0,0,0,0,0
0.06,1,RightLittleProximal,0,0,0,0,0
0.06,1,RightLittleIntermediate,0,0,0,0,0
0.06,1,RightLittleDistal,0,0,0,0,0
0.0725000054,1,Hips,0,0,0,0,0
0.0725000054,1,LeftUpperLeg,0,0,0,0,0
0.0725000054,1,RightUpperLeg,0,0,0,0,0
0.0725000054,1,LeftLowerLeg,0,0,0,0,0
0.0725000054,1,RightLowerLeg,0,0,0,0,0
0.0725000054,1,LeftFoot,0,0,0,0,0
0.0725000054,1,RightFoot,0,0,0,0,0
0.0725000054,1,Spine,0,0,0,0,0
0.0725000054,1,Chest,0,0,0,0,0
0.0725000054,1,Neck,0,0,0,0,0
0.0725000054,1,Head,0,0,0,0,0
0.0725000054,1,LeftShoulder,0,0,0,0,0
0.0725000054,1,RightShoulder,0,0,0,0,0
0.0725000054,1,LeftUpperArm,0,0,0,0,0
0.0725000054,1,RightUpperArm,0,0,0,0,0
0.0725000054,1,LeftLowerArm,0,0,0,0,0
0.0725000054,1,RightLowerArm,0,0,0,0,0
0.0725000054,1,LeftHand,0,0,0,0,0
0.0725000054,1,RightHand,0,0,0,0,0
0.0725000054,1,LeftToes,0,0,0,0,0
0.0725000054,1,RightToes,0,0,0,0,0
0.0725000054,1,LeftThumbProximal,0,0,0,0,0
0.0725000054,1,LeftThumbIntermediate,0,0,0,0,0
0.0725000054,1,LeftThumbDistal,0,0,0,0,0
0.0725000054,1,LeftIndexProximal,0,0,0,0,0
0.0725000054,1,LeftIndexIntermediate,0,0,0,0,0
0.0725000054,1,LeftIndexDistal,0,0,0,0,0
0.0725000054,1,LeftMiddleProximal,0,0,0,0,0
0.0725000054,1,LeftMiddleIntermediate,0,0,0,0,0
0.0725000054,1,LeftMiddleDistal,0,0,0,0,0
0.0725000054,1,LeftRingProximal,0,0,0,0,0
0.0725000054,1,LeftRingIntermediate,0,0,0,0,0
0.0725000054,1,LeftRingDistal,0,0,0,0,0
0.0725000054,1,LeftLittleProximal,0,0,0,0,0
0.0725000054,1,LeftLittleIntermediate,0,0,0,0,0
0.0725000054,1,LeftLittleDistal,0,0,0,0,0
0.0725000054,1,RightThumbProximal,0,0,0,0,0
0.0725000054,1,RightThumbIntermediate,0,0,0,0,0
0.0725000054,1,RightThumbDistal,0,0,0,0,0
0.0725000054,1,RightIndexProximal,0,0,0,0,0
0.0725000054,1,RightIndexIntermediate,0,0,0,0,0
0.0725000054,1,RightIndexDistal,0,0,0,0,0
0.0725000054,1,RightMiddleProximal,0,0,0,0,0
0.0725000054,1,RightMiddleIntermediate,0,0,0,0,0
0.0725000054,1,RightMiddleDistal,0,0,0,0,0
0.0725000054,1,RightRingProximal,0,0,0,0,0
0.0725000054,1,RightRingIntermediate,0,0,0,0,0
0.0725000054,1,RightRingDistal,0,0,0,0,0
0.0725000054,1,RightLittleProximal,0,0,0,0,0
0.0725000054,1,RightLittleIntermediate,0,0,0,0,0
0.0725000054,1,RightLittleDistal,0,0,0,0,0
0.12,1,Hips,0,0,0,0,0
0.12,1,LeftUpperLeg,0,0,0,0,0
0.12,1,RightUpperLeg,0,0,0,0,0
0.12,1,LeftLowerLeg,0,0,0,0,0
0.12,1,RightLowerLeg,0,0,0,0,0
0.12,1,LeftFoot,0,0,0,0,0
0.12,1,RightFoot,0,0,0,0,0
0.12,1,Spine,0,0,0,0,0
0.12,1,Chest,0,0,0,0,0
0.12,1,Neck,0,0,0,0,0
0.12,1,Head,0,0,0,0,0
0.12,1,LeftShoulder,0,0,0,0,0
0.12,1,RightShoulder,0,0,0,0,0
0.12,1,LeftUpperArm,0,0,0,0,0
0.12,1,RightUpperArm,0,0,0,0,0
0.12,1,LeftLowerArm,0,0,0,0,0
0.12,1,RightLowerArm,0,0,0,0,0
0.12,1,LeftHand,0,0,0,0,0
0.12,1,RightHand,0,0,0,0,0
0.12,1,LeftToes,0,0,0,0,0
0.12,1,RightToes,0,0,0,0,0
0.12,1,LeftThumbProximal,0,0,0,0,0
0.12,1,LeftThumbIntermediate,0,0,0,0,0
0.12,1,LeftThumbDistal,0,0,0,0,0
0.12,1,LeftIndexProximal,0,0,0,0,0
0.12,1,LeftIndexIntermediate,0,0,0,0,0
0.12,1,LeftIndexDistal,0,0,0,0,0
0.12,1,LeftMiddleProximal,0,0,0,0,0
0.12,1,LeftMiddleIntermediate,0,0,0,0,0
0.12,1,LeftMiddleDistal,0,0,0,0,0
0.12,1,LeftRingProximal,0,0,0,0,0
0.12,1,LeftRingIntermediate,0,0,0,0,0
0.12,1,LeftRingDistal,0,0,0,0,0
0.12,1,LeftLittleProximal,0,0,0,0,0
0.12,1,LeftLittleIntermediate,0,0,0,0,0
0.12,1,LeftLittleDistal,0,0,0,0,0
0.12,1,RightThumbProximal,0,0,0,0,0
0.12,1,RightThumbIntermediate,0,0,0,0,0
0.12,1,RightThumbDistal,0,0,0,0,0
0.12,1,RightIndexProximal,0,0,0,0,0
0.12,1,RightIndexIntermediate,0,0,0,0,0
0.12,1,RightIndexDistal,0,0,0,0,0
0.12,1,RightMiddleProximal,0,0,0,0,0
0.12,1,RightMiddleIntermediate,0,0,0,0,0
0.12,1,RightMiddleDistal,0,0,0,0,0
0.12,1,RightRingProximal,0,0,0,0,0
0.12,1,RightRingIntermediate,0,0,0,0,0
0.12,1,RightRingDistal,0,0,0,0,0
0.12,1,RightLittleProximal,0,0,0,0,0
0.12,1,RightLittleIntermediate,0,0,0,0,0
0.12,1,RightLittleDistal,0,0,0,0,0
0.24,1,Hips,0,0,0,0,0
0.24,1,LeftUpperLeg,0,0,0,0,0
0.24,1,RightUpperLeg,0,0,0,0,0
0.24,1,LeftLowerLeg,0,0,0,0,0
0.24,1,RightLowerLeg,0,0,0,0,0
0.24,1,LeftFoot,0,0,0,0,0
0.24,1,RightFoot,0,0,0,0,0
0.24,1,Spine,0,0,0,0,0
0.24,1,Chest,0,0,0,0,0
0.24,1,Neck,0,0,0,0,0
0.24,1,Head,0,0,0,0,0
0.24,1,LeftShoulder,0,0,0,0,0
0.24,1,RightShoulder,0,0,0,0,0
0.24,1,LeftUpperArm,0,0,0,0,0
0.24,1,RightUpperArm,0,0,0,0,0
0.24,1,LeftLowerArm,0,0,0,0,0
0.24,1,RightLowerArm,0,0,0,0,0
0.24,1,LeftHand,0,0,0,0,0
0.24,1,RightHand,0,0,0,0,0
0.24,1,LeftToes,0,0,0,0,0
0.24,1,RightToes,0,0,0,0,0
0.24,1,LeftThumbProximal,0,0,0,0,0
0.24,1,LeftThumbIntermediate,0,0,0,0,0
0.24,1,LeftThumbDistal,0,0,0,0,0
0.24,1,LeftIndexProximal,0,0,0,0,0
0.24,1,LeftIndexIntermediate,0,0,0,0,0
0.24,1,LeftIndexDistal,0,0,0,0,0
0.24,1,LeftMiddleProximal,0,0,0,0,0
0.24,1,LeftMiddleIntermediate,0,0,0,0,0
0.24,1,LeftMiddleDistal,0,0,0,0,0
0.24,1,LeftRingProximal,0,0,0,0,0
0.24,1,LeftRingIntermediate,0,0,0,0,0
0.24,1,LeftRingDistal,0,0,0,0,0
0.24,1,LeftLittleProximal,0,0,0,0,0
0.24,1,LeftLittleIntermediate,0,0,0,0,0
0.24,1,LeftLittleDistal,0,0,0,0,0
0.24,1,RightThumbProximal,0,0,0,0,0
0.24,1,RightThumbIntermediate,0,0,0,0,0
0.24,1,RightThumbDistal,0,0,0,0,0
0.24,1,RightIndexProximal,0,0,0,0,0
0.24,1,RightIndexIntermediate,0,0,0,0,0
0.24,1,RightIndexDistal,0,0,0,0,0
0.24,1,RightMiddleProximal,0,0,0,0,0
0.24,1,RightMiddleIntermediate,0,0,0,0,0
0.24,1,RightMiddleDistal,0,0,0,0,0
0.24,1,RightRingProximal,0,0,0,0,0
0.24,1,RightRingIntermediate,0,0,0,0,0
0.24,1,RightRingDistal,0,0,0,0,0
0.24,1,RightLittleProximal,0,0,0,0,0
0.24,1,RightLittleIntermediate,0,0,0,0,0
0.24,1,RightLittleDistal,0,0,0,0,0
0.36,1,Hips,0,0,0,0,0
0.36,1,LeftUpperLeg,0,0,0,0,0
0.36,1,RightUpperLeg,0,0,0,0,0
0.36,1,LeftLowerLeg,0,0,0,0,0
0.36,1,RightLowerLeg,0,0,0,0,0
0.36,1,LeftFoot,0,0,0,0,0
0.36,1,RightFoot,0,0,0,0,0
0.36,1,Spine,0,0,0,0,0
0.36,1,Chest,0,0,0,0,0
0.36,1,Neck,0,0,0,0,0
0.36,1,Head,0,0,0,0,0
0.36,1,LeftShoulder,0,0,0,0,0
0.36,1,RightShoulder,0,0,0,0,0
0.36,1,LeftUpperArm,0,0,0,0,0
0.36,1,RightUpperArm,0,0,0,0,0
0.36,1,LeftLowerArm,0,0,0,0,0
0.36,1,RightLowerArm,0,0,0,0,0
0.36,1,LeftHand,0,0,0,0,0
0.36,1,RightHand,0,0,0,0,0
0.36,1,LeftToes,0,0,0,0,0
0.36,1,RightToes,0,0,0,0,0
0.36,1,LeftThumbProximal,0,0,0,0,0
0.36,1,LeftThumbIntermediate,0,0,0,0,0
0.36,1,LeftThumbDistal,0,0,0,0,0
0.36,1,LeftIndexProximal,0,0,0,0,0
0.36,1,LeftIndexIntermediate,0,0,0,0,0
0.36,1,LeftIndexDistal,0,0,0,0,0
0.36,1,LeftMiddleProximal,0,0,0,0,0
0.36,1,LeftMiddleIntermediate,0,0,0,0,0
0.36,1,LeftMiddleDistal,0,0,0,0,0
0.36,1,LeftRingProximal,0,0,0,0,0
0.36,1,LeftRingIntermediate,0,0,0,0,0
0.36,1,LeftRingDistal,0,0,0,0,0
0.36,1,LeftLittleProximal,0,0,0,0,0
0.36,1,LeftLittleIntermediate,0,0,0,0,0
0.36,1,LeftLittleDistal,0,0,0,0,0
0.36,1,RightThumbProximal,0,0,0,0,0
0.36,1,RightThumbIntermediate,0,0,0,0,0
0.36,1,RightThumbDistal,0,0,0,0,0
0.36,1,RightIndexProximal,0,0,0,0,0
0.36,1,RightIndexIntermediate,0,0,0,0,0
0.36,1,RightIndexDistal,0,0,0,0,0
0.36,1,RightMiddleProximal,0,0,0,0,0
0.36,1,RightMiddleIntermediate,0,0,0,0,0
0.36,1,RightMiddleDistal,0,0,0,0,0
0.36,1,RightRingProximal,0,0,0,0,0
0.36,1,RightRingIntermediate,0,0,0,0,0
0.36,1,RightRingDistal,0,0,0,0,0
0.36,1,RightLittleProximal,0,0,0,0,0
0.36,1,RightLittleIntermediate,0,0,0,0,0
0.36,1,RightLittleDistal,0,0,0,0,0
0.399,1,Hips,0,0,0,0,0
0.399,1,LeftUpperLeg,0,0,0,0,0
0.399,1,RightUpperLeg,0,0,0,0,0
0.399,1,LeftLowerLeg,0,0,0,0,0
0.399,1,RightLowerLeg,0,0,0,0,0
0.399,1,LeftFoot,0,0,0,0,0
0.399,1,RightFoot,0,0,0,0,0
0.399,1,Spine,0,0,0,0,0
0.399,1,Chest,0,0,0,0,0
0.399,1,Neck,0,0,0,0,0
0.399,1,Head,0,0,0,0,0
0.399,1,LeftShoulder,0,0,0,0,0
0.399,1,RightShoulder,0,0,0,0,0
0.399,1,LeftUpperArm,0,0,0,0,0
0.399,1,RightUpperArm,0,0,0,0,0
0.399,1,LeftLowerArm,0,0,0,0,0
0.399,1,RightLowerArm,0,0,0,0,0
0.399,1,LeftHand,0,0,0,0,0
0.399,1,RightHand,0,0,0,0,0
0.399,1,LeftToes,0,0,0,0,0
0.399,1,RightToes,0,0,0,0,0
0.399,1,LeftThumbProximal,0,0,0,0,0
0.399,1,LeftThumbIntermediate,0,0,0,0,0
0.399,1,LeftThumbDistal,0,0,0,0,0
0.399,1,LeftIndexProximal,0,0,0,0,0
0.399,1,LeftIndexIntermediate,0,0,0,0,0
0.399,1,LeftIndexDistal,0,0,0,0,0
0.399,1,LeftMiddleProximal,0,0,0,0,0
0.399,1,LeftMiddleIntermediate,0,0,0,0,0
0.399,1,LeftMiddleDistal,0,0,0,0,0
0.399,1,LeftRingProximal,0,0,0,0,0
0.399,1,LeftRingIntermediate,0,0,0,0,0
0.399,1,LeftRingDistal,0,0,0,0,0
0.399,1,LeftLittleProximal,0,0,0,0,0
0.399,1,LeftLittleIntermediate,0,0,0,0,0
0.399,1,LeftLittleDistal,0,0,0,0,0
0.399,1,RightThumbProximal,0,0,0,0,0
0.399,1,RightThumbIntermediate,0,0,0,0,0
0.399,1,RightThumbDistal,0,0,0,0,0
0.399,1,RightIndexProximal,0,0,0,0,0
0.399,1,RightIndexIntermediate,0,0,0,0,0
0.399,1,RightIndexDistal,0,0,0,0,0
0.399,1,RightMiddleProximal,0,0,0,0,0
0.399,1,RightMiddleIntermediate,0,0,0,0,0
0.399,1,RightMiddleDistal,0,0,0,0,0
0.399,1,RightRingProximal,0,0,0,0,0
0.399,1,RightRingIntermediate,0,0,0,0,0
0.399,1,RightRingDistal,0,0,0,0,0
0.399,1,RightLittleProximal,0,0,0,0,0
0.399,1,RightLittleIntermediate,0,0,0,0,0
0.399,1,RightLittleDistal,0,0,0,0,0
0.48,2,Hips,0,7.450581E-09,-0.036665298,0,-0.03950489
0.48,2,LeftUpperLeg,0,1.49011612E-08,-0.036665298,0,-0.03950489
0.48,2,RightUpperLeg,0,1.11758709E-08,-0.036665298,0,-0.03950489
0.48,2,LeftLowerLeg,0,2.98023224E-08,-0.036665298,0,-0.03950489
0.48,2,RightLowerLeg,0,3.332001E-08,-0.036665298,0,-0.03950489
0.48,2,LeftFoot,0,2.686345E-08,-0.036665298,0,-0.03950489
0.48,2,RightFoot,0,2.98023224E-08,-0.036665298,0,-0.03950489
0.48,2,Spine,0,0,-0.036665298,0,-0.03950489
0.48,2,Chest,0,1.11758709E-08,-0.036665298,0,-0.03950489
0.48,2,Neck,0,3.332001E-08,-0.036665298,0,-0.03950489
0.48,2,Head,0,7.450581E-09,-0.036665298,0,-0.03950489
0.48,2,LeftShoulder,0,0,-0.036665298,0,-0.03950489
0.48,2,RightShoulder,0,7.450581E-09,-0.036665298,0,-0.03950489
0.48,2,LeftUpperArm,0,1.49011612E-08,-0.036665298,0,-0.03950489
0.48,2,RightUpperArm,0,1.5359765E-08,-0.036665298,0,-0.03950489
0.48,2,LeftLowerArm,0,2.98023224E-08,-0.036665298,0,-0.03950489
0.48,2,RightLowerArm,0,3.071953E-08,-0.036665298,0,-0.03950489
0.48,2,LeftHand,0,1.66600049E-08,-0.036665298,0,-0.03950489
0.48,2,RightHand,0,3.003425E-08,-0.036665298,0,-0.03950489
0.48,2,LeftToes,0,4.01226039E-08,-0.036665298,0,-0.03950489
0.48,2,RightToes,0,0,-0.036665298,0,-0.03950489
0.48,2,LeftThumbProximal,0,2.98023224E-08,-0.036665298,0,-0.03950489
0.48,2,LeftThumbIntermediate,0,1.49011612E-08,-0.036665298,0,-0.03950489
0.48,2,LeftThumbDistal,0,1.49011612E-08,-0.036665298,0,-0.03950489
0.48,2,LeftIndexProximal,0,3.332001E-08,-0.036665298,0,-0.03950489
0.48,2,LeftIndexIntermediate,0,2.98023224E-08,-0.036665298,0,-0.03950489
0.48,2,LeftIndexDistal,0,2.98023224E-08,-0.036665298,0,-0.03950489
0.48,2,LeftMiddleProximal,0,1.66600049E-08,-0.036665298,0,-0.03950489
0.48,2,LeftMiddleIntermediate,0,1.66600049E-08,-0.036665298,0,-0.03950489
0.48,2,LeftMiddleDistal,0,2.686345E-08,-0.036665298,0,-0.03950489
0.48,2,LeftRingProximal,0,2.686345E-08,-0.036665298,0,-0.03950489
0.48,2,LeftRingIntermediate,0,2.686345E-08,-0.036665298,0,-0.03950489
0.48,2,LeftRingDistal,0,2.686345E-08,-0.036665298,0,-0.03950489
0.48,2,LeftLittleProximal,0,1.66600049E-08,-0.036665298,0,-0.03950489
0.48,2,LeftLittleIntermediate,0,1.66600049E-08,-0.036665298,0,-0.03950489
0.48,2,LeftLittleDistal,0,2.686345E-08,-0.036665298,0,-0.03950489
0.48,2,RightThumbProximal,0,3.003425E-08,-0.036665298,0,-0.03950489
0.48,2,RightThumbIntermediate,0,3.003425E-08,-0.036665298,0,-0.03950489
0.48,2,RightThumbDistal,0,3.7252903E-09,-0.036665298,0,-0.03950489
0.48,2,RightIndexProximal,0,3.003425E-08,-0.036665298,0,-0.03950489
0.48,2,RightIndexIntermediate,0,3.003425E-08,-0.036665298,0,-0.03950489
0.48,2,RightIndexDistal,0,3.003425E-08,-0.036665298,0,-0.03950489
0.48,2,RightMiddleProximal,0,3.003425E-08,-0.036665298,0,-0.03950489
0.48,2,RightMiddleIntermediate,0,6.33299351E-08,-0.036665298,0,-0.03950489
0.48,2,RightMiddleDistal,0,3.003425E-08,-0.036665298,0,-0.03950489
0.48,2,RightRingProximal,0,3.003425E-08,-0.036665298,0,-0.03950489
0.48,2,RightRingIntermediate,0,3.003425E-08,-0.036665298,0,-0.03950489
0.48,2,RightRingDistal,0,3.003425E-08,-0.036665298,0,-0.03950489
0.48,2,RightLittleProximal,0,3.003425E-08,-0.036665298,0,-0.03950489
0.48,2,RightLittleIntermediate,0,3.003425E-08,-0.036665298,0,-0.03950489
0.48,2,RightLittleDistal,0,3.003425E-08,-0.036665298,0,-0.03950489
0.501666665,2,Hips,0,1.49011612E-08,-0.036665298,0,-0.03950489
0.501666665,2,LeftUpperLeg,0,0,-0.036665298,0,-0.03950489
0.501666665,2,RightUpperLeg,0,7.450581E-09,-0.036665298,0,-0.03950489
0.501666665,2,LeftLowerLeg,0,2.686345E-08,-0.036665298,0,-0.03950489
0.501666665,2,RightLowerLeg,0,1.49011612E-08,-0.036665298,0,-0.03950489
0.501666665,2,LeftFoot,0,2.98023224E-08,-0.036665298,0,-0.03950489
0.501666665,2,RightFoot,0,2.98023224E-08,-0.036665298,0,-0.03950489
0.501666665,2,Spine,0,1.49011612E-08,-0.036665298,0,-0.03950489
0.501666665,2,Chest,0,7.450581E-09,-0.036665298,0,-0.03950489
0.501666665,2,Neck,0,0,-0.036665298,0,-0.03950489
0.501666665,2,Head,0,3.7252903E-08,-0.036665298,0,-0.03950489
0.501666665,2,LeftShoulder,0,0,-0.036665298,0,-0.03950489
0.501666665,2,RightShoulder,0,7.450581E-09,-0.036665298,0,-0.03950489
0.501666665,2,LeftUpperArm,0,2.98023224E-08,-0.036665298,0,-0.03950489
0.501666665,2,RightUpperArm,0,1.11758709E-08,-0.036665298,0,-0.03950489
0.501666665,2,LeftLowerArm,0,2.98023224E-08,-0.036665298,0,-0.03950489
0.501666665,2,RightLowerArm,0,2.71205227E-08,-0.036665298,0,-0.03950489
0.501666665,2,LeftHand,0,1.49011612E-08,-0.036665298,0,-0.03950489
0.501666665,2,RightHand,0,3.003425E-08,-0.036665298,0,-0.03950489
0.501666665,2,LeftToes,0,3.7252903E-08,-0.036665298,0,-0.03950489
0.501666665,2,RightToes,0,0,-0.036665298,0,-0.03950489
0.501666665,2,LeftThumbProximal,0,1.49011612E-08,-0.036665298,0,-0.03950489
0.501666665,2,LeftThumbIntermediate,0,3.332001E-08,-0.036665298,0,-0.03950489
0.501666665,2,LeftThumbDistal,0,1.49011612E-08,-0.036665298,0,-0.03950489
0.501666665,2,LeftIndexProximal,0,0,-0.036665298,0,-0.03950489
0.501666665,2,LeftIndexIntermediate,0,2.10734239E-08,-0.036665298,0,-0.03950489
0.501666665,2,LeftIndexDistal,0,2.10734239E-08,-0.036665298,0,-0.03950489
0.501666665,2,LeftMiddleProximal,0,1.49011612E-08,-0.036665298,0,-0.03950489
0.501666665,2,LeftMiddleIntermediate,0,2.10734239E-08,-0.036665298,0,-0.03950489
0.501666665,2,LeftMiddleDistal,0,2.10734239E-08,-0.036665298,0,-0.03950489
0.501666665,2,LeftRingProximal,0,1.49011612E-08,-0.036665298,0,-0.03950489
0.501666665,2,LeftRingIntermediate,0,2.98023224E-08,-0.036665298,0,-0.03950489
0.501666665,2,LeftRingDistal,0,2.98023224E-08,-0.036665298,0,-0.03950489
0.501666665,2,LeftLittleProximal,0,1.49011612E-08,-0.036665298,0,-0.03950489
0.501666665,2,LeftLittleIntermediate,0,2.98023224E-08,-0.036665298,0,-0.03950489
0.501666665,2,LeftLittleDistal,0,2.98023224E-08,-0.036665298,0,-0.03950489
0.501666665,2,RightThumbProximal,0,3.003425E-08,-0.036665298,0,-0.03950489
0.501666665,2,RightThumbIntermediate,0,3.003425E-08,-0.036665298,0,-0.03950489
0.501666665,2,RightThumbDistal,0,3.003425E-08,-0.036665298,0,-0.03950489
0.501666665,2,RightIndexProximal,0,3.003425E-08,-0.036665298,0,-0.03950489
0.501666665,2,RightIndexIntermediate,0,3.003425E-08,-0.036665298,0,-0.03950489
0.501666665,2,RightIndexDistal,0,3.003425E-08,-0.036665298,0,-0.03950489
0.501666665,2,RightMiddleProximal,0,3.003425E-08,-0.036665298,0,-0.03950489
0.501666665,2,RightMiddleIntermediate,0,3.003425E-08,-0.036665298,0,-0.03950489
0.501666665,2,RightMiddleDistal,0,3.003425E-08,-0.036665298,0,-0.03950489
0.501666665,2,RightRingProximal,0,3.003425E-08,-0.036665298,0,-0.03950489
0.501666665,2,RightRingIntermediate,0,3.003425E-08,-0.036665298,0,-0.03950489
0.501666665,2,RightRingDistal,0,3.003425E-08,-0.036665298,0,-0.03950489
0.501666665,2,RightLittleProximal,0,3.003425E-08,-0.036665298,0,-0.03950489
0.501666665,2,RightLittleIntermediate,0,3.003425E-08,-0.036665298,0,-0.03950489
0.501666665,2,RightLittleDistal,0,3.003425E-08,-0.036665298,0,-0.03950489
0.65,2,Hips,0,7.450581E-09,-0.036665298,0,-0.03950489
0.65,2,LeftUpperLeg,0,1.49011612E-08,-0.036665298,0,-0.03950489
0.65,2,RightUpperLeg,0,3.003425E-08,-0.036665298,0,-0.03950489
0.65,2,LeftLowerLeg,0,1.66600049E-08,-0.036665298,0,-0.03950489
0.65,2,RightLowerLeg,0,0,-0.036665298,0,-0.03950489
0.65,2,LeftFoot,0,2.686345E-08,-0.036665298,0,-0.03950489
0.65,2,RightFoot,0,0,-0.036665298,0,-0.03950489
0.65,2,Spine,0,2.98023224E-08,-0.036665298,0,-0.03950489
0.65,2,Chest,0,7.450581E-09,-0.036665298,0,-0.03950489
0.65,2,Neck,0,2.98023224E-08,-0.036665298,0,-0.03950489
0.65,2,Head,0,0,-0.036665298,0,-0.03950489
0.65,2,LeftShoulder,0,3.332001E-08,-0.036665298,0,-0.03950489
0.65,2,RightShoulder,0,1.11758709E-08,-0.036665298,0,-0.03950489
0.65,2,LeftUpperArm,0,0,-0.036665298,0,-0.03950489
0.65,2,RightUpperArm,0,2.60770321E-08,-0.036665298,0,-0.03950489
0.65,2,LeftLowerArm,0,0,-0.036665298,0,-0.03950489
0.65,2,RightLowerArm,0,3.7252903E-08,-0.036665298,0,-0.03950489
0.65,2,LeftHand,0,2.98023224E-08,-0.036665298,0,-0.03950489
0.65,2,RightHand,0,3.003425E-08,-0.036665298,0,-0.03950489
0.65,2,LeftToes,0,3.7252903E-08,-0.036665298,0,-0.03950489
0.65,2,RightToes,0,0,-0.036665298,0,-0.03950489
0.65,2,LeftThumbProximal,0,0,-0.036665298,0,-0.03950489
0.65,2,LeftThumbIntermediate,0,0,-0.036665298,0,-0.03950489
0.65,2,LeftThumbDistal,0,2.98023224E-08,-0.036665298,0,-0.03950489
0.65,2,LeftIndexProximal,0,2.98023224E-08,-0.036665298,0,-0.03950489
0.65,2,LeftIndexIntermediate,0,2.98023224E-08,-0.036665298,0,-0.03950489
0.65,2,LeftIndexDistal,0,2.98023224E-08,-0.036665298,0,-0.03950489
0.65,2,LeftMiddleProximal,0,2.98023224E-08,-0.036665298,0,-0.03950489
0.65,2,LeftMiddleIntermediate,0,3.332001E-08,-0.036665298,0,-0.03950489
0.65,2,LeftMiddleDistal,0,1.49011612E-08,-0.036665298,0,-0.03950489
0.65,2,LeftRingProximal,0,3.332001E-08,-0.036665298,0,-0.03950489
0.65,2,LeftRingIntermediate,0,3.332001E-08,-0.036665298,0,-0.03950489
0.65,2,LeftRingDistal,0,1.49011612E-08,-0.036665298,0,-0.03950489
0.65,2,LeftLittleProximal,0,3.332001E-08,-0.036665298,0,-0.03950489
0.65,2,LeftLittleIntermediate,0,1.49011612E-08,-0.036665298,0,-0.03950489
0.65,2,LeftLittleDistal,0,3.332001E-08,-0.036665298,0,-0.03950489
0.65,2,RightThumbProximal,0,2.98023224E-08,-0.036665298,0,-0.03950489
0.65,2,RightThumbIntermediate,0,4.21468478E-08,-0.036665298,0,-0.03950489
0.65,2,RightThumbDistal,0,2.98023224E-08,-0.036665298,0,-0.03950489
0.65,2,RightIndexProximal,0,4.21468478E-08,-0.036665298,0,-0.03950489
0.65,2,RightIndexIntermediate,0,2.98023224E-08,-0.036665298,0,-0.03950489
0.65,2,RightIndexDistal,0,2.98023224E-08,-0.036665298,0,-0.03950489
0.65,2,RightMiddleProximal,0,2.98023224E-08,-0.036665298,0,-0.03950489
0.65,2,RightMiddleIntermediate,0,2.98023224E-08,-0.036665298,0,-0.03950489
0.65,2,RightMiddleDistal,0,2.98023224E-08,-0.036665298,0,-0.03950489
0.65,2,RightRingProximal,0,2.98023224E-08,-0.036665298,0,-0.03950489
0.65,2,RightRingIntermediate,0,2.98023224E-08,-0.036665298,0,-0.03950489
0.65,2,RightRingDistal,0,2.98023224E-08,-0.036665298,0,-0.03950489
0.65,2,RightLittleProximal,0,6.664002E-08,-0.036665298,0,-0.03950489
0.65,2,RightLittleIntermediate,0,2.98023224E-08,-0.036665298,0,-0.03950489
0.65,2,RightLittleDistal,0,2.98023224E-08,-0.036665298,0,-0.03950489
0.799,2,Hips,0,0,-0.036665298,0,-0.03950489
0.799,2,LeftUpperLeg,0,4.21468478E-08,-0.036665298,0,-0.03950489
0.799,2,RightUpperLeg,0,1.49011612E-08,-0.036665298,0,-0.03950489
0.799,2,LeftLowerLeg,0,7.450581E-09,-0.036665298,0,-0.03950489
0.799,2,RightLowerLeg,0,3.7252903E-08,-0.036665298,0,-0.03950489
0.799,2,LeftFoot,0,1.66600049E-08,-0.036665298,0,-0.03950489
0.799,2,RightFoot,0,6.064333E-08,-0.036665298,0,-0.03950489
0.799,2,Spine,0,1.49011612E-08,-0.036665298,0,-0.03950489
0.799,2,Chest,0,3.071953E-08,-0.036665298,0,-0.03950489
0.799,2,Neck,0,3.332001E-08,-0.036665298,0,-0.03950489
0.799,2,Head,0,1.49011612E-08,-0.036665298,0,-0.03950489
0.799,2,LeftShoulder,0,1.49011612E-08,-0.036665298,0,-0.03950489
0.799,2,RightShoulder,0,7.450581E-09,-0.036665298,0,-0.03950489
0.799,2,LeftUpperArm,0,4.21468478E-08,-0.036665298,0,-0.03950489
0.799,2,RightUpperArm,0,3.332001E-08,-0.036665298,0,-0.03950489
0.799,2,LeftLowerArm,0,1.49011612E-08,-0.036665298,0,-0.03950489
0.799,2,RightLowerArm,0,3.071953E-08,-0.036665298,0,-0.03950489
0.799,2,LeftHand,0,7.450581E-09,-0.036665298,0,-0.03950489
0.799,2,RightHand,0,6.018391E-08,-0.036665298,0,-0.03950489
0.799,2,LeftToes,0,2.23517418E-08,-0.036665298,0,-0.03950489
0.799,2,RightToes,0,5.96046448E-08,-0.036665298,0,-0.03950489
0.799,2,LeftThumbProximal,0,7.450581E-09,-0.036665298,0,-0.03950489
0.799,2,LeftThumbIntermediate,0,7.450581E-09,-0.036665298,0,-0.03950489
0.799,2,LeftThumbDistal,0,7.450581E-09,-0.036665298,0,-0.03950489
0.799,2,LeftIndexProximal,0,7.450581E-09,-0.036665298,0,-0.03950489
0.799,2,LeftIndexIntermediate,0,7.450581E-09,-0.036665298,0,-0.03950489
0.799,2,LeftIndexDistal,0,1.66600049E-08,-0.036665298,0,-0.03950489
0.799,2,LeftMiddleProximal,0,7.450581E-09,-0.036665298,0,-0.03950489
0.799,2,LeftMiddleIntermediate,0,7.450581E-09,-0.036665298,0,-0.03950489
0.799,2,LeftMiddleDistal,0,1.66600049E-08,-0.036665298,0,-0.03950489
0.799,2,LeftRingProximal,0,7.450581E-09,-0.036665298,0,-0.03950489
0.799,2,LeftRingIntermediate,0,7.450581E-09,-0.036665298,0,-0.03950489
0.799,2,LeftRingDistal,0,1.66600049E-08,-0.036665298,0,-0.03950489
0.799,2,LeftLittleProximal,0,7.450581E-09,-0.036665298,0,-0.03950489
0.799,2,LeftLittleIntermediate,0,7.450581E-09,-0.036665298,0,-0.03950489
0.799,2,LeftLittleDistal,0,4.01226039E-08,-0.036665298,0,-0.03950489
0.799,2,RightThumbProximal,0,3.434548E-08,-0.036665298,0,-0.03950489
0.799,2,RightThumbIntermediate,0,3.434548E-08,-0.036665298,0,-0.03950489
0.799,2,RightThumbDistal,0,3.434548E-08,-0.036665298,0,-0.03950489
0.799,2,RightIndexProximal,0,3.434548E-08,-0.036665298,0,-0.03950489
0.799,2,RightIndexIntermediate,0,3.434548E-08,-0.036665298,0,-0.03950489
0.799,2,RightIndexDistal,0,3.434548E-08,-0.036665298,0,-0.03950489
0.799,2,RightMiddleProximal,0,8.33000247E-09,-0.036665298,0,-0.03950489
0.799,2,RightMiddleIntermediate,0,2.71205227E-08,-0.036665298,0,-0.03950489
0.799,2,RightMiddleDistal,0,8.33000247E-09,-0.036665298,0,-0.03950489
0.799,2,RightRingProximal,0,8.33000247E-09,-0.036665298,0,-0.03950489
0.799,2,RightRingIntermediate,0,2.71205227E-08,-0.036665298,0,-0.03950489
0.799,2,RightRingDistal,0,2.71205227E-08,-0.036665298,0,-0.03950489
0.799,2,RightLittleProximal,0,2.71205227E-08,-0.036665298,0,-0.03950489
0.799,2,RightLittleIntermediate,0,8.33000247E-09,-0.036665298,0,-0.03950489
0.799,2,RightLittleDistal,0,8.33000247E-09,-0.036665298,0,-0.03950489
0.88,3,Hips,0,5.97209464E-08,-0.08560105,0,-0.0355340764
0.88,3,LeftUpperLeg,0,6.00685E-08,-0.08560105,0,-0.0355340764
0.88,3,RightUpperLeg,0,4.712161E-08,-0.08560105,0,-0.0355340764
0.88,3,LeftLowerLeg,0,4.47034836E-08,-0.08560105,0,-0.0355340764
0.88,3,RightLowerLeg,0,6.00685E-08,-0.08560105,0,-0.0355340764
0.88,3,LeftFoot,0,2.10734239E-08,-0.08560105,0,-0.0355340764
0.88,3,RightFoot,0,6.365779E-08,-0.08560105,0,-0.0355340764
0.88,3,Spine,0,6.064333E-08,-0.08560105,0,-0.0355340764
0.88,3,Chest,0,1.11758709E-08,-0.08560105,0,-0.0355340764
0.88,3,Neck,0,4.48584352E-08,-0.08560105,0,-0.0355340764
0.88,3,Head,0,4.712161E-08,-0.08560105,0,-0.0355340764
0.88,3,LeftShoulder,0,4.53201139E-08,-0.08560105,0,-0.0355340764
0.88,3,RightShoulder,0,4.53201139E-08,-0.08560105,0,-0.0355340764
0.88,3,LeftUpperArm,0,2.98023224E-08,-0.08560105,0,-0.0355340764
0.88,3,RightUpperArm,0,6.00685E-08,-0.08560105,0,-0.0355340764
0.88,3,LeftLowerArm,0,1.49011612E-08,-0.08560105,0,-0.0355340764
0.88,3,RightLowerArm,0,6.664002E-08,-0.08560105,0,-0.0355340764
0.88,3,LeftHand,0,8.330002E-08,-0.08560105,0,-0.0355340764
0.88,3,RightHand,0,5.96046448E-08,-0.08560105,0,-0.0355340764
0.88,3,LeftToes,0,5.37269E-08,-0.08560105,0,-0.0355340764
0.88,3,RightToes,0,0,-0.08560105,0,-0.0355340764
0.88,3,LeftThumbProximal,0,8.330002E-08,-0.08560105,0,-0.0355340764
0.88,3,LeftThumbIntermediate,0,7.48774056E-08,-0.08560105,0,-0.0355340764
0.88,3,LeftThumbDistal,0,4.53201139E-08,-0.08560105,0,-0.0355340764
0.88,3,LeftIndexProximal,0,1.08482091E-07,-0.08560105,0,-0.0355340764
0.88,3,LeftIndexIntermediate,0,5.81908957E-08,-0.08560105,0,-0.0355340764
0.88,3,LeftIndexDistal,0,8.330002E-08,-0.08560105,0,-0.0355340764
0.88,3,LeftMiddleProximal,0,7.48774056E-08,-0.08560105,0,-0.0355340764
0.88,3,LeftMiddleIntermediate,0,8.330002E-08,-0.08560105,0,-0.0355340764
0.88,3,LeftMiddleDistal,0,5.81908957E-08,-0.08560105,0,-0.0355340764
0.88,3,LeftRingProximal,0,5.81908957E-08,-0.08560105,0,-0.0355340764
0.88,3,LeftRingIntermediate,0,4.53201139E-08,-0.08560105,0,-0.0355340764
0.88,3,LeftRingDistal,0,7.48774056E-08,-0.08560105,0,-0.0355340764
0.88,3,LeftLittleProximal,0,5.81908957E-08,-0.08560105,0,-0.0355340764
0.88,3,LeftLittleIntermediate,0,8.330002E-08,-0.08560105,0,-0.0355340764
0.88,3,LeftLittleDistal,0,5.81908957E-08,-0.08560105,0,-0.0355340764
0.88,3,RightThumbProximal,0,6.664002E-08,-0.08560105,0,-0.0355340764
0.88,3,RightThumbIntermediate,0,4.47034836E-08,-0.08560105,0,-0.0355340764
0.88,3,RightThumbDistal,0,2.98023224E-08,-0.08560105,0,-0.0355340764
0.88,3,RightIndexProximal,0,6.664002E-08,-0.08560105,0,-0.0355340764
0.88,3,RightIndexIntermediate,0,5.37269E-08,-0.08560105,0,-0.0355340764
0.88,3,RightIndexDistal,0,2.98023224E-08,-0.08560105,0,-0.0355340764
0.88,3,RightMiddleProximal,0,2.98023224E-08,-0.08560105,0,-0.0355340764
0.88,3,RightMiddleIntermediate,0,6.664002E-08,-0.08560105,0,-0.0355340764
0.88,3,RightMiddleDistal,0,2.98023224E-08,-0.08560105,0,-0.0355340764
0.88,3,RightRingProximal,0,4.47034836E-08,-0.08560105,0,-0.0355340764
0.88,3,RightRingIntermediate,0,4.47034836E-08,-0.08560105,0,-0.0355340764
0.88,3,RightRingDistal,0,4.47034836E-08,-0.08560105,0,-0.0355340764
0.88,3,RightLittleProximal,0,2.98023224E-08,-0.08560105,0,-0.0355340764
0.88,3,RightLittleIntermediate,0,2.98023224E-08,-0.08560105,0,-0.0355340764
0.88,3,RightLittleDistal,0,4.47034836E-08,-0.08560105,0,-0.0355340764
0.9508333,3,Hips,0,3.071953E-08,-0.08560105,0,-0.0355340764
0.9508333,3,LeftUpperLeg,0,3.18288933E-08,-0.08560105,0,-0.0355340764
0.9508333,3,RightUpperLeg,0,1.66600049E-08,-0.08560105,0,-0.0355340764
0.9508333,3,LeftLowerLeg,0,4.47034836E-08,-0.08560105,0,-0.0355340764
0.9508333,3,RightLowerLeg,0,3.7252903E-08,-0.08560105,0,-0.0355340764
0.9508333,3,LeftFoot,0,1.49011612E-08,-0.08560105,0,-0.0355340764
0.9508333,3,RightFoot,0,6.00685E-08,-0.08560105,0,-0.0355340764
0.9508333,3,Spine,0,4.53201139E-08,-0.08560105,0,-0.0355340764
0.9508333,3,Chest,0,3.071953E-08,-0.08560105,0,-0.0355340764
0.9508333,3,Neck,0,3.332001E-08,-0.08560105,0,-0.0355340764
0.9508333,3,Head,0,4.53201139E-08,-0.08560105,0,-0.0355340764
0.9508333,3,LeftShoulder,0,4.712161E-08,-0.08560105,0,-0.0355340764
0.9508333,3,RightShoulder,0,3.071953E-08,-0.08560105,0,-0.0355340764
0.9508333,3,LeftUpperArm,0,2.98023224E-08,-0.08560105,0,-0.0355340764
0.9508333,3,RightUpperArm,0,3.071953E-08,-0.08560105,0,-0.0355340764
0.9508333,3,LeftLowerArm,0,5.96046448E-08,-0.08560105,0,-0.0355340764
0.9508333,3,RightLowerArm,0,4.47034836E-08,-0.08560105,0,-0.0355340764
0.9508333,3,LeftHand,0,2.98023224E-08,-0.08560105,0,-0.0355340764
0.9508333,3,RightHand,0,6.00685E-08,-0.08560105,0,-0.0355340764
0.9508333,3,LeftToes,0,1.04308128E-07,-0.08560105,0,-0.0355340764
0.9508333,3,RightToes,0,1.49011612E-08,-0.08560105,0,-0.0355340764
0.9508333,3,LeftThumbProximal,0,2.98023224E-08,-0.08560105,0,-0.0355340764
0.9508333,3,LeftThumbIntermediate,0,5.96046448E-08,-0.08560105,0,-0.0355340764
0.9508333,3,LeftThumbDistal,0,5.37269E-08,-0.08560105,0,-0.0355340764
0.9508333,3,LeftIndexProximal,0,5.96046448E-08,-0.08560105,0,-0.0355340764
0.9508333,3,LeftIndexIntermediate,0,4.47034836E-08,-0.08560105,0,-0.0355340764
0.9508333,3,LeftIndexDistal,0,4.21468478E-08,-0.08560105,0,-0.0355340764
0.9508333,3,LeftMiddleProximal,0,4.47034836E-08,-0.08560105,0,-0.0355340764
0.9508333,3,LeftMiddleIntermediate,0,4.47034836E-08,-0.08560105,0,-0.0355340764
0.9508333,3,LeftMiddleDistal,0,2.98023224E-08,-0.08560105,0,-0.0355340764
0.9508333,3,LeftRingProximal,0,1.49011612E-08,-0.08560105,0,-0.0355340764
0.9508333,3,LeftRingIntermediate,0,1.49011612E-08,-0.08560105,0,-0.0355340764
0.9508333,3,LeftRingDistal,0,4.47034836E-08,-0.08560105,0,-0.0355340764
0.9508333,3,LeftLittleProximal,0,2.98023224E-08,-0.08560105,0,-0.0355340764
0.9508333,3,LeftLittleIntermediate,0,2.98023224E-08,-0.08560105,0,-0.0355340764
0.9508333,3,LeftLittleDistal,0,1.49011612E-08,-0.08560105,0,-0.0355340764
0.9508333,3,RightThumbProximal,0,3.071953E-08,-0.08560105,0,-0.0355340764
0.9508333,3,RightThumbIntermediate,0,4.53201139E-08,-0.08560105,0,-0.0355340764
0.9508333,3,RightThumbDistal,0,3.071953E-08,-0.08560105,0,-0.0355340764
0.9508333,3,RightIndexProximal,0,3.071953E-08,-0.08560105,0,-0.0355340764
0.9508333,3,RightIndexIntermediate,0,3.071953E-08,-0.08560105,0,-0.0355340764
0.9508333,3,RightIndexDistal,0,3.071953E-08,-0.08560105,0,-0.0355340764
0.9508333,3,RightMiddleProximal,0,3.071953E-08,-0.08560105,0,-0.0355340764
0.9508333,3,RightMiddleIntermediate,0,3.071953E-08,-0.08560105,0,-0.0355340764
0.9508333,3,RightMiddleDistal,0,3.071953E-08,-0.08560105,0,-0.0355340764
0.9508333,3,RightRingProximal,0,3.071953E-08,-0.08560105,0,-0.0355340764
0.9508333,3,RightRingIntermediate,0,3.071953E-08,-0.08560105,0,-0.0355340764
0.9508333,3,RightRingDistal,0,3.071953E-08,-0.08560105,0,-0.0355340764
0.9508333,3,RightLittleProximal,0,3.071953E-08,-0.08560105,0,-0.0355340764
0.9508333,3,RightLittleIntermediate,0,3.071953E-08,-0.08560105,0,-0.0355340764
0.9508333,3,RightLittleDistal,0,3.071953E-08,-0.08560105,0,-0.0355340764
1.12,3,Hips,0,3.071953E-08,-0.08560105,0,-0.0355340764
1.12,3,LeftUpperLeg,0,6.143906E-08,-0.08560105,0,-0.0355340764
1.12,3,RightUpperLeg,0,4.53201139E-08,-0.08560105,0,-0.0355340764
1.12,3,LeftLowerLeg,0,2.10734239E-08,-0.08560105,0,-0.0355340764
1.12,3,RightLowerLeg,0,6.143906E-08,-0.08560105,0,-0.0355340764
1.12,3,LeftFoot,0,1.49011612E-08,-0.08560105,0,-0.0355340764
1.12,3,RightFoot,0,1.49011612E-08,-0.08560105,0,-0.0355340764
1.12,3,Spine,0,2.98023224E-08,-0.08560105,0,-0.0355340764
1.12,3,Chest,0,1.49011612E-08,-0.08560105,0,-0.0355340764
1.12,3,Neck,0,4.53201139E-08,-0.08560105,0,-0.0355340764
1.12,3,Head,0,1.66600049E-08,-0.08560105,0,-0.0355340764
1.12,3,LeftShoulder,0,3.071953E-08,-0.08560105,0,-0.0355340764
1.12,3,RightShoulder,0,4.712161E-08,-0.08560105,0,-0.0355340764
1.12,3,LeftUpperArm,0,3.071953E-08,-0.08560105,0,-0.0355340764
1.12,3,RightUpperArm,0,2.686345E-08,-0.08560105,0,-0.0355340764
1.12,3,LeftLowerArm,0,4.21468478E-08,-0.08560105,0,-0.0355340764
1.12,3,RightLowerArm,0,4.53201139E-08,-0.08560105,0,-0.0355340764
1.12,3,LeftHand,0,6.143906E-08,-0.08560105,0,-0.0355340764
1.12,3,RightHand,0,7.4505806E-08,-0.08560105,0,-0.0355340764
1.12,3,LeftToes,0,1.04308128E-07,-0.08560105,0,-0.0355340764
1.12,3,RightToes,0,1.49011612E-08,-0.08560105,0,-0.0355340764
1.12,3,LeftThumbProximal,0,2.98023224E-08,-0.08560105,0,-0.0355340764
1.12,3,LeftThumbIntermediate,0,6.143906E-08,-0.08560105,0,-0.0355340764
1.12,3,LeftThumbDistal,0,2.98023224E-08,-0.08560105,0,-0.0355340764
1.12,3,LeftIndexProximal,0,3.332001E-08,-0.08560105,0,-0.0355340764
1.12,3,LeftIndexIntermediate,0,4.21468478E-08,-0.08560105,0,-0.0355340764
1.12,3,LeftIndexDistal,0,4.21468478E-08,-0.08560105,0,-0.0355340764
1.12,3,LeftMiddleProximal,0,0,-0.08560105,0,-0.0355340764
1.12,3,LeftMiddleIntermediate,0,2.98023224E-08,-0.08560105,0,-0.0355340764
1.12,3,LeftMiddleDistal,0,2.98023224E-08,-0.08560105,0,-0.0355340764
1.12,3,LeftRingProximal,0,2.98023224E-08,-0.08560105,0,-0.0355340764
1.12,3,LeftRingIntermediate,0,0,-0.08560105,0,-0.0355340764
1.12,3,LeftRingDistal,0,2.98023224E-08,-0.08560105,0,-0.0355340764
1.12,3,LeftLittleProximal,0,6.664002E-08,-0.08560105,0,-0.0355340764
1.12,3,LeftLittleIntermediate,0,4.47034836E-08,-0.08560105,0,-0.0355340764
1.12,3,LeftLittleDistal,0,4.47034836E-08,-0.08560105,0,-0.0355340764
1.12,3,RightThumbProximal,0,1.49011612E-08,-0.08560105,0,-0.0355340764
1.12,3,RightThumbIntermediate,0,4.47034836E-08,-0.08560105,0,-0.0355340764
1.12,3,RightThumbDistal,0,8.024521E-08,-0.08560105,0,-0.0355340764
1.12,3,RightIndexProximal,0,3.332001E-08,-0.08560105,0,-0.0355340764
1.12,3,RightIndexIntermediate,0,3.332001E-08,-0.08560105,0,-0.0355340764
1.12,3,RightIndexDistal,0,1.49011612E-08,-0.08560105,0,-0.0355340764
1.12,3,RightMiddleProximal,0,3.332001E-08,-0.08560105,0,-0.0355340764
1.12,3,RightMiddleIntermediate,0,3.332001E-08,-0.08560105,0,-0.0355340764
1.12,3,RightMiddleDistal,0,1.49011612E-08,-0.08560105,0,-0.0355340764
1.12,3,RightRingProximal,0,3.332001E-08,-0.08560105,0,-0.0355340764
1.12,3,RightRingIntermediate,0,3.332001E-08,-0.08560105,0,-0.0355340764
1.12,3,RightRingDistal,0,7.4505806E-08,-0.08560105,0,-0.0355340764
1.12,3,RightLittleProximal,0,3.332001E-08,-0.08560105,0,-0.0355340764
1.12,3,RightLittleIntermediate,0,3.332001E-08,-0.08560105,0,-0.0355340764
1.12,3,RightLittleDistal,0,1.49011612E-08,-0.08560105,0,-0.0355340764
1.3,3,Hips,0,3.071953E-08,-0.08560105,0,-0.0355340764
1.3,3,LeftUpperLeg,0,4.712161E-08,-0.08560105,0,-0.0355340764
1.3,3,RightUpperLeg,0,4.53201139E-08,-0.08560105,0,-0.0355340764
1.3,3,LeftLowerLeg,0,3.332001E-08,-0.08560105,0,-0.0355340764
1.3,3,RightLowerLeg,0,6.365779E-08,-0.08560105,0,-0.0355340764
1.3,3,LeftFoot,0,1.49011612E-08,-0.08560105,0,-0.0355340764
1.3,3,RightFoot,0,6.00685E-08,-0.08560105,0,-0.0355340764
1.3,3,Spine,0,3.071953E-08,-0.08560105,0,-0.0355340764
1.3,3,Chest,0,3.071953E-08,-0.08560105,0,-0.0355340764
1.3,3,Neck,0,1.86264515E-08,-0.08560105,0,-0.0355340764
1.3,3,Head,0,4.47034836E-08,-0.08560105,0,-0.0355340764
1.3,3,LeftShoulder,0,4.60792968E-08,-0.08560105,0,-0.0355340764
1.3,3,RightShoulder,0,6.00685E-08,-0.08560105,0,-0.0355340764
1.3,3,LeftUpperArm,0,5.96046448E-08,-0.08560105,0,-0.0355340764
1.3,3,RightUpperArm,0,4.53201139E-08,-0.08560105,0,-0.0355340764
1.3,3,LeftLowerArm,0,2.98023224E-08,-0.08560105,0,-0.0355340764
1.3,3,RightLowerArm,0,4.53201139E-08,-0.08560105,0,-0.0355340764
1.3,3,LeftHand,0,4.47034836E-08,-0.08560105,0,-0.0355340764
1.3,3,RightHand,0,5.81908957E-08,-0.08560105,0,-0.0355340764
1.3,3,LeftToes,0,5.37269E-08,-0.08560105,0,-0.0355340764
1.3,3,RightToes,0,0,-0.08560105,0,-0.0355340764
1.3,3,LeftThumbProximal,0,4.47034836E-08,-0.08560105,0,-0.0355340764
1.3,3,LeftThumbIntermediate,0,4.47034836E-08,-0.08560105,0,-0.0355340764
1.3,3,LeftThumbDistal,0,5.37269E-08,-0.08560105,0,-0.0355340764
1.3,3,LeftIndexProximal,0,5.37269E-08,-0.08560105,0,-0.0355340764
1.3,3,LeftIndexIntermediate,0,5.37269E-08,-0.08560105,0,-0.0355340764
1.3,3,LeftIndexDistal,0,5.37269E-08,-0.08560105,0,-0.0355340764
1.3,3,LeftMiddleProximal,0,4.47034836E-08,-0.08560105,0,-0.0355340764
1.3,3,LeftMiddleIntermediate,0,5.37269E-08,-0.08560105,0,-0.0355340764
1.3,3,LeftMiddleDistal,0,4.47034836E-08,-0.08560105,0,-0.0355340764
1.3,3,LeftRingProximal,0,5.37269E-08,-0.08560105,0,-0.0355340764
1.3,3,LeftRingIntermediate,0,5.37269E-08,-0.08560105,0,-0.0355340764
1.3,3,LeftRingDistal,0,4.47034836E-08,-0.08560105,0,-0.0355340764
1.3,3,LeftLittleProximal,0,4.21468478E-08,-0.08560105,0,-0.0355340764
1.3,3,LeftLittleIntermediate,0,5.37269E-08,-0.08560105,0,-0.0355340764
1.3,3,LeftLittleDistal,0,5.96046448E-08,-0.08560105,0,-0.0355340764
1.3,3,RightThumbProximal,0,8.330002E-08,-0.08560105,0,-0.0355340764
1.3,3,RightThumbIntermediate,0,4.9980013E-08,-0.08560105,0,-0.0355340764
1.3,3,RightThumbDistal,0,1.66600049E-08,-0.08560105,0,-0.0355340764
1.3,3,RightIndexProximal,0,4.47034836E-08,-0.08560105,0,-0.0355340764
1.3,3,RightIndexIntermediate,0,2.10734239E-08,-0.08560105,0,-0.0355340764
1.3,3,RightIndexDistal,0,2.686345E-08,-0.08560105,0,-0.0355340764
1.3,3,RightMiddleProximal,0,1.08482091E-07,-0.08560105,0,-0.0355340764
1.3,3,RightMiddleIntermediate,0,2.10734239E-08,-0.08560105,0,-0.0355340764
1.3,3,RightMiddleDistal,0,7.4505806E-08,-0.08560105,0,-0.0355340764
1.3,3,RightRingProximal,0,1.08482091E-07,-0.08560105,0,-0.0355340764
1.3,3,RightRingIntermediate,0,1.05367121E-07,-0.08560105,0,-0.0355340764
1.3,3,RightRingDistal,0,1.04308128E-07,-0.08560105,0,-0.0355340764
1.3,3,RightLittleProximal,0,1.08482091E-07,-0.08560105,0,-0.0355340764
1.3,3,RightLittleIntermediate,0,1.08482091E-07,-0.08560105,0,-0.0355340764
1.3,3,RightLittleDistal,0,1.08482091E-07,-0.08560105,0,-0.0355340764
1.5,3,Hips,0,9.313226E-09,-0.08560105,0,-0.0355340764
1.5,3,LeftUpperLeg,0,3.071953E-08,-0.08560105,0,-0.0355340764
1.5,3,RightUpperLeg,0,3.7252903E-08,-0.08560105,0,-0.0355340764
1.5,3,LeftLowerLeg,0,1.49011612E-08,-0.08560105,0,-0.0355340764
1.5,3,RightLowerLeg,0,3.332001E-08,-0.08560105,0,-0.0355340764
1.5,3,LeftFoot,0,4.21468478E-08,-0.08560105,0,-0.0355340764
1.5,3,RightFoot,0,6.00685E-08,-0.08560105,0,-0.0355340764
1.5,3,Spine,0,7.450581E-09,-0.08560105,0,-0.0355340764
1.5,3,Chest,0,6.00685E-08,-0.08560105,0,-0.0355340764
1.5,3,Neck,0,3.332001E-08,-0.08560105,0,-0.0355340764
1.5,3,Head,0,1.86264515E-08,-0.08560105,0,-0.0355340764
1.5,3,LeftShoulder,0,6.00685E-08,-0.08560105,0,-0.0355340764
1.5,3,RightShoulder,0,3.071953E-08,-0.08560105,0,-0.0355340764
1.5,3,LeftUpperArm,0,2.10734239E-08,-0.08560105,0,-0.0355340764
1.5,3,RightUpperArm,0,4.53201139E-08,-0.08560105,0,-0.0355340764
1.5,3,LeftLowerArm,0,4.47034836E-08,-0.08560105,0,-0.0355340764
1.5,3,RightLowerArm,0,4.21468478E-08,-0.08560105,0,-0.0355340764
1.5,3,LeftHand,0,4.47034836E-08,-0.08560105,0,-0.0355340764
1.5,3,RightHand,0,1.66600049E-08,-0.08560105,0,-0.0355340764
1.5,3,LeftToes,0,1.08482091E-07,-0.08560105,0,-0.0355340764
1.5,3,RightToes,0,7.450581E-09,-0.08560105,0,-0.0355340764
1.5,3,LeftThumbProximal,0,4.47034836E-08,-0.08560105,0,-0.0355340764
1.5,3,LeftThumbIntermediate,0,4.712161E-08,-0.08560105,0,-0.0355340764
1.5,3,LeftThumbDistal,0,4.47034836E-08,-0.08560105,0,-0.0355340764
1.5,3,LeftIndexProximal,0,4.712161E-08,-0.08560105,0,-0.0355340764
1.5,3,LeftIndexIntermediate,0,2.10734239E-08,-0.08560105,0,-0.0355340764
1.5,3,LeftIndexDistal,0,4.47034836E-08,-0.08560105,0,-0.0355340764
1.5,3,LeftMiddleProximal,0,1.49011612E-08,-0.08560105,0,-0.0355340764
1.5,3,LeftMiddleIntermediate,0,4.47034836E-08,-0.08560105,0,-0.0355340764
1.5,3,LeftMiddleDistal,0,4.47034836E-08,-0.08560105,0,-0.0355340764
1.5,3,LeftRingProximal,0,8.688795E-08,-0.08560105,0,-0.0355340764
1.5,3,LeftRingIntermediate,0,1.08482091E-07,-0.08560105,0,-0.0355340764
1.5,3,LeftRingDistal,0,1.49011612E-08,-0.08560105,0,-0.0355340764
1.5,3,LeftLittleProximal,0,4.712161E-08,-0.08560105,0,-0.0355340764
1.5,3,LeftLittleIntermediate,0,4.712161E-08,-0.08560105,0,-0.0355340764
1.5,3,LeftLittleDistal,0,4.712161E-08,-0.08560105,0,-0.0355340764
1.5,3,RightThumbProximal,0,1.66600049E-08,-0.08560105,0,-0.0355340764
1.5,3,RightThumbIntermediate,0,1.66600049E-08,-0.08560105,0,-0.0355340764
1.5,3,RightThumbDistal,0,3.071953E-08,-0.08560105,0,-0.0355340764
1.5,3,RightIndexProximal,0,3.071953E-08,-0.08560105,0,-0.0355340764
1.5,3,RightIndexIntermediate,0,3.071953E-08,-0.08560105,0,-0.0355340764
1.5,3,RightIndexDistal,0,3.7252903E-08,-0.08560105,0,-0.0355340764
1.5,3,RightMiddleProximal,0,3.071953E-08,-0.08560105,0,-0.0355340764
1.5,3,RightMiddleIntermediate,0,3.071953E-08,-0.08560105,0,-0.0355340764
1.5,3,RightMiddleDistal,0,4.53201139E-08,-0.08560105,0,-0.0355340764
1.5,3,RightRingProximal,0,4.9980013E-08,-0.08560105,0,-0.0355340764
1.5,3,RightRingIntermediate,0,3.7252903E-08,-0.08560105,0,-0.0355340764
1.5,3,RightRingDistal,0,1.66600049E-08,-0.08560105,0,-0.0355340764
1.5,3,RightLittleProximal,0,1.66600049E-08,-0.08560105,0,-0.0355340764
1.5,3,RightLittleIntermediate,0,3.071953E-08,-0.08560105,0,-0.0355340764
1.5,3,RightLittleDistal,0,2.686345E-08,-0.08560105,0,-0.0355340764
1.65,3,Hips,0,2.98023224E-08,-0.08560105,0,-0.0355340764
1.65,3,LeftUpperLeg,0,4.712161E-08,-0.08560105,0,-0.0355340764
1.65,3,RightUpperLeg,0,3.15139523E-08,-0.08560105,0,-0.0355340764
1.65,3,LeftLowerLeg,0,0,-0.08560105,0,-0.0355340764
1.65,3,RightLowerLeg,0,6.143906E-08,-0.08560105,0,-0.0355340764
1.65,3,LeftFoot,0,3.332001E-08,-0.08560105,0,-0.0355340764
1.65,3,RightFoot,0,6.00685E-08,-0.08560105,0,-0.0355340764
1.65,3,Spine,0,6.00685E-08,-0.08560105,0,-0.0355340764
1.65,3,Chest,0,6.00685E-08,-0.08560105,0,-0.0355340764
1.65,3,Neck,0,1.49011612E-08,-0.08560105,0,-0.0355340764
1.65,3,Head,0,1.66600049E-08,-0.08560105,0,-0.0355340764
1.65,3,LeftShoulder,0,3.071953E-08,-0.08560105,0,-0.0355340764
1.65,3,RightShoulder,0,6.00685E-08,-0.08560105,0,-0.0355340764
1.65,3,LeftUpperArm,0,2.98023224E-08,-0.08560105,0,-0.0355340764
1.65,3,RightUpperArm,0,3.071953E-08,-0.08560105,0,-0.0355340764
1.65,3,LeftLowerArm,0,2.98023224E-08,-0.08560105,0,-0.0355340764
1.65,3,RightLowerArm,0,4.47034836E-08,-0.08560105,0,-0.0355340764
1.65,3,LeftHand,0,5.37269E-08,-0.08560105,0,-0.0355340764
1.65,3,RightHand,0,4.77069939E-08,-0.08560105,0,-0.0355340764
1.65,3,LeftToes,0,5.37269E-08,-0.08560105,0,-0.0355340764
1.65,3,RightToes,0,6.143906E-08,-0.08560105,0,-0.0355340764
1.65,3,LeftThumbProximal,0,1.08482091E-07,-0.08560105,0,-0.0355340764
1.65,3,LeftThumbIntermediate,0,4.712161E-08,-0.08560105,0,-0.0355340764
1.65,3,LeftThumbDistal,0,8.024521E-08,-0.08560105,0,-0.0355340764
1.65,3,LeftIndexProximal,0,4.47034836E-08,-0.08560105,0,-0.0355340764
1.65,3,LeftIndexIntermediate,0,1.08482091E-07,-0.08560105,0,-0.0355340764
1.65,3,LeftIndexDistal,0,1.08482091E-07,-0.08560105,0,-0.0355340764
1.65,3,LeftMiddleProximal,0,1.08482091E-07,-0.08560105,0,-0.0355340764
1.65,3,LeftMiddleIntermediate,0,5.37269E-08,-0.08560105,0,-0.0355340764
1.65,3,LeftMiddleDistal,0,5.37269E-08,-0.08560105,0,-0.0355340764
1.65,3,LeftRingProximal,0,1.08482091E-07,-0.08560105,0,-0.0355340764
1.65,3,LeftRingIntermediate,0,8.024521E-08,-0.08560105,0,-0.0355340764
1.65,3,LeftRingDistal,0,5.37269E-08,-0.08560105,0,-0.0355340764
1.65,3,LeftLittleProximal,0,4.47034836E-08,-0.08560105,0,-0.0355340764
1.65,3,LeftLittleIntermediate,0,5.81908957E-08,-0.08560105,0,-0.0355340764
1.65,3,LeftLittleDistal,0,5.37269E-08,-0.08560105,0,-0.0355340764
1.65,3,RightThumbProximal,0,5.81908957E-08,-0.08560105,0,-0.0355340764
1.65,3,RightThumbIntermediate,0,4.53201139E-08,-0.08560105,0,-0.0355340764
1.65,3,RightThumbDistal,0,3.071953E-08,-0.08560105,0,-0.0355340764
1.65,3,RightIndexProximal,0,4.53201139E-08,-0.08560105,0,-0.0355340764
1.65,3,RightIndexIntermediate,0,3.7252903E-08,-0.08560105,0,-0.0355340764
1.65,3,RightIndexDistal,0,4.9980013E-08,-0.08560105,0,-0.0355340764
1.65,3,RightMiddleProximal,0,4.53201139E-08,-0.08560105,0,-0.0355340764
1.65,3,RightMiddleIntermediate,0,4.77069939E-08,-0.08560105,0,-0.0355340764
1.65,3,RightMiddleDistal,0,4.53201139E-08,-0.08560105,0,-0.0355340764
1.65,3,RightRingProximal,0,2.686345E-08,-0.08560105,0,-0.0355340764
1.65,3,RightRingIntermediate,0,2.686345E-08,-0.08560105,0,-0.0355340764
1.65,3,RightRingDistal,0,4.53201139E-08,-0.08560105,0,-0.0355340764
1.65,3,RightLittleProximal,0,4.9980013E-08,-0.08560105,0,-0.0355340764
1.65,3,RightLittleIntermediate,0,2.686345E-08,-0.08560105,0,-0.0355340764
1.65,3,RightLittleDistal,0,4.9980013E-08,-0.08560105,0,-0.0355340764
1.79166687,3,Hips,0,5.96046448E-08,-0.08560105,0,-0.0355340764
1.79166687,3,LeftUpperLeg,0,4.47034836E-08,-0.08560105,0,-0.0355340764
1.79166687,3,RightUpperLeg,0,3.2529698E-08,-0.08560105,0,-0.0355340764
1.79166687,3,LeftLowerLeg,0,4.47034836E-08,-0.08560105,0,-0.0355340764
1.79166687,3,RightLowerLeg,0,6.064333E-08,-0.08560105,0,-0.0355340764
1.79166687,3,LeftFoot,0,1.49011612E-08,-0.08560105,0,-0.0355340764
1.79166687,3,RightFoot,0,7.450581E-09,-0.08560105,0,-0.0355340764
1.79166687,3,Spine,0,7.450581E-09,-0.08560105,0,-0.0355340764
1.79166687,3,Chest,0,5.96046448E-08,-0.08560105,0,-0.0355340764
1.79166687,3,Neck,0,3.332001E-08,-0.08560105,0,-0.0355340764
1.79166687,3,Head,0,3.332001E-08,-0.08560105,0,-0.0355340764
1.79166687,3,LeftShoulder,0,0,-0.08560105,0,-0.0355340764
1.79166687,3,RightShoulder,0,6.00685E-08,-0.08560105,0,-0.0355340764
1.79166687,3,LeftUpperArm,0,4.47034836E-08,-0.08560105,0,-0.0355340764
1.79166687,3,RightUpperArm,0,6.143906E-08,-0.08560105,0,-0.0355340764
1.79166687,3,LeftLowerArm,0,2.10734239E-08,-0.08560105,0,-0.0355340764
1.79166687,3,RightLowerArm,0,1.49011612E-08,-0.08560105,0,-0.0355340764
1.79166687,3,LeftHand,0,1.08482091E-07,-0.08560105,0,-0.0355340764
1.79166687,3,RightHand,0,4.53201139E-08,-0.08560105,0,-0.0355340764
1.79166687,3,LeftToes,0,4.47034836E-08,-0.08560105,0,-0.0355340764
1.79166687,3,RightToes,0,0,-0.08560105,0,-0.0355340764
1.79166687,3,LeftThumbProximal,0,1.08482091E-07,-0.08560105,0,-0.0355340764
1.79166687,3,LeftThumbIntermediate,0,7.48774056E-08,-0.08560105,0,-0.0355340764
1.79166687,3,LeftThumbDistal,0,4.53201139E-08,-0.08560105,0,-0.0355340764
1.79166687,3,LeftIndexProximal,0,7.48774056E-08,-0.08560105,0,-0.0355340764
1.79166687,3,LeftIndexIntermediate,0,7.48774056E-08,-0.08560105,0,-0.0355340764
1.79166687,3,LeftIndexDistal,0,8.330002E-08,-0.08560105,0,-0.0355340764
1.79166687,3,LeftMiddleProximal,0,2.686345E-08,-0.08560105,0,-0.0355340764
1.79166687,3,LeftMiddleIntermediate,0,5.81908957E-08,-0.08560105,0,-0.0355340764
1.79166687,3,LeftMiddleDistal,0,8.330002E-08,-0.08560105,0,-0.0355340764
1.79166687,3,LeftRingProximal,0,2.686345E-08,-0.08560105,0,-0.0355340764
1.79166687,3,LeftRingIntermediate,0,5.81908957E-08,-0.08560105,0,-0.0355340764
1.79166687,3,LeftRingDistal,0,8.330002E-08,-0.08560105,0,-0.0355340764
1.79166687,3,LeftLittleProximal,0,2.686345E-08,-0.08560105,0,-0.0355340764
1.79166687,3,LeftLittleIntermediate,0,1.66600049E-08,-0.08560105,0,-0.0355340764
1.79166687,3,LeftLittleDistal,0,4.9980013E-08,-0.08560105,0,-0.0355340764
1.79166687,3,RightThumbProximal,0,4.53201139E-08,-0.08560105,0,-0.0355340764
1.79166687,3,RightThumbIntermediate,0,4.53201139E-08,-0.08560105,0,-0.0355340764
1.79166687,3,RightThumbDistal,0,4.53201139E-08,-0.08560105,0,-0.0355340764
1.79166687,3,RightIndexProximal,0,1.66600049E-08,-0.08560105,0,-0.0355340764
1.79166687,3,RightIndexIntermediate,0,1.66600049E-08,-0.08560105,0,-0.0355340764
1.79166687,3,RightIndexDistal,0,4.712161E-08,-0.08560105,0,-0.0355340764
1.79166687,3,RightMiddleProximal,0,4.53201139E-08,-0.08560105,0,-0.0355340764
1.79166687,3,RightMiddleIntermediate,0,3.332001E-08,-0.08560105,0,-0.0355340764
1.79166687,3,RightMiddleDistal,0,5.81908957E-08,-0.08560105,0,-0.0355340764
1.79166687,3,RightRingProximal,0,4.77069939E-08,-0.08560105,0,-0.0355340764
1.79166687,3,RightRingIntermediate,0,4.53201139E-08,-0.08560105,0,-0.0355340764
1.79166687,3,RightRingDistal,0,3.332001E-08,-0.08560105,0,-0.0355340764
1.79166687,3,RightLittleProximal,0,3.071953E-08,-0.08560105,0,-0.0355340764
1.79166687,3,RightLittleIntermediate,0,4.53201139E-08,-0.08560105,0,-0.0355340764
1.79166687,3,RightLittleDistal,0,4.53201139E-08,-0.08560105,0,-0.0355340764
1.81666684,3,Hips,0,2.98023224E-08,-0.08560105,0,-0.0355340764
1.81666684,3,LeftUpperLeg,0,4.47034836E-08,-0.08560105,0,-0.0355340764
1.81666684,3,RightUpperLeg,0,3.18288933E-08,-0.08560105,0,-0.0355340764
1.81666684,3,LeftLowerLeg,0,6.143906E-08,-0.08560105,0,-0.0355340764
1.81666684,3,RightLowerLeg,0,3.332001E-08,-0.08560105,0,-0.0355340764
1.81666684,3,LeftFoot,0,1.49011612E-08,-0.08560105,0,-0.0355340764
1.81666684,3,RightFoot,0,7.450581E-09,-0.08560105,0,-0.0355340764
1.81666684,3,Spine,0,6.143906E-08,-0.08560105,0,-0.0355340764
1.81666684,3,Chest,0,5.96046448E-08,-0.08560105,0,-0.0355340764
1.81666684,3,Neck,0,6.00685E-08,-0.08560105,0,-0.0355340764
1.81666684,3,Head,0,4.60792968E-08,-0.08560105,0,-0.0355340764
1.81666684,3,LeftShoulder,0,3.071953E-08,-0.08560105,0,-0.0355340764
1.81666684,3,RightShoulder,0,6.00685E-08,-0.08560105,0,-0.0355340764
1.81666684,3,LeftUpperArm,0,2.98023224E-08,-0.08560105,0,-0.0355340764
1.81666684,3,RightUpperArm,0,1.49011612E-08,-0.08560105,0,-0.0355340764
1.81666684,3,LeftLowerArm,0,2.10734239E-08,-0.08560105,0,-0.0355340764
1.81666684,3,RightLowerArm,0,1.49011612E-08,-0.08560105,0,-0.0355340764
1.81666684,3,LeftHand,0,5.81908957E-08,-0.08560105,0,-0.0355340764
1.81666684,3,RightHand,0,1.66600049E-08,-0.08560105,0,-0.0355340764
1.81666684,3,LeftToes,0,4.47034836E-08,-0.08560105,0,-0.0355340764
1.81666684,3,RightToes,0,5.96046448E-08,-0.08560105,0,-0.0355340764
1.81666684,3,LeftThumbProximal,0,8.330002E-08,-0.08560105,0,-0.0355340764
1.81666684,3,LeftThumbIntermediate,0,4.53201139E-08,-0.08560105,0,-0.0355340764
1.81666684,3,LeftThumbDistal,0,5.81908957E-08,-0.08560105,0,-0.0355340764
1.81666684,3,LeftIndexProximal,0,5.81908957E-08,-0.08560105,0,-0.0355340764
1.81666684,3,LeftIndexIntermediate,0,5.81908957E-08,-0.08560105,0,-0.0355340764
1.81666684,3,LeftIndexDistal,0,8.330002E-08,-0.08560105,0,-0.0355340764
1.81666684,3,LeftMiddleProximal,0,4.9980013E-08,-0.08560105,0,-0.0355340764
1.81666684,3,LeftMiddleIntermediate,0,8.330002E-08,-0.08560105,0,-0.0355340764
1.81666684,3,LeftMiddleDistal,0,8.330002E-08,-0.08560105,0,-0.0355340764
1.81666684,3,LeftRingProximal,0,1.66600049E-08,-0.08560105,0,-0.0355340764
1.81666684,3,LeftRingIntermediate,0,8.330002E-08,-0.08560105,0,-0.0355340764
1.81666684,3,LeftRingDistal,0,5.81908957E-08,-0.08560105,0,-0.0355340764
1.81666684,3,LeftLittleProximal,0,1.66600049E-08,-0.08560105,0,-0.0355340764
1.81666684,3,LeftLittleIntermediate,0,4.53201139E-08,-0.08560105,0,-0.0355340764
1.81666684,3,LeftLittleDistal,0,1.66600049E-08,-0.08560105,0,-0.0355340764
1.81666684,3,RightThumbProximal,0,4.53201139E-08,-0.08560105,0,-0.0355340764
1.81666684,3,RightThumbIntermediate,0,4.47034836E-08,-0.08560105,0,-0.0355340764
1.81666684,3,RightThumbDistal,0,4.53201139E-08,-0.08560105,0,-0.0355340764
1.81666684,3,RightIndexProximal,0,1.66600049E-08,-0.08560105,0,-0.0355340764
1.81666684,3,RightIndexIntermediate,0,1.49011612E-08,-0.08560105,0,-0.0355340764
1.81666684,3,RightIndexDistal,0,2.686345E-08,-0.08560105,0,-0.0355340764
1.81666684,3,RightMiddleProximal,0,2.10734239E-08,-0.08560105,0,-0.0355340764
1.81666684,3,RightMiddleIntermediate,0,2.98023224E-08,-0.08560105,0,-0.0355340764
1.81666684,3,RightMiddleDistal,0,3.071953E-08,-0.08560105,0,-0.0355340764
1.81666684,3,RightRingProximal,0,3.071953E-08,-0.08560105,0,-0.0355340764
1.81666684,3,RightRingIntermediate,0,2.10734239E-08,-0.08560105,0,-0.0355340764
1.81666684,3,RightRingDistal,0,4.77069939E-08,-0.08560105,0,-0.0355340764
1.81666684,3,RightLittleProximal,0,4.53201139E-08,-0.08560105,0,-0.0355340764
1.81666684,3,RightLittleIntermediate,0,4.53201139E-08,-0.08560105,0,-0.0355340764
1.81666684,3,RightLittleDistal,0,5.81908957E-08,-0.08560105,0,-0.0355340764
