seconds,pairClock,strike,limb,targetSurface,targetAnchorBone,gapM,sourceWorldX,sourceWorldY,sourceWorldZ,targetWorldX,targetWorldY,targetWorldZ,sourceBoneLocalX,sourceBoneLocalY,sourceBoneLocalZ,targetBoneLocalX,targetBoneLocalY,targetBoneLocalZ,handPivotX,handPivotY,handPivotZ,targetPivotX,targetPivotY,targetPivotZ,handVelocityX,handVelocityY,handVelocityZ,handDirectionX,handDirectionY,handDirectionZ,relativeVelocityX,relativeVelocityY,relativeVelocityZ,closingSpeedMps,velocityAvailable,movementInterval,attackerMinimumY,receiverMinimumY,status
0.06,0.06,1,LeftHand,Chest,Chest,0.0246314276,0.275532663,1.34060657,0.0455598272,0.281656772,1.32576156,0.06423677,-0.364671826,0.126802653,0.03224899,-0.437967,0.247865081,0.0653323457,0.244981766,1.349389,0.0234110355,0.498933256,1.07460153,-0.061839208,3.80538964,-0.135726944,-0.368185073,0.994725347,-0.0354788974,-0.09624324,3.80538964,-0.135726944,-0.368185073,2.69721866,True,0.00416666642,0.0100000808,0.0121495621,EXCLUDED_WINDOW_ENTRY;GAP_OVER_1MM
0.0641666651,0.0641666651,1,LeftHand,Chest,Chest,0.0269800015,0.285570323,1.34564376,0.044033736,0.2905217,1.32509232,0.0607980564,-0.3484138,0.137340471,0.1061372,-0.433687061,0.235913455,0.06040611,0.254627228,1.35928249,0.0247543454,0.498933256,1.07460153,-0.061839208,2.31491113,2.374449,0.3223944,0.6947971,0.71266675,0.09676341,2.31491113,2.374449,0.3223944,-0.359298736,True,0.00416666642,0.0100000715,0.0121495621,EXCLUDED_NOT_FORWARD_CLOSING_OR_RECOIL;GAP_OVER_1MM
0.0683333352,0.0683333352,1,LeftHand,Chest,Chest,0.0383389257,0.282112539,1.35969865,0.0456893221,0.2867231,1.32636631,0.06406242,-0.295621216,0.0738690346,0.1219977,-0.437259525,0.242371872,0.06058729,0.25967443,1.37433243,0.0267238021,0.498933256,1.07460153,-0.061839208,1.21132755,3.61198115,0.4726692,0.315540433,0.9408901,0.123126268,1.21132755,3.61198115,0.4726692,-2.12054586,True,0.00416667,0.0100000352,0.0121495621,EXCLUDED_NOT_FORWARD_CLOSING_OR_RECOIL;GAP_OVER_1MM
0.0725000054,0.0725000054,1,LeftHand,Chest,Chest,0.0455245748,0.29170382,1.36884332,0.0448952,0.296544284,1.32893109,0.0662510246,-0.291116774,0.150562227,0.15918237,-0.438340634,0.233609736,0.04866657,0.263224423,1.38307118,0.0271736979,0.498933256,1.07460153,-0.061839208,0.8519976,2.09729981,0.107974917,0.375938118,0.9254192,0.0476431958,0.8519976,2.09729981,0.107974917,-1.14424253,True,0.00416667,0.0100000259,0.0121495621,EXCLUDED_NOT_FORWARD_CLOSING_OR_RECOIL;GAP_OVER_1MM
0.07666667,0.07666667,1,LeftHand,Chest,Chest,0.04739802,0.293218523,1.37227893,0.0472963452,0.295443267,1.32941973,0.0674138,-0.2921104,0.149558157,0.156653419,-0.439586282,0.235643521,0.0484856851,0.2667063,1.38533342,0.02610606,0.498933256,1.07460153,-0.061839208,0.835648358,0.542936862,-0.256233454,0.8121347,0.527659535,-0.249023482,0.835648358,0.542936862,-0.256233454,0.120389283,True,0.00416666269,0.0100000268,0.0121495621,EXCLUDED_NOT_FORWARD_CLOSING_OR_RECOIL;GAP_OVER_1MM
0.08083333,0.08083333,1,LeftHand,Chest,Chest,0.04913774,0.29440847,1.374632,0.0481896475,0.295098245,1.3295728,0.06777817,-0.292381346,0.149176836,0.155332953,-0.439976662,0.236280784,0.04842899,0.270010173,1.3862257,0.0239203572,0.498933256,1.07460153,-0.061839208,0.7929333,0.214147776,-0.524569035,0.8136287,0.219737,-0.538260162,0.7929333,0.214147776,-0.524569035,0.403399944,True,0.00416666269,0.01000003,0.0121495621,EXCLUDED_NOT_FORWARD_CLOSING_OR_RECOIL;GAP_OVER_1MM
0.085,0.085,1,LeftHand,Chest,Chest,0.0558812059,0.2950525,1.37869751,0.0407845154,0.29797864,1.32829452,0.06473623,-0.227978334,0.158751339,0.17828241,-0.436717719,0.230960384,0.04890219,0.272419333,1.39133048,0.0203456283,0.498933256,1.07460153,-0.061839208,0.578197956,1.22514617,-0.857934237,0.360575467,0.764025,-0.535024464,0.578197956,1.22514617,-0.857934237,-0.468779474,True,0.00416667,0.009999985,0.0121495621,EXCLUDED_NOT_FORWARD_CLOSING_OR_RECOIL;GAP_OVER_1MM
0.08916667,0.08916667,1,LeftHand,Chest,Chest,0.05810458,0.345580131,1.3593781,0.0200490765,0.335210472,1.315632,0.0568579063,-0.0445010774,0.662167549,0.46979624,-0.4065055,0.1905183,0.0217998382,0.27416718,1.39808869,0.016420126,0.498933256,1.07460153,-0.061839208,0.419482827,1.62196982,-0.9421198,0.218245685,0.8438675,-0.4901597,0.419482827,1.62196982,-0.9421198,-0.888109863,True,0.00416667,0.009999992,0.0121495621,EXCLUDED_NOT_FORWARD_CLOSING_OR_RECOIL;GAP_OVER_1MM
0.0933333337,0.0933333337,1,LeftHand,Chest,Chest,0.0546245,0.347859144,1.35710979,0.02363985,0.335210472,1.315632,0.0568579063,0.0135041671,0.68833077,0.50955987,-0.4065055,0.1905183,0.0217998382,0.275968134,1.40287447,0.0150623322,0.498933256,1.07460153,-0.061839208,0.432229459,1.14858735,-0.3258708,0.340405,0.904577,-0.256641567,0.432229459,1.14858735,-0.3258708,-0.6323802,True,0.00416666269,0.0100000594,0.0121495621,EXCLUDED_NOT_FORWARD_CLOSING_OR_RECOIL;GAP_OVER_1MM
0.0975,0.0975,1,LeftHand,Chest,Chest,0.0502242148,0.3478172,1.35581446,0.02949167,0.335210472,1.315632,0.0568579063,0.0556983948,0.687436938,0.517354846,-0.4065055,0.1905183,0.0217998382,0.277966321,1.40476263,0.0169144869,0.498933256,1.07460153,-0.061839208,0.4795651,0.453157872,0.444517553,0.6027948,0.569601953,0.5587414,0.4795651,0.453157872,0.444517553,-0.194202721,True,0.00416666269,0.009999976,0.0121495621,EXCLUDED_NOT_FORWARD_CLOSING_OR_RECOIL;GAP_OVER_1MM
0.101666667,0.101666667,1,LeftHand,Chest,Chest,0.0481567159,0.3494993,1.35342431,0.0306541063,0.335210472,1.315632,0.0568579063,0.08937765,0.686880469,0.523708,-0.4065055,0.1905183,0.0217998382,0.279898226,1.40411782,0.01941055,0.498933256,1.07460153,-0.061839208,0.463657,-0.1547526,0.5990548,0.5996826,-0.200153217,0.774802864,0.463657,-0.1547526,0.5990548,0.257167727,True,0.00416667,0.0100000175,0.0121495621,EXCLUDED_GAP_OVER_1MM
0.105833337,0.105833337,1,LeftHand,Chest,Chest,0.051267568,0.353259623,1.35627437,0.03134735,0.335210472,1.315632,0.0568579063,0.03213279,0.688182,0.512119949,-0.4065055,0.1905183,0.0217998382,0.281421363,1.402077,0.0208464265,0.498933256,1.07460153,-0.061839208,0.3655526,-0.4898067,0.344609916,0.5209992,-0.6980908,0.4911509,0.3655526,-0.4898067,0.344609916,0.526264966,True,0.00416667,0.0100000389,0.0121495621,EXCLUDED_NOT_FORWARD_CLOSING_OR_RECOIL;GAP_OVER_1MM
0.11,0.11,1,LeftHand,Chest,Chest,0.0596486256,0.356887519,1.359918,0.0232898649,0.335210472,1.315632,0.0568579063,0.00718360953,0.687429,0.5053352,-0.4065055,0.1905183,0.0217998382,0.282057524,1.40079176,0.020211041,0.498933256,1.07460153,-0.061839208,0.152678639,-0.308447182,-0.152492672,0.405589342,-0.819387,-0.405095339,0.152678639,-0.308447182,-0.152492672,0.36540094,True,0.00416666269,0.0100000575,0.0121495621,EXCLUDED_NOT_FORWARD_CLOSING_OR_RECOIL;GAP_OVER_1MM
0.114166662,0.114166662,1,LeftHand,Chest,Chest,0.06664919,0.304290175,1.38929319,0.0381980427,0.3011213,1.32689977,0.06141729,-0.213607222,0.157004118,0.188340262,-0.433162034,0.225155547,0.04941843,0.2817219,1.400999,0.01792121,0.498933256,1.07460153,-0.061839208,-0.0805521756,0.0497246273,-0.5495601,-0.144448414,0.08916759,-0.985486567,-0.0805521756,0.0497246273,-0.5495601,0.0252596326,True,0.00416666269,0.00999999,0.0121495621,EXCLUDED_NOT_FORWARD_CLOSING_OR_RECOIL;GAP_OVER_1MM
0.118333332,0.118333332,1,LeftHand,Chest,Chest,0.06753301,0.304606557,1.38802969,0.03257671,0.304068059,1.325592,0.05830523,-0.210029647,0.14871271,0.190703347,-0.429828078,0.219712481,0.0499025472,0.280939639,1.40063572,0.0150576234,0.498933256,1.07460153,-0.061839208,-0.187740162,-0.0871752948,-0.687260032,-0.2615658,-0.1214555,-0.9575134,-0.187740162,-0.0871752948,-0.687260032,0.100944594,True,0.00416667,0.0100000417,0.0121495621,EXCLUDED_NOT_FORWARD_CLOSING_OR_RECOIL;GAP_OVER_1MM
0.1225,0.1225,1,LeftHand,Chest,Chest,0.06676702,0.3038424,1.38698411,0.0320598334,0.304174364,1.32554483,0.0581929721,-0.236967653,0.1263557,0.176241249,-0.429707736,0.219516188,0.04991999,0.28031373,1.39904213,0.0138172507,0.498933256,1.07460153,-0.061839208,-0.150217891,-0.38246122,-0.2976892,-0.296050668,-0.7537578,-0.5866884,-0.150217891,-0.38246122,-0.2976892,0.285509229,True,0.00416667,0.009999983,0.0121495621,EXCLUDED_NOT_FORWARD_CLOSING_OR_RECOIL;GAP_OVER_1MM
0.126666665,0.126666665,1,LeftHand,Chest,Chest,0.0649663,0.300850838,1.38700318,0.036750108,0.300734729,1.32707131,0.06182553,-0.290335059,0.07782803,0.131881446,-0.433599472,0.225869477,0.0493549369,0.279811084,1.39724278,0.0137302876,0.498933256,1.07460153,-0.061839208,-0.120635144,-0.431843221,-0.0208711829,-0.26875782,-0.96208483,-0.0464980043,-0.120635144,-0.431843221,-0.0208711829,0.28815192,True,0.00416666269,0.01000005,0.0121495621,EXCLUDED_NOT_FORWARD_CLOSING_OR_RECOIL;GAP_OVER_1MM
0.130833328,0.130833328,1,LeftHand,Chest,Chest,0.06349894,0.3009432,1.38461637,0.03490338,0.30207625,1.326476,0.0604087748,-0.288291037,0.0689204,0.130714878,-0.43208158,0.223391667,0.0495753177,0.279337168,1.39604318,0.0136408806,0.498933256,1.07460153,-0.061839208,-0.113740079,-0.287905,-0.0214576926,-0.3665479,-0.9278258,-0.06915128,-0.113740079,-0.287905,-0.0214576926,0.174477518,True,0.00416666269,0.009999961,0.0121495621,EXCLUDED_NOT_FORWARD_CLOSING_OR_RECOIL;GAP_OVER_1MM
0.135,0.135,1,LeftHand,Chest,Chest,0.06361488,0.300658584,1.3835324,0.03224286,0.303376347,1.325899,0.0590357371,-0.286020547,0.06054585,0.128326431,-0.4306107,0.220990166,0.0497889332,0.278906882,1.39604366,0.0125008225,0.498933256,1.07460153,-0.061839208,-0.103268355,0.00011444062,-0.2736132,-0.353111356,0.0003913133,-0.9355812,-0.103268355,0.00011444062,-0.2736132,-0.00609770929,True,0.00416667759,0.01,0.0121495621,EXCLUDED_NOT_FORWARD_CLOSING_OR_RECOIL;GAP_OVER_1MM
0.139166668,0.139166668,1,LeftHand,Chest,Chest,0.06368319,0.3031669,1.3822608,0.0290931556,0.306143731,1.32467079,0.05611312,-0.2933858,0.07369912,0.131755054,-0.427479535,0.2158785,0.05024356,0.279338121,1.39585769,0.0107636452,0.498933256,1.07460153,-0.061839208,0.1034976,-0.044632,-0.416922957,0.239639089,-0.103341252,-0.9653464,0.1034976,-0.044632,-0.416922957,0.170103192,True,0.00416666269,0.0100000063,0.0121495621,EXCLUDED_NOT_FORWARD_CLOSING_OR_RECOIL;GAP_OVER_1MM
0.143333331,0.143333331,1,LeftHand,Chest,Chest,0.0628173,0.304134935,1.37981546,0.0258866437,0.308201283,1.32375765,0.0539401621,-0.294173479,0.0735489056,0.129621491,-0.425151676,0.212077871,0.0505815633,0.280141234,1.3946414,0.008799076,0.498933256,1.07460153,-0.061839208,0.1927473,-0.29191044,-0.471497029,0.328310579,-0.497217268,-0.803110957,0.1927473,-0.29191044,-0.471497029,0.428613,True,0.00416666269,0.009999992,0.0121495621,EXCLUDED_GAP_OVER_1MM
0.147500008,0.147500008,1,LeftHand,Chest,Chest,0.0615213625,0.304397047,1.37656391,0.0226048026,0.308201283,1.32375765,0.0539401621,-0.294864,0.07336435,0.127551451,-0.425151676,0.212077871,0.0505815633,0.280375063,1.39258981,0.0067281723,0.498933256,1.07460153,-0.061839208,0.0561188161,-0.492380768,-0.4970156,0.07995686,-0.7015333,-0.7081369,0.0561188161,-0.492380768,-0.4970156,0.517773747,True,0.00416667759,0.009999983,0.0121495621,EXCLUDED_GAP_OVER_1MM
0.151666671,0.151666671,1,LeftHand,Chest,Chest,0.0607959069,0.3032263,1.37346828,0.0192956086,0.308201283,1.32375765,0.0539401621,-0.2953988,0.07297945,0.126321435,-0.425151676,0.212077871,0.0505815633,0.279114664,1.39053714,0.00471067429,0.498933256,1.07460153,-0.061839208,-0.302496254,-0.492640018,-0.484199971,-0.40114218,-0.653293,-0.642100632,-0.302496254,-0.492640018,-0.484199971,0.310735375,True,0.00416666269,0.010000024,0.0121495621,EXCLUDED_NOT_FORWARD_CLOSING_OR_RECOIL;GAP_OVER_1MM
0.155833334,0.155833334,1,LeftHand,Chest,Chest,0.0596644357,0.2996028,1.36670864,-0.06279851,0.273480356,1.31922293,-0.0877498537,0.280949861,0.497642577,0.452505231,-0.399565071,0.114803508,0.233219862,0.2766255,1.38914466,0.002639234,0.498933256,1.07460153,-0.061839208,-0.5973965,-0.334196419,-0.49714613,-0.706138432,-0.395029,-0.587639868,-0.5973965,-0.334196419,-0.49714613,0.011186095,True,0.00416666269,0.0100000128,0.0121495621,EXCLUDED_NOT_FORWARD_CLOSING_OR_RECOIL;GAP_OVER_1MM
0.16,0.16,1,LeftHand,Chest,Chest,0.05284713,0.299500972,1.36148667,-0.06907753,0.276170671,1.31953681,-0.0911846459,0.2409319,0.565749347,0.492901355,-0.3984802,0.108729944,0.234211445,0.273125231,1.38763988,0.000428318977,0.498933256,1.07460153,-0.061839208,-0.840068638,-0.361147285,-0.5306201,-0.7946064,-0.341602981,-0.501904368,-0.840068638,-0.361147285,-0.5306201,-0.111519046,True,0.00416666269,0.0100000063,0.0121495621,EXCLUDED_NOT_FORWARD_CLOSING_OR_RECOIL;GAP_OVER_1MM
0.164166659,0.164166659,1,LeftHand,Chest,Chest,0.0443920568,0.303171754,1.3530401,-0.0771352351,0.2835741,1.31780183,-0.09570541,0.172840282,0.6748837,0.5498643,-0.39293614,0.09761367,0.2318873,0.268601,1.38509393,-0.00193989277,0.498933256,1.07460153,-0.061839208,-1.0858165,-0.611029267,-0.568371356,-0.7928837,-0.446185082,-0.4150355,-1.0858165,-0.611029267,-0.568371356,-0.06731286,True,0.00416666269,0.0100000212,0.0121495621,EXCLUDED_NOT_FORWARD_CLOSING_OR_RECOIL;GAP_OVER_1MM
0.168333337,0.168333337,1,LeftHand,Chest,Chest,0.03433791,0.2940357,1.34725738,-0.0805551,0.278876632,1.32,-0.0949194059,0.172649056,0.674079537,0.5505127,-0.397534251,0.10230317,0.2354958,0.262837,1.3806572,-0.004505098,0.498933256,1.07460153,-0.061839208,-1.38335824,-1.06481278,-0.6156476,-0.747321546,-0.575236,-0.332586825,-1.38335824,-1.06481278,-0.6156476,0.08850261,True,0.00416667759,0.009999994,0.0121495621,EXCLUDED_NOT_FORWARD_CLOSING_OR_RECOIL;GAP_OVER_1MM
0.1725,0.1725,1,LeftHand,Chest,Chest,0.0230738632,0.28396678,1.34117889,-0.08548369,0.275343537,1.32203674,-0.09505557,0.190344334,0.6898575,0.5471984,-0.401370019,0.105004668,0.23895511,0.254627228,1.37491119,-0.00727295876,0.498933256,1.07460153,-0.061839208,-1.9703455,-1.379043,-0.664287269,-0.7897003,-0.552710533,-0.26624155,-1.9703455,-1.379043,-0.664287269,-0.0792402849,True,0.00416666269,0.0100000119,0.0121495621,EXCLUDED_NOT_FORWARD_CLOSING_OR_RECOIL;GAP_OVER_1MM
0.176666662,0.176666662,1,LeftHand,Chest,Chest,0.0139896255,0.273534626,1.33315825,-0.08503487,0.274040729,1.32006919,-0.0899471,0.171956643,0.672891,0.551371336,-0.40010795,0.111856483,0.234944731,0.2443769,1.36913824,-0.009411752,0.498933256,1.07460153,-0.061839208,-2.46008158,-1.38550889,-0.5133109,-0.8572637,-0.482807755,-0.178873256,-2.46008158,-1.38550889,-0.5133109,-0.486837864,True,0.00416666269,0.0100000156,0.0121495621,EXCLUDED_NOT_FORWARD_CLOSING_OR_RECOIL;GAP_OVER_1MM
0.18083334,0.18083334,1,LeftHand,Chest,Chest,0.010217106,0.271046579,1.32806528,-0.08285687,0.273037285,1.31855381,-0.08601254,0.09225999,0.704640448,0.536072135,-0.399136,0.117133744,0.231855989,0.233455479,1.36381853,-0.01052022,0.498933256,1.07460153,-0.061839208,-2.62113357,-1.27672815,-0.266031533,-0.8953022,-0.436092824,-0.090868555,-2.62113357,-1.27672815,-0.266031533,-0.790419459,True,0.00416667759,0.0100000026,0.0121495621,EXCLUDED_NOT_FORWARD_CLOSING_OR_RECOIL;GAP_OVER_1MM
0.185,0.185,1,LeftHand,Chest,Chest,0.00760482252,0.2698702,1.32418561,-0.08052409,0.272169858,1.31724381,-0.08261127,0.005220829,0.7393498,0.5194855,-0.39829585,0.12169563,0.2291859,0.2235083,1.35875547,-0.0110921264,0.498933256,1.07460153,-0.061839208,-2.38732576,-1.21513486,-0.13725771,-0.8900304,-0.453020245,-0.0511717051,-2.38732576,-1.21513486,-0.13725771,-0.765164733,True,0.00416666269,0.009999974,0.0121495621,EXCLUDED_NOT_FORWARD_CLOSING_OR_RECOIL;GAP_OVER_1MM
0.189166665,0.189166665,1,LeftHand,Chest,Chest,0.0100046871,0.2628772,1.32112753,-0.07494875,0.270375639,1.31453407,-0.0755759,-0.06323852,0.707927048,0.4730969,-0.396557719,0.1311319,0.223662838,0.2136122,1.35253477,-0.0126883984,0.498933256,1.07460153,-0.061839208,-2.37506628,-1.492969,-0.383105636,-0.8388394,-0.5272953,-0.135307431,-2.37506628,-1.492969,-0.383105636,-0.607671738,True,0.00416666269,0.0100000007,0.0121495621,EXCLUDED_NOT_FORWARD_CLOSING_OR_RECOIL;GAP_OVER_1MM
0.193333328,0.193333328,1,LeftHand,Chest,Chest,0.0134228375,0.2711963,1.33021021,-0.07909736,0.272428781,1.31763482,-0.08362651,-0.199680477,0.858537853,0.3462683,-0.398546517,0.120334014,0.229982853,0.203752577,1.34670258,-0.0146932006,0.498933256,1.07460153,-0.061839208,-2.36631131,-1.39972818,-0.481152982,-0.8478094,-0.501499,-0.172388986,-2.36631131,-1.39972818,-0.481152982,-0.7296468,True,0.00416666269,0.0100000091,0.0121495621,EXCLUDED_NOT_FORWARD_CLOSING_OR_RECOIL;GAP_OVER_1MM
0.19749999,0.19749999,1,LeftHand,Chest,Chest,0.012814437,0.2628559,1.32566285,-0.07909547,0.2716132,1.31640315,-0.0804285258,-0.2340038,0.846107244,0.3494664,-0.397756457,0.124623269,0.2274723,0.1945433,1.34215772,-0.0159361959,0.498933256,1.07460153,-0.061839208,-2.2102282,-1.09076607,-0.298319161,-0.8902465,-0.439344078,-0.120158441,-2.2102282,-1.09076607,-0.298319161,-0.9004064,True,0.00416666269,0.0100000361,0.0121495621,EXCLUDED_NOT_FORWARD_CLOSING_OR_RECOIL;GAP_OVER_1MM
0.201666668,0.201666668,1,LeftHand,Chest,Chest,0.0185869951,0.254281461,1.3238759,-0.0746849,0.2700819,1.31409049,-0.07442421,-0.2706325,0.8031307,0.336033136,-0.396273166,0.132676587,0.22275871,0.186787069,1.33943427,-0.0154038668,0.498933256,1.07460153,-0.061839208,-1.86149108,-0.6536276,0.127758652,-0.941553,-0.3306086,0.06462107,-1.86149108,-0.6536276,0.127758652,-1.00463,True,0.00416667759,0.0100000612,0.0121495621,EXCLUDED_NOT_FORWARD_CLOSING_OR_RECOIL;GAP_OVER_1MM
0.205833331,0.205833331,1,LeftHand,Chest,Chest,0.024187943,0.248688862,1.32530546,-0.07570284,0.270111829,1.31413567,-0.0745414346,-0.280522823,0.824909,0.304423034,-0.396302074,0.132519335,0.2228507,0.1814642,1.337311,-0.0136134624,0.498933256,1.07460153,-0.061839208,-1.27749085,-0.5095773,0.429697454,-0.8865712,-0.353643656,0.298207521,-1.27749085,-0.5095773,0.429697454,-0.704812944,True,0.00416666269,0.0100000063,0.0121495621,EXCLUDED_NOT_FORWARD_CLOSING_OR_RECOIL;GAP_OVER_1MM
0.21,0.21,1,LeftHand,Chest,Chest,0.0284069944,0.244983763,1.32724237,-0.07657176,0.270252645,1.31434834,-0.07509364,-0.294289321,0.8535438,0.263049334,-0.396438479,0.131778732,0.223284245,0.177613258,1.33517635,-0.0114440918,0.498933256,1.07460153,-0.061839208,-0.924225748,-0.512323856,0.520649433,-0.7845547,-0.434900343,0.441967756,-0.924225748,-0.512323856,0.520649433,-0.455210626,True,0.00416666269,0.009999988,0.0121495621,EXCLUDED_NOT_FORWARD_CLOSING_OR_RECOIL;GAP_OVER_1MM
0.214166671,0.214166671,1,LeftHand,Chest,Chest,0.0326345675,0.241308168,1.32933164,-0.0767476,0.2702617,1.314362,-0.0751292,-0.308691055,0.8760797,0.215030745,-0.396447271,0.131730989,0.223312184,0.173860788,1.33287489,-0.009451747,0.498933256,1.07460153,-0.061839208,-0.9005904,-0.55234766,0.4781615,-0.776605,-0.476305246,0.412332416,-0.9005904,-0.55234766,0.4781615,-0.418543428,True,0.00416667759,0.010000037,0.0121495621,EXCLUDED_NOT_FORWARD_CLOSING_OR_RECOIL;GAP_OVER_1MM
0.218333334,0.218333334,1,LeftHand,Chest,Chest,0.03669393,0.2436083,1.33963168,-0.07421226,0.270685941,1.31500268,-0.0767926052,-0.3786148,0.92489934,0.07572077,-0.3968581,0.129499927,0.224617958,0.168978572,1.33039474,-0.007952929,0.498933256,1.07460153,-0.061839208,-1.171733,-0.5952364,0.359716773,-0.8599286,-0.436840832,0.263994217,-1.171733,-0.5952364,0.359716773,-0.602783,True,0.00416666269,0.0100000324,0.0121495621,EXCLUDED_NOT_FORWARD_CLOSING_OR_RECOIL;GAP_OVER_1MM
0.2225,0.2225,1,LeftHand,Chest,Chest,0.03983848,0.236109376,1.33454263,-0.0607377663,0.267039925,1.3094964,-0.0624962337,-0.432589561,0.7979139,0.05295639,-0.393326432,0.148675069,0.213394746,0.163695276,1.32806325,-0.00614631176,0.498933256,1.07460153,-0.061839208,-1.26799226,-0.5595594,0.433588445,-0.8731474,-0.385316133,0.298571736,-1.26799226,-0.5595594,0.433588445,-0.7250949,True,0.00416666269,0.0100000184,0.0121495621,EXCLUDED_NOT_FORWARD_CLOSING_OR_RECOIL;GAP_OVER_1MM
0.226666659,0.226666659,1,LeftHand,Chest,Chest,0.0349991731,0.13357529,1.3153975,-0.0141049027,0.1061461,1.29408538,-0.0183915161,0.22868003,-0.0415731147,0.165704682,-0.429102629,0.358215034,0.3233842,0.158139527,1.32584083,-0.00398784876,0.498933256,1.07460153,-0.061839208,-1.333381,-0.533381045,0.5180316,-0.8733851,-0.349372774,0.339318633,-1.333381,-0.533381045,0.5180316,-0.8199119,True,0.00416666269,0.0100000231,0.0121495621,EXCLUDED_NOT_FORWARD_CLOSING_OR_RECOIL;GAP_OVER_1MM
0.230833322,0.230833322,1,LeftHand,Chest,Chest,0.0295463782,0.127123281,1.31367087,-0.0113355964,0.105881289,1.29417741,-0.01779866,0.227970734,-0.0410287566,0.166645989,-0.429432541,0.359009326,0.323012918,0.15207392,1.32359767,-0.0016824007,0.498933256,1.07460153,-0.061839208,-1.45574713,-0.5383592,0.55330807,-0.8834594,-0.326717824,0.335789919,-1.45574713,-0.5383592,0.55330807,-0.9373373,True,0.00416666269,0.0100000165,0.0121495621,EXCLUDED_NOT_FORWARD_CLOSING_OR_RECOIL;GAP_OVER_1MM
0.235,0.235,1,LeftHand,Chest,Chest,0.0237118267,0.119923539,1.31169021,-0.008623174,0.1038294,1.29489028,-0.0132048558,0.2274752,-0.0403535,0.1673628,-0.431988657,0.365164638,0.3201362,0.145211458,1.32117939,0.000560224056,0.498933256,1.07460153,-0.061839208,-1.64698648,-0.580385566,0.5382285,-0.9013121,-0.317615569,0.294545144,-1.64698648,-0.580385566,0.5382285,-1.0857842,True,0.00416667759,0.0100000184,0.0121495621,EXCLUDED_NOT_FORWARD_CLOSING_OR_RECOIL;GAP_OVER_1MM
0.239166662,0.239166662,1,LeftHand,Chest,Chest,0.0169284232,0.111591928,1.309181,-0.006179934,0.10172116,1.29562271,-0.008484896,0.227282926,-0.03946134,0.167789444,-0.434614867,0.371489018,0.3171804,0.137174189,1.31833637,0.00250470638,0.498933256,1.07460153,-0.061839208,-1.92894638,-0.682326,0.4666762,-0.9191516,-0.325131416,0.2223733,-1.92894638,-0.682326,0.4666762,-1.27353346,True,0.00416666269,0.0100000268,0.0121495621,EXCLUDED_NOT_FORWARD_CLOSING_OR_RECOIL;GAP_OVER_1MM
0.243333325,0.243333325,1,LeftHand,Chest,Chest,0.010456657,0.10262119,1.30649757,-0.00381278922,0.0982461,1.29701245,-0.004295108,0.22729513,-0.0384297,0.1680129,-0.4384447,0.3784541,0.316070944,0.1284557,1.31539917,0.00437474251,0.498933256,1.07460153,-0.061839208,-2.09243965,-0.7049281,0.4488091,-0.9286756,-0.312864244,0.19919239,-2.09243965,-0.7049281,0.4488091,-1.4216392,True,0.00416666269,0.009999986,0.0121495621,EXCLUDED_NOT_FORWARD_CLOSING_OR_RECOIL;GAP_OVER_1MM
0.2475,0.2475,1,LeftHand,Chest,Chest,0.00460508652,0.09370578,1.30403268,-0.0013262803,0.09177897,1.29985547,-0.00153869763,0.227378339,-0.0373888947,0.168150827,-0.444872081,0.38655892,0.319288939,0.119754612,1.31272411,0.006398976,0.498933256,1.07460153,-0.061839208,-2.08825517,-0.6420119,0.48581472,-0.9330563,-0.286858261,0.217067584,-2.08825517,-0.6420119,0.48581472,-1.48392081,True,0.00416667759,0.0100000119,0.0121495621,EXCLUDED_NOT_FORWARD_CLOSING_OR_RECOIL;GAP_OVER_1MM
0.251666665,0.251666665,1,LeftHand,Chest,Chest,0,0.0849006251,1.30287158,0.001541087,0.0849006251,1.30287158,0.001541087,0.235194355,-0.0369831026,0.161538392,-0.4517284,0.395321965,0.3225565,0.11170429,1.31051278,0.008680403,0.498933256,1.07460153,-0.061839208,-1.9320792,-0.530720234,0.5475431,-0.9301754,-0.255508631,0.2636078,-1.9320792,-0.530720234,0.5475431,-1.44169,True,0.00416666269,0.0100000352,0.0121495621,EXCLUDED_NOT_FORWARD_CLOSING_OR_RECOIL;UNSIGNED_ZERO_TOUCH_OR_PENETRATION
0.255833328,0.255833328,1,LeftHand,Chest,Chest,0,0.0774759054,1.30449879,-0.00503199873,0.0774759054,1.30449879,-0.00503199873,0.256472349,0.0609065779,0.1652518,-0.454808682,0.396012038,0.336560577,0.103883147,1.30842733,0.0109430552,0.498933256,1.07460153,-0.061839208,-1.877076,-0.500507832,0.543037,-0.930567861,-0.248128742,0.269212723,-1.877076,-0.500507832,0.543037,-1.4286468,True,0.00416666269,0.009999955,0.0121495621,EXCLUDED_NOT_FORWARD_CLOSING_OR_RECOIL;UNSIGNED_ZERO_TOUCH_OR_PENETRATION
0.26,0.26,1,LeftHand,Chest,Chest,0,0.07311791,1.30076933,-0.00317843258,0.07311791,1.30076933,-0.00317843258,0.21784091,0.07000218,0.178012609,-0.45133996,0.403503656,0.339009881,0.09638637,1.3066529,0.0130822659,0.498933256,1.07460153,-0.061839208,-1.79922748,-0.425863683,0.513411045,-0.9376357,-0.221931353,0.267555118,-1.79922748,-0.425863683,0.513411045,-1.410658,True,0.00416666269,0.009999999,0.0121495621,EXCLUDED_NOT_FORWARD_CLOSING_OR_RECOIL;UNSIGNED_ZERO_TOUCH_OR_PENETRATION
0.264166653,0.264166653,1,LeftHand,Chest,Chest,0,0.0633727759,1.30058849,0.004112135,0.0633727759,1.30058849,0.004112135,0.239453718,0.0212304,0.158355549,-0.45551306,0.42029047,0.340782464,0.08954817,1.30549753,0.015039742,0.498933256,1.07460153,-0.061839208,-1.64117014,-0.2772906,0.46979472,-0.948948741,-0.160333514,0.271642238,-1.64117014,-0.2772906,0.46979472,-1.35213625,True,0.00416666269,0.0100000547,0.0121495621,EXCLUDED_NOT_FORWARD_CLOSING_OR_RECOIL;UNSIGNED_ZERO_TOUCH_OR_PENETRATION
0.268333346,0.268333346,1,LeftHand,Chest,Chest,0,0.06067444,1.29780436,0.006118487,0.06067444,1.29780436,0.006118487,0.2010112,0.020419158,0.1710764,-0.452888846,0.4259118,0.341420174,0.08374381,1.305217,0.016784668,0.498933256,1.07460153,-0.061839208,-1.3930378,-0.06731945,0.418779641,-0.9566379,-0.04623015,0.287587672,-1.3930378,-0.06731945,0.418779641,-1.23758578,True,0.0041666925,0.0100000007,0.0121495621,EXCLUDED_NOT_FORWARD_CLOSING_OR_RECOIL;UNSIGNED_ZERO_TOUCH_OR_PENETRATION
0.2725,0.2725,1,LeftHand,Chest,Chest,0,0.0541711859,1.30039144,0.0008408995,0.0541711859,1.30039144,0.0008408995,0.238579854,0.09326986,0.17645134,-0.457292348,0.426551282,0.353125453,0.0792712,1.3047241,0.0186950564,0.498933256,1.07460153,-0.061839208,-1.07342827,-0.118303411,0.45849368,-0.91493696,-0.100835957,0.390797257,-1.07342827,-0.118303411,0.45849368,-0.9481474,True,0.00416666269,0.009999979,0.0121495621,EXCLUDED_NOT_FORWARD_CLOSING_OR_RECOIL;UNSIGNED_ZERO_TOUCH_OR_PENETRATION
0.276666671,0.276666671,1,LeftHand,Chest,Chest,0,0.0571650751,1.29403317,0.009885443,0.0571650751,1.29403317,0.009885443,0.150335908,0.0217994414,0.180503145,-0.449510425,0.434371173,0.341040939,0.0755884051,1.30429459,0.0204623938,0.498933256,1.07460153,-0.061839208,-0.883870959,-0.103082754,0.424161375,-0.8966188,-0.104569487,0.430278927,-0.883870959,-0.103082754,0.424161375,-0.7887743,True,0.00416666269,0.009999983,0.0121495621,EXCLUDED_NOT_FORWARD_CLOSING_OR_RECOIL;UNSIGNED_ZERO_TOUCH_OR_PENETRATION
0.280833334,0.280833334,1,LeftHand,Chest,Chest,0,0.05614534,1.29236722,0.01130785,0.05614534,1.29236722,0.01130785,0.123795226,0.0226397961,0.182803124,-0.447809637,0.437344521,0.340614378,0.0720216,1.30381835,0.0217658877,0.498933256,1.07460153,-0.061839208,-0.8560332,-0.114297979,0.312838852,-0.9319447,-0.124433719,0.340580851,-0.8560332,-0.114297979,0.312838852,-0.7431264,True,0.00416666269,0.00999996252,0.0121495621,EXCLUDED_NOT_FORWARD_CLOSING_OR_RECOIL;UNSIGNED_ZERO_TOUCH_OR_PENETRATION
0.285,0.285,1,LeftHand,Chest,Chest,0,0.0540555939,1.29088688,0.0117199728,0.0540555939,1.29088688,0.0117199728,0.103617944,0.0272874422,0.185031459,-0.446472049,0.4403754,0.342274517,0.0679838061,1.30308115,0.02241987,0.498933256,1.07460153,-0.061839208,-0.969072342,-0.176925823,0.156955868,-0.9714851,-0.177366316,0.157346651,-0.969072342,-0.176925823,0.156955868,-0.78873986,True,0.00416666269,0.009999984,0.0121495621,EXCLUDED_NOT_FORWARD_CLOSING_OR_RECOIL;UNSIGNED_ZERO_TOUCH_OR_PENETRATION
0.289166659,0.289166659,1,LeftHand,Chest,Chest,0,0.05710162,1.2877984,0.0130250473,0.05710162,1.2877984,0.0130250473,0.0274088569,0.0271283388,0.184805974,-0.441572547,0.439648926,0.338109642,0.0638426542,1.30237114,0.02295494,0.498933256,1.07460153,-0.061839208,-0.9938774,-0.170402691,0.128417134,-0.9777219,-0.167632788,0.12632972,-0.9938774,-0.170402691,0.128417134,-0.811651945,True,0.00416666269,0.009999966,0.0121495621,EXCLUDED_NOT_FORWARD_CLOSING_OR_RECOIL;UNSIGNED_ZERO_TOUCH_OR_PENETRATION
0.293333322,0.293333322,1,LeftHand,Chest,Chest,0,0.0336636044,1.29588068,0.01335803,0.0336636044,1.29588068,0.01335803,0.235963941,0.0224505849,0.1581203,-0.459777236,0.46069476,0.3600258,0.0596211255,1.3017906,0.0235141218,0.498933256,1.07460153,-0.061839208,-1.01316786,-0.139331952,0.134203568,-0.9822549,-0.13508077,0.130108863,-1.01316786,-0.139331952,0.134203568,-0.846591055,True,0.00416666269,0.0100000212,0.0121495621,EXCLUDED_NOT_FORWARD_CLOSING_OR_RECOIL;UNSIGNED_ZERO_TOUCH_OR_PENETRATION
0.296666682,0.296666682,1,LeftHand,Chest,Chest,0,0.0356244,1.29180443,0.0137615632,0.0356244,1.29180443,0.0137615632,0.171613172,0.0215426758,0.177767634,-0.453647077,0.4605668,0.3579058,0.0560769737,1.30142581,0.02397415,0.498933256,1.07460153,-0.061839208,-1.06323707,-0.109433256,0.138007492,-0.986555338,-0.101540819,0.128054261,-1.06323707,-0.109433256,0.138007492,-0.906857252,True,0.00333336,0.0100000836,0.0121495621,EXCLUDED_NOT_FORWARD_CLOSING_OR_RECOIL;UNSIGNED_ZERO_TOUCH_OR_PENETRATION
0.3,0.3,1,LeftHand,Chest,Chest,0,0.0277379956,1.29428327,0.0146423336,0.0277379956,1.29428327,0.0146423336,0.217465848,0.0212556049,0.164093718,-0.4596008,0.468461484,0.36448428,0.0522941053,1.301179,0.024448663,0.498933256,1.07460153,-0.061839208,-1.13486159,-0.0740290359,0.1423539,-0.9901526,-0.06458941,0.124202006,-1.13486159,-0.0740290359,0.1423539,-0.988550842,True,0.00333333015,0.010000065,0.0121495621,EXCLUDED_NOT_FORWARD_CLOSING_OR_RECOIL;UNSIGNED_ZERO_TOUCH_OR_PENETRATION
