time,coreY,coreX,coreZ,hipsY,headY,chestY,handSpeed,hipsSpeed,gripGap,attackerHipsZ,receiverHipsZ
0.000000,0.706362,1.001652,-0.110813,0.815827,1.269636,1.009501,0.000000,0.000000,0.927945,0.055757,-0.039422
0.008333,0.707077,1.002433,-0.110657,0.816558,1.269963,1.010129,2.491268,0.118222,0.908937,0.055757,-0.039422
0.016667,0.707789,1.003279,-0.110409,0.817288,1.270064,1.010698,2.597317,0.118234,0.894507,0.055757,-0.039422
0.025000,0.709649,1.005435,-0.110071,0.819180,1.271124,1.012376,2.761009,0.323159,0.885422,0.055757,-0.039422
0.033333,0.711489,1.007630,-0.109642,0.821071,1.272007,1.014006,2.831112,0.323164,0.876118,0.055757,-0.039422
0.041667,0.714011,1.011004,-0.109122,0.823676,1.273448,1.016308,2.956182,0.483435,0.866252,0.055757,-0.039422
0.050000,0.716507,1.014402,-0.108516,0.826280,1.274760,1.018574,2.978629,0.483444,0.856149,0.055757,-0.039422
0.058333,0.719228,1.018851,-0.107819,0.829151,1.276234,1.021076,3.061149,0.603897,0.845357,0.055757,-0.039422
0.066667,0.721905,1.023272,-0.107009,0.832023,1.277630,1.023553,3.126421,0.603889,0.833973,0.055757,-0.039422
0.075000,0.724349,1.028627,-0.106132,0.834719,1.278799,1.025834,3.236399,0.691713,0.822205,0.055757,-0.039422
0.083333,0.726741,1.033938,-0.105171,0.837415,1.279946,1.028100,3.226201,0.691713,0.810606,0.055757,-0.039422
0.091667,0.728458,1.040035,-0.104105,0.839498,1.280486,1.029742,3.304129,0.757724,0.799125,0.055757,-0.039422
0.100000,0.730124,1.046078,-0.102982,0.841581,1.281063,1.031378,3.375307,0.757726,0.787979,0.055757,-0.039422
0.108333,0.730640,1.052751,-0.101770,0.842616,1.280660,1.031965,3.481880,0.817461,0.776509,0.055757,-0.039422
0.116667,0.731031,1.059282,-0.100530,0.843651,1.280357,1.032553,3.527829,0.817461,0.764261,0.055757,-0.039422
0.125000,0.728560,1.066261,-0.099247,0.842028,1.277824,1.030566,3.588321,0.910671,0.752617,0.055757,-0.039422
0.133333,0.724640,1.090240,-0.031500,0.840405,1.276002,1.028731,3.622220,0.910669,0.717728,0.055757,-0.039422
0.141667,0.716445,1.095581,-0.029791,0.834890,1.270942,1.023132,3.690002,1.166587,0.683219,0.055757,-0.039422
0.150000,0.708023,1.100574,-0.027996,0.829374,1.266464,1.017636,3.461527,1.166597,0.648467,0.055757,-0.039422
0.158333,0.695626,1.105639,-0.026151,0.820102,1.258735,1.008455,3.170358,1.510541,0.616887,0.055757,-0.039422
0.166667,0.683057,1.110271,-0.024254,0.810830,1.251425,0.999311,3.026853,1.510530,0.586802,0.055757,-0.039422
0.175000,0.666448,1.130157,-0.009759,0.797943,1.240847,0.986556,2.933737,1.882361,0.560284,0.055757,-0.039422
0.183333,0.649434,1.133981,-0.007536,0.785057,1.230520,0.973762,2.844471,1.882353,0.533332,0.055757,-0.039422
0.191667,0.628883,1.137600,-0.005294,0.768703,1.216849,0.957416,2.763946,2.257858,0.507577,0.055757,-0.039422
0.200000,0.608356,1.140664,-0.003063,0.752349,1.203174,0.940938,2.652646,2.257857,0.481314,0.055757,-0.039422
0.208333,0.584580,1.143452,-0.000837,0.732679,1.186061,0.920968,2.544852,2.626745,0.456885,0.055757,-0.039422
0.216667,0.560932,1.145641,0.001376,0.713010,1.168710,0.900779,2.430080,2.626733,0.432322,0.055757,-0.039422
0.225000,0.534324,1.147453,0.003560,0.690179,1.147860,0.877171,2.293825,2.984157,0.411090,0.055757,-0.039422
0.233333,0.508009,1.148630,0.005688,0.667349,1.126581,0.853269,2.190477,2.984176,0.391315,0.055757,-0.039422
0.241667,0.479082,1.149377,0.007727,0.641513,1.101789,0.826038,2.430300,3.327825,0.377270,0.055757,-0.039422
0.250000,0.450643,1.149510,0.009686,0.615678,1.076428,0.798456,2.319512,3.327843,0.363184,0.055757,-0.039422
0.258333,0.419263,1.162875,0.023990,0.586991,1.047596,0.767651,1.676638,3.657009,0.347191,0.055757,-0.039422
0.266667,0.388522,1.161716,0.025841,0.558304,1.018111,0.736457,1.541660,3.657020,0.330347,0.055757,-0.039422
0.275000,0.355754,1.169891,0.042997,0.526913,0.985233,0.702157,1.444650,3.971964,0.314895,0.055757,-0.039422
0.283333,0.323596,1.167248,0.044771,0.495523,0.951676,0.667451,3.992848,3.971955,0.290777,0.055757,-0.039422
0.291667,0.290133,1.164005,0.046625,0.461473,0.914810,0.629679,1.549681,4.285837,0.277254,0.055757,-0.039422
0.300000,0.257591,1.169037,-0.122899,0.427423,0.877304,0.591494,1.802632,4.285860,0.260485,0.055757,-0.039422
0.308333,0.221848,1.167839,-0.122950,0.390669,0.836482,0.550229,1.426105,4.607931,0.242355,0.055757,-0.039422
0.316667,0.187385,1.166581,-0.123157,0.353915,0.795107,0.508651,2.339884,4.607867,0.230334,0.055757,-0.039422
0.325000,0.150938,1.185749,-0.120663,0.314446,0.750495,0.464072,1.064303,4.931506,0.217787,0.055757,-0.039422
0.333333,0.114351,1.207763,-0.118203,0.274976,0.705384,0.419238,0.991612,4.931527,0.204456,0.055757,-0.039422
0.341667,0.074036,1.208729,-0.118304,0.232762,0.657046,0.371414,1.218622,5.257255,0.187260,0.055757,-0.039422
0.350000,0.032578,1.237781,-0.115492,0.190549,0.607864,0.323270,1.742232,5.257249,0.173612,0.055757,-0.039422
0.358333,0.046745,1.240541,-0.115357,0.205062,0.613876,0.331361,1.571341,2.252119,0.148993,0.055757,-0.039422
0.366667,0.060896,1.270766,-0.113597,0.219576,0.617436,0.338657,1.910343,2.252113,0.132011,0.055757,-0.039422
0.375000,0.071725,1.273166,-0.113587,0.230897,0.614203,0.341648,1.919662,1.974688,0.112342,0.055757,-0.039422
0.383333,0.083132,1.275596,-0.113580,0.242218,0.606339,0.343293,1.891584,1.974687,0.093487,0.055757,-0.039422
0.391667,0.092295,1.278005,-0.113563,0.250737,0.589709,0.340447,2.127877,1.748171,0.080782,0.055757,-0.039422
0.400000,0.101989,1.280583,-0.113526,0.259256,0.565673,0.335547,2.232077,1.748107,0.077715,0.055757,-0.039422
0.408333,0.109421,1.299742,-0.112927,0.265387,0.530197,0.325805,2.180578,1.563089,0.078474,0.055757,-0.039422
0.416667,0.116775,1.302507,-0.112883,0.271518,0.485969,0.313806,2.082288,1.563073,0.082421,0.055757,-0.039422
0.425000,0.121430,1.327444,-0.124385,0.275700,0.433738,0.298497,2.277791,1.406644,0.089057,0.055757,-0.039422
0.433333,0.126086,1.348944,-0.121092,0.279883,0.379611,0.283084,2.261079,1.406630,0.099513,0.055757,-0.039422
0.441667,0.128404,1.374824,-0.119011,0.282581,0.325680,0.267116,2.261048,1.263973,0.112224,0.055757,-0.039422
0.450000,0.130779,1.377552,-0.118999,0.285280,0.275118,0.252498,2.326798,1.263988,0.127474,0.055757,-0.039422
0.458333,0.114344,1.752421,0.006960,0.286980,0.228672,0.238633,2.684283,1.121061,0.145634,0.055757,-0.039422
0.466667,0.083883,1.786983,-0.005192,0.288679,0.188506,0.226823,8.669351,1.121033,0.142752,0.055757,-0.039422
0.475000,0.052528,1.822008,-0.060338,0.289877,0.151271,0.215679,3.098701,0.967511,0.161915,0.055757,-0.039422
0.483333,0.014026,2.012078,-0.068486,0.291075,0.126439,0.208349,3.081473,0.967538,0.180655,0.055757,-0.039422
0.491667,0.002853,2.031364,-0.069693,0.292400,0.127671,0.208935,2.831381,0.802864,0.198707,0.055757,-0.039422
0.500000,0.002207,2.031741,-0.069824,0.293725,0.137366,0.212188,2.409657,0.802864,0.216502,0.055757,-0.039422
0.508333,-0.004445,2.052129,-0.071620,0.294941,0.141107,0.213830,2.122230,0.348462,0.230964,0.055757,-0.039422
0.516667,-0.008313,2.050743,-0.071853,0.297615,0.145729,0.216975,1.975192,0.766659,0.247179,0.055757,-0.039422
0.525000,-0.011713,2.073745,-0.072682,0.300289,0.149562,0.220015,1.964244,0.766636,0.263201,0.055757,-0.039422
0.533333,-0.016961,2.070392,-0.071122,0.301505,0.150833,0.221302,1.806993,0.348488,0.275004,0.055757,-0.039422
0.541667,-0.019639,2.067466,-0.068166,0.304453,0.153249,0.224169,1.782434,0.437402,0.286086,0.055757,-0.039422
0.550000,-0.020936,2.065835,-0.063485,0.307401,0.155598,0.227026,1.613825,0.437402,0.295774,0.055757,-0.039422
0.558333,-0.020224,2.064106,-0.059028,0.311004,0.158555,0.230523,1.662194,0.441081,0.304606,0.055757,-0.039422
0.566667,-0.018148,2.063611,-0.088646,0.314607,0.161251,0.233928,1.611329,0.441077,0.313192,0.055757,-0.039422
0.575000,-0.013536,2.062502,-0.093656,0.318782,0.164425,0.237843,1.672812,0.564465,0.319911,0.055757,-0.039422
0.583333,-0.005678,2.063742,-0.106558,0.322957,0.167677,0.241726,1.644142,0.564453,0.327206,0.055757,-0.039422
0.591667,0.007007,2.062533,-0.127566,0.327623,0.171717,0.246113,1.633053,0.994232,0.331556,0.055757,-0.039422
0.600000,0.023298,2.042467,-0.120891,0.332289,0.176057,0.250509,1.656386,0.994209,0.338142,0.055757,-0.039422
0.608333,0.042865,2.038077,-0.152076,0.337363,0.181087,0.255337,1.679602,1.564419,0.343123,0.055757,-0.039422
0.616667,0.064101,2.007069,-0.180380,0.342438,0.186416,0.260216,1.717857,1.564409,0.351809,0.055757,-0.039422
0.625000,0.086339,1.971513,-0.208582,0.347840,0.192274,0.265457,1.771183,2.207457,0.359983,0.055757,-0.039422
0.633333,0.100019,1.757436,-0.174322,0.353242,0.198250,0.270717,1.814777,2.207459,0.372770,0.055757,-0.039422
0.641667,0.104800,1.726867,-0.192590,0.358889,0.204148,0.276117,1.878782,2.899084,0.385887,0.055757,-0.039422
0.650000,0.108942,1.695045,-0.210315,0.364537,0.209234,0.281299,1.872038,2.899054,0.403645,0.055757,-0.039422
0.658333,0.112659,1.655446,-0.228167,0.370348,0.213637,0.286444,1.902436,3.623972,0.421534,0.055757,-0.039422
0.666667,0.115566,1.598720,-0.270074,0.376158,0.217264,0.291401,1.859452,3.623855,0.443113,0.055757,-0.039422
0.675000,0.117922,1.546603,-0.288164,0.382051,0.220179,0.296259,1.861954,4.409314,0.464002,0.055757,-0.039422
0.683333,0.119461,1.475184,-0.327404,0.387944,0.222267,0.300937,1.809007,4.409227,0.487549,0.055757,-0.039422
0.691667,0.120405,1.408878,-0.344065,0.393836,0.223469,0.305425,1.841209,5.291542,0.509566,0.055757,-0.039422
0.700000,0.120797,1.339028,-0.360288,0.399729,0.223775,0.309705,1.836382,5.291470,0.533209,0.055757,-0.039422
0.708333,0.120668,1.257330,-0.375531,0.405539,0.223280,0.313723,1.899820,6.258130,0.554409,0.055757,-0.039422
0.716667,0.120323,1.172138,-0.389049,0.411350,0.222376,0.317629,1.993401,6.258181,0.575779,0.055757,-0.039422
0.725000,0.119722,1.074584,-0.400179,0.416997,0.221047,0.321292,2.107024,7.316807,0.593047,0.055757,-0.039422
0.733333,0.119153,0.973611,-0.408195,0.422644,0.219552,0.324908,2.221496,7.316756,0.608553,0.055757,-0.039422
0.741667,0.118504,0.860701,-0.412327,0.428046,0.217770,0.328270,2.402721,8.321979,0.617207,0.055757,-0.039422
0.750000,0.118178,0.744305,-0.411604,0.433448,0.216103,0.331665,2.589087,8.321777,0.619816,0.055757,-0.039422
0.758333,0.117668,0.621410,-0.404557,0.438522,0.213992,0.334702,2.854722,8.781555,0.612537,0.055757,-0.039422
0.766667,0.117211,0.497661,-0.390006,0.443597,0.211670,0.337678,3.118315,8.781390,0.594625,0.055757,-0.039422
0.775000,0.115659,0.385982,-0.428142,0.448262,0.209106,0.340295,3.316867,8.603487,0.565911,0.055757,-0.039422
0.783333,0.114164,0.258863,-0.399026,0.452928,0.207066,0.343061,3.526066,8.603368,0.536373,0.055757,-0.039422
0.791667,0.113021,0.165545,-0.377872,0.457102,0.205378,0.345578,3.907645,7.789837,0.509368,0.055757,-0.039422
0.800000,0.112634,0.052836,-0.336756,0.461277,0.204807,0.348413,4.206523,7.789626,0.476356,0.055757,-0.039422
0.808333,0.112980,-0.041051,-0.289655,0.464880,0.204998,0.351058,4.289491,6.339890,0.439318,0.055757,-0.039422
0.816667,0.114776,-0.127398,-0.238247,0.468482,0.206692,0.354134,4.027567,6.339876,0.393050,0.055757,-0.039422
0.825000,0.117259,-0.188135,-0.184797,0.471430,0.209142,0.356961,4.041172,4.250719,0.344757,0.055757,-0.039422
0.833333,0.120549,-0.240572,-0.131106,0.474378,0.212456,0.360039,4.100224,4.250799,0.289908,0.055757,-0.039422
0.841667,0.123407,-0.262356,-0.078155,0.476590,0.215382,0.362485,4.012855,1.522331,0.249927,0.055757,-0.039422
0.850000,0.126087,-0.277176,-0.054755,0.478802,0.218182,0.364902,3.996877,1.522318,0.223393,0.055757,-0.039422
0.858333,0.127397,-0.265886,-0.005792,0.480197,0.219630,0.366348,3.769153,1.197290,0.248376,0.055757,-0.039422
0.866667,0.127874,-0.248303,0.040139,0.481591,0.220167,0.367523,3.681852,1.197248,0.329851,0.055757,-0.039422
0.875000,0.126624,-0.207786,0.083202,0.482086,0.218903,0.367532,3.378084,3.261435,0.414532,0.055757,-0.039422
0.883333,0.124989,-0.162349,0.123680,0.482581,0.217205,0.367405,3.311509,3.261413,0.495018,0.055757,-0.039422
0.891667,0.122172,-0.096912,0.161040,0.481968,0.214270,0.366122,3.600134,5.167874,0.572728,0.055757,-0.039422
0.900000,0.119589,-0.028203,0.195002,0.481355,0.211511,0.364877,3.506607,5.167860,0.643746,0.055757,-0.039422
0.908333,0.116423,0.077897,0.244605,0.479712,0.208186,0.362724,3.639906,6.922552,0.708197,0.055757,-0.039422
0.916667,0.113908,0.167599,0.269471,0.478068,0.205612,0.360782,3.473827,6.922487,0.763567,0.055757,-0.039422
0.925000,0.111656,0.272140,0.291241,0.475739,0.203362,0.358442,3.504630,8.536365,0.809391,0.055757,-0.039422
0.933333,0.109824,0.375955,0.308512,0.473410,0.201551,0.356228,3.394969,8.536322,0.875495,0.055757,-0.039422
0.941667,0.108196,0.487558,0.320761,0.470741,0.199941,0.353833,3.399610,10.020340,0.916788,0.055757,-0.039422
0.950000,0.106451,0.598632,0.329953,0.468072,0.198129,0.351373,3.311118,10.020100,0.937578,0.055757,-0.039422
0.958333,0.102061,0.735952,0.337782,0.465408,0.193461,0.348067,3.281742,10.186950,0.946150,0.055757,-0.039422
0.966667,0.098885,0.858423,0.339913,0.462744,0.190396,0.345234,3.138650,10.186820,0.939143,0.055757,-0.039422
0.975000,0.101175,0.961065,0.344153,0.459885,0.193088,0.343980,3.187822,6.305014,0.910604,0.055757,-0.039422
0.983333,0.107151,1.097726,0.335052,0.457026,0.200003,0.343954,3.367028,6.304835,0.872557,0.055757,-0.039422
0.991667,0.112740,1.217243,0.317505,0.453669,0.206288,0.343398,3.558464,6.985211,0.829076,0.055757,-0.039422
1.000000,0.118123,1.324763,0.295689,0.450312,0.212281,0.342767,3.792206,6.985183,0.778927,0.055757,-0.039422
1.008333,0.122590,1.421887,0.271920,0.446647,0.217264,0.341621,3.968098,6.863298,0.722617,0.055757,-0.039422
1.016667,0.126260,1.512092,0.247003,0.442981,0.221339,0.340194,4.161899,6.863312,0.661752,0.055757,-0.039422
1.025000,0.128786,1.589517,0.220548,0.439197,0.224155,0.338300,4.129113,5.928722,0.594559,0.055757,-0.039422
1.033333,0.129926,1.663321,0.191293,0.435412,0.225490,0.335965,4.179862,5.928822,0.525933,0.055757,-0.039422
1.041667,0.129862,1.719380,0.158607,0.431698,0.225551,0.333303,4.055604,4.173208,0.451256,0.055757,-0.039422
1.050000,0.128876,1.746571,0.055725,0.427984,0.224730,0.330377,3.982200,4.173251,0.380395,0.055757,-0.039422
1.058333,0.126846,1.767897,0.020777,0.424530,0.223388,0.327478,3.340643,1.608150,0.305906,0.055757,-0.039422
1.066667,0.124295,1.785564,-0.015872,0.421076,0.221369,0.324379,3.513518,1.608179,0.251923,0.055757,-0.039422
1.075000,0.121769,1.777199,-0.053919,0.418072,0.219228,0.321561,3.556063,1.159462,0.213691,0.055757,-0.039422
1.083333,0.118918,1.764683,-0.093039,0.415067,0.216628,0.318610,3.979501,1.159386,0.225467,0.055757,-0.039422
1.091667,0.116487,1.731511,-0.132873,0.412702,0.214322,0.316198,4.723825,3.064637,0.290643,0.055757,-0.039422
1.100000,0.113953,1.693669,-0.173014,0.410337,0.211800,0.313724,4.717574,3.064625,0.371130,0.055757,-0.039422
1.108333,0.112269,1.637514,-0.212346,0.408800,0.210068,0.312067,5.152990,4.698701,0.441842,0.055757,-0.039422
1.116667,0.110470,1.577081,-0.249475,0.407264,0.208191,0.310366,5.112679,4.698529,0.506243,0.055757,-0.039422
1.125000,0.109313,1.501469,-0.283610,0.406746,0.206902,0.309558,5.322764,6.036707,0.564666,0.055757,-0.039422
1.133333,0.107512,1.422285,-0.314034,0.406227,0.204892,0.308540,5.049899,6.036764,0.614637,0.055757,-0.039422
1.141667,0.106350,1.331479,-0.340058,0.407256,0.203415,0.308776,4.970423,7.079462,0.652884,0.055757,-0.039422
1.150000,0.104024,1.238524,-0.361097,0.408285,0.200638,0.308634,4.484976,7.079519,0.683807,0.055757,-0.039422
1.158333,0.102114,1.138151,-0.376694,0.411129,0.198104,0.309853,4.126106,7.830139,0.721835,0.055757,-0.039422
1.166667,0.098270,1.083341,-0.418584,0.413974,0.193752,0.310545,3.615422,7.829903,0.787185,0.055757,-0.039422
1.175000,0.093459,0.976700,-0.427050,0.418434,0.188629,0.312161,3.322622,8.286778,0.845147,0.055757,-0.039422
1.183333,0.086233,0.870327,-0.429283,0.422894,0.180907,0.313024,2.937423,8.286930,0.875206,0.055757,-0.039422
1.191667,0.078395,0.762807,-0.425605,0.428768,0.172317,0.314638,2.686112,8.449017,0.882453,0.055757,-0.039422
1.200000,0.068914,0.655162,-0.416015,0.434643,0.161754,0.315675,2.577232,8.448458,0.876710,0.055757,-0.039422
1.208333,0.059407,0.548419,-0.400182,0.441732,0.150751,0.317438,3.359659,8.314671,0.863968,0.055757,-0.039422
1.216667,0.049034,0.412907,-0.377851,0.448821,0.138418,0.318817,3.854847,8.314577,0.844110,0.055757,-0.039422
1.225000,0.039494,0.309462,-0.343286,0.456924,0.126328,0.321002,4.426746,7.883868,0.817762,0.055757,-0.039422
1.233333,0.031469,0.236210,-0.307333,0.465027,0.115250,0.323499,4.932837,7.883472,0.784980,0.055757,-0.039422
1.241667,0.023833,0.131585,-0.341495,0.473943,0.107905,0.327669,5.251444,7.155672,0.745860,0.055757,-0.039422
1.250000,0.020075,0.010473,-0.283763,0.482859,0.104787,0.333065,5.437351,7.155354,0.701517,0.055757,-0.039422
1.258333,0.022303,-0.069054,-0.233564,0.492388,0.107335,0.340534,5.318518,6.131244,0.654032,0.055757,-0.039422
1.266667,0.026140,-0.138346,-0.184461,0.501917,0.111638,0.348540,5.345385,6.131316,0.598393,0.055757,-0.039422
1.275000,0.040674,-0.180610,-0.140886,0.524326,0.127316,0.369000,5.059094,5.386766,0.538965,0.055757,-0.039422
1.283333,0.054815,-0.212750,-0.105667,0.546734,0.143089,0.389734,4.936695,5.386588,0.474656,0.055757,-0.039422
1.291667,0.089036,-0.339072,-0.122264,0.591669,0.183471,0.434256,4.341265,6.108064,0.411819,0.055757,-0.039422
1.300000,0.120111,-0.377934,-0.102409,0.636606,0.228102,0.481054,3.994874,6.108163,0.346205,0.055757,-0.039422
1.308333,0.175614,-0.405028,-0.087923,0.700705,0.297653,0.550019,3.195672,7.721895,0.293823,0.055757,-0.039422
1.316667,0.236579,-0.441566,-0.071837,0.764802,0.372819,0.621885,2.795647,7.721735,0.241292,0.055757,-0.039422
1.325000,0.318735,-0.426305,-0.045945,0.846043,0.470497,0.713647,2.270044,10.162710,0.208126,0.055757,-0.039422
1.333333,0.409042,-0.440035,-0.046439,0.927283,0.575424,0.808571,2.267854,10.162550,0.174223,0.055757,-0.039422
1.341667,0.513794,-0.403421,-0.013204,1.012376,0.693817,0.911050,2.646599,12.169870,0.176616,0.055757,-0.039422
1.350000,0.632342,-0.394785,0.029386,1.097468,0.821276,1.016815,2.782597,12.169740,0.200907,0.055757,-0.039422
1.358333,0.755985,-0.348692,0.045838,1.172637,0.946952,1.115500,3.453629,12.653090,0.219481,0.055757,-0.039422
1.366667,0.889652,-0.272763,0.083032,1.247803,1.077631,1.215821,3.609683,12.652470,0.231340,0.055757,-0.039422
1.375000,1.018900,-0.210030,0.127258,1.310809,1.196160,1.303635,3.970939,12.381110,0.238274,0.055757,-0.039422
1.383333,1.151850,-0.119699,0.155627,1.373816,1.312199,1.389969,4.078215,12.381110,0.239554,0.055757,-0.039422
1.391667,1.272478,0.558480,0.020687,1.422372,1.411997,1.460400,4.175123,11.214530,0.235460,0.055757,-0.039422
1.400000,1.327336,0.631702,0.035942,1.470928,1.511232,1.529714,4.002087,11.214120,0.229405,0.055757,-0.039422
1.408333,1.365666,0.632143,0.003814,1.502122,1.590682,1.579854,3.389170,9.852847,0.227239,0.055757,-0.039422
1.416667,1.402382,0.706474,0.024176,1.533318,1.667689,1.628118,3.228832,9.852999,0.239088,0.055757,-0.039422
1.425000,1.415418,0.785066,0.041980,1.543366,1.722384,1.653906,2.603615,9.260873,0.247657,0.055757,-0.039422
1.433333,1.429674,0.883825,0.049754,1.553414,1.774527,1.678047,2.505191,9.260664,0.257061,0.055757,-0.039422
1.441667,1.425284,0.966202,0.061683,1.544699,1.804635,1.681710,3.249546,9.269155,0.266235,0.055757,-0.039422
1.450000,1.420258,1.049932,0.070625,1.535985,1.831473,1.683798,3.478271,9.268572,0.275456,0.055757,-0.039422
1.458333,1.398794,1.133084,0.076202,1.512366,1.840176,1.669592,3.710724,9.489392,0.284967,0.055757,-0.039422
1.466667,1.375039,1.216047,0.078274,1.488747,1.848295,1.654961,3.765319,9.489262,0.294419,0.055757,-0.039422
1.475000,1.332011,1.294469,0.076713,1.448652,1.841034,1.623980,3.549201,9.873091,0.304918,0.055757,-0.039422
1.483333,1.286408,1.371624,0.071851,1.408559,1.830218,1.591812,3.536581,9.872592,0.315332,0.055757,-0.039422
1.491667,1.222091,1.440794,0.064219,1.351467,1.797660,1.540968,3.600024,10.446590,0.322154,0.055757,-0.039422
1.500000,1.156887,1.507536,0.054073,1.294374,1.757958,1.487489,4.343430,10.446550,0.326275,0.055757,-0.039422
1.508333,1.073178,1.557864,0.058772,1.220157,1.692165,1.413305,4.737822,11.332220,0.329972,0.055757,-0.039422
1.516667,0.990017,1.612685,0.044077,1.145942,1.617981,1.335499,4.789978,11.331750,0.336065,0.055757,-0.039422
1.525000,0.890629,1.657397,0.028162,1.053636,1.518132,1.236070,4.993584,12.683140,0.340189,0.055757,-0.039422
1.533333,0.793591,1.698902,0.029645,0.961330,1.412881,1.133824,4.937827,12.683220,0.342455,0.055757,-0.039422
1.541667,0.677288,1.732117,0.014338,0.848481,1.283270,1.008922,4.830372,14.619830,0.345344,0.055757,-0.039422
1.550000,0.563193,1.761220,0.017968,0.735631,1.151397,0.882749,4.548638,14.620080,0.344619,0.055757,-0.039422
1.558333,0.428684,1.786152,0.006855,0.598746,0.995060,0.732439,4.029563,17.154230,0.350300,0.055757,-0.039422
1.566667,0.291995,1.942800,-0.107338,0.461865,0.838457,0.582299,3.747757,17.153850,0.351778,0.055757,-0.039422
1.575000,0.129183,1.965467,-0.115442,0.297453,0.670532,0.410687,3.346096,20.193490,0.353153,0.055757,-0.039422
1.583333,-0.032443,1.993377,-0.117954,0.133043,0.476388,0.232179,3.060839,20.193150,0.369339,0.055757,-0.039422
1.591667,0.023716,2.002166,-0.123912,0.186118,0.270026,0.204030,2.705896,7.240258,0.359354,0.055757,-0.039422
1.600000,-0.090188,2.379910,0.073292,0.239190,0.010758,0.163210,2.472575,7.239885,0.357162,0.055757,-0.039422
1.608333,-0.098359,2.375283,0.034578,0.280646,-0.006234,0.187289,2.050532,5.545553,0.355477,0.055757,-0.039422
1.616667,-0.066001,2.465447,0.007254,0.322101,0.022613,0.225184,1.776438,5.545534,0.363625,0.055757,-0.039422
1.625000,-0.118009,2.593463,0.019940,0.355680,0.029487,0.250617,1.360775,4.463684,0.370966,0.055757,-0.039422
1.633333,-0.171987,2.566650,-0.017722,0.389257,0.042177,0.277071,1.248194,4.463459,0.380430,0.055757,-0.039422
1.641667,-0.186616,2.557092,-0.019660,0.415266,0.053197,0.296656,0.906691,3.632585,0.395352,0.055757,-0.039422
1.650000,-0.180568,2.543007,-0.020901,0.441274,0.067535,0.316712,0.938863,3.632401,0.408712,0.055757,-0.039422
1.658333,-0.173856,2.637276,-0.059195,0.460013,0.076871,0.329924,0.910014,2.877221,0.420026,0.055757,-0.039422
1.666667,-0.158995,2.555836,-0.023662,0.478753,0.088274,0.343649,1.096173,2.877243,0.430307,0.055757,-0.039422
1.675000,-0.150116,2.570163,-0.025224,0.490554,0.094308,0.350989,0.901911,2.221590,0.442494,0.055757,-0.039422
1.683333,-0.137808,2.589876,-0.026989,0.502356,0.101868,0.358927,0.742109,2.221488,0.455054,0.055757,-0.039422
1.691667,-0.128127,2.613891,-0.029245,0.507620,0.104260,0.360940,0.837728,1.712540,0.465373,0.055757,-0.039422
1.700000,-0.113919,2.642739,-0.032503,0.512885,0.107819,0.363540,0.927188,1.712370,0.473892,0.055757,-0.039422
1.708333,-0.101773,2.643785,-0.061483,0.512751,0.107026,0.361329,0.700371,1.424021,0.481015,0.055757,-0.039422
1.716667,-0.084619,2.677831,-0.066395,0.512618,0.107123,0.359707,1.052837,1.423849,0.487095,0.055757,-0.039422
1.725000,-0.069927,2.684316,-0.074007,0.507022,0.102476,0.353220,0.979960,1.381612,0.489412,0.055757,-0.039422
1.733333,-0.052099,2.691861,-0.081834,0.501427,0.099057,0.347537,1.382524,1.381505,0.500234,0.055757,-0.039422
1.741667,-0.037616,2.696730,-0.088966,0.489392,0.090791,0.336271,1.324112,1.752185,0.508632,0.055757,-0.039422
1.750000,-0.024240,2.703016,-0.095678,0.477357,0.084015,0.325775,1.666392,1.752156,0.516776,0.055757,-0.039422
1.758333,-0.021908,2.585609,-0.086097,0.458139,0.071877,0.308989,1.605868,2.447491,0.521817,0.055757,-0.039422
1.766667,-0.030851,2.610973,-0.087673,0.438921,0.062229,0.293259,1.883319,2.447378,0.526402,0.055757,-0.039422
1.775000,-0.046282,2.620660,-0.112927,0.411504,0.047682,0.270600,1.880390,3.357978,0.527682,0.055757,-0.039422
1.783333,-0.056407,2.651613,-0.114094,0.384088,0.037500,0.249493,2.144459,3.358006,0.528874,0.055757,-0.039422
1.791667,-0.069017,2.686664,-0.116164,0.347456,0.022976,0.220829,2.150045,4.430346,0.528020,0.055757,-0.039422
1.800000,-0.075439,2.665173,-0.114991,0.310826,0.016867,0.194843,2.302249,4.430229,0.527471,0.055757,-0.039422
1.808333,-0.082073,2.711363,-0.118181,0.263982,0.012599,0.162371,2.242968,5.639702,0.526998,0.055757,-0.039422
1.816667,-0.074185,2.710594,-0.096787,0.217138,0.023258,0.134467,2.337880,5.639830,0.536848,0.055757,-0.039422
1.825000,-0.051013,2.735933,-0.100703,0.159104,0.055797,0.105302,2.250228,6.974505,0.542418,0.055757,-0.039422
1.833333,-0.053721,2.333488,0.049302,0.101074,0.078539,0.073365,2.325130,6.974090,0.558425,0.055757,-0.039422
1.841667,-0.056765,2.341470,0.048610,0.098355,0.088999,0.076779,2.302939,0.459176,0.565598,0.055757,-0.039422
1.850000,-0.059906,2.325078,0.039416,0.095637,0.078058,0.073836,2.396595,0.459163,0.581317,0.055757,-0.039422
1.858333,-0.063527,2.332091,0.038818,0.092682,0.077924,0.073869,2.434836,0.449821,0.594841,0.055757,-0.039422
1.866667,-0.067243,2.322117,0.040325,0.089727,0.077992,0.073881,2.521211,0.449821,0.610371,0.055757,-0.039422
1.875000,-0.071010,2.328261,0.039786,0.086755,0.078181,0.073807,2.628874,0.428236,0.627772,0.055757,-0.039422
1.883333,-0.074591,2.334112,0.039322,0.083783,0.078426,0.073614,2.781306,0.428223,0.647035,0.055757,-0.039422
1.891667,-0.078225,2.322534,0.040614,0.081016,0.078858,0.073457,2.950406,0.387654,0.668198,0.055757,-0.039422
1.900000,-0.081635,2.326904,0.040168,0.078249,0.079196,0.073084,3.071424,0.387656,0.691286,0.055757,-0.039422
1.908333,-0.084455,2.330515,0.039786,0.075903,0.079787,0.072869,3.266820,0.325564,0.716387,0.055757,-0.039422
1.916667,-0.087126,2.333608,0.039491,0.073557,0.080138,0.072344,3.276810,0.325527,0.742731,0.055757,-0.039422
1.925000,-0.089084,2.318579,0.040702,0.071842,0.080794,0.072094,3.355821,0.242348,0.770243,0.055757,-0.039422
1.933333,-0.090951,2.320191,0.040449,0.070127,0.081050,0.071441,3.178778,0.242343,0.797536,0.055757,-0.039422
1.941667,-0.092352,2.321185,0.040239,0.068768,0.081400,0.070905,3.446087,0.187354,0.826972,0.055757,-0.039422
1.950000,-0.093670,2.321315,0.040064,0.067408,0.081665,0.070324,3.255106,0.187322,0.855100,0.055757,-0.039422
1.958333,-0.095022,2.321421,0.039897,0.066023,0.081811,0.069673,3.660282,0.175858,0.886443,0.055757,-0.039422
1.966667,-0.096380,2.321666,0.039746,0.064639,0.081857,0.068974,3.372014,0.175814,0.916303,0.055757,-0.039422
1.975000,-0.097703,2.321761,0.039578,0.063279,0.081819,0.068251,3.565591,0.165820,0.948109,0.055757,-0.039422
1.983333,-0.099022,2.315642,-0.111707,0.061920,0.081667,0.067479,3.356798,0.165839,0.978595,0.055757,-0.039422
1.991667,-0.100376,2.316255,-0.111786,0.060634,0.081481,0.066730,3.428291,0.154496,1.009700,0.055757,-0.039422
2.000000,-0.101722,2.316813,-0.111870,0.059348,0.081203,0.065930,3.233344,0.154488,1.039104,0.055757,-0.039422
2.008333,-0.102933,2.317190,-0.111947,0.058185,0.080958,0.065199,3.127042,0.139723,1.071730,0.055757,-0.039422
2.016667,-0.104133,2.317518,-0.112018,0.057023,0.080623,0.064415,2.926007,0.139707,1.099798,0.055757,-0.039422
2.025000,-0.105152,2.317721,-0.112083,0.056033,0.080371,0.063749,2.634586,0.119987,1.114180,0.055757,-0.039422
2.033333,-0.106163,2.317880,-0.112142,0.055043,0.080038,0.063028,2.457054,0.120005,1.121889,0.055757,-0.039422
2.041667,-0.106946,2.317972,-0.112198,0.054275,0.079831,0.062471,2.034626,0.094276,1.124721,0.055757,-0.039422
2.050000,-0.107723,2.318025,-0.112249,0.053506,0.079498,0.061857,1.910510,0.094271,1.128984,0.055757,-0.039422
2.058333,-0.108226,2.318069,-0.112297,0.053009,0.079285,0.061455,1.347922,0.061897,1.132026,0.055757,-0.039422
2.066667,-0.108726,2.318078,-0.112342,0.052512,0.078898,0.060994,1.249702,0.061899,1.136323,0.055757,-0.039422
2.075000,-0.108905,2.318139,-0.112387,0.052336,0.078695,0.060805,0.538922,0.022282,1.137320,0.055757,-0.039422
2.083333,-0.109088,2.318177,-0.112421,0.052159,0.078561,0.060644,0.480994,0.022281,1.139140,0.055757,-0.039422
2.083333,-0.109088,2.318177,-0.112421,0.052159,0.078561,0.060644,0.000000,0.000000,1.139140,0.055757,-0.039422
