time,coreY
0.000000,0.6667862
0.002083,0.6666546
0.004167,0.6663072
0.006250,0.6657743
0.008333,0.6650866
0.010417,0.6642741
0.012500,0.6633678
0.014583,0.6623981
0.016667,0.6613955
0.018750,0.6603904
0.020833,0.6594133
0.022917,0.6584949
0.025000,0.6576657
0.027083,0.6569561
0.029167,0.6563970
0.031250,0.6560184
0.033333,0.6558513
0.035417,0.6555256
0.037500,0.6546984
0.039583,0.6534410
0.041667,0.6518246
0.043750,0.6499206
0.045833,0.6478007
0.047917,0.6455359
0.050000,0.6431980
0.052083,0.6408579
0.054167,0.6385874
0.056250,0.6364576
0.058333,0.6345400
0.060417,0.6329059
0.062500,0.6316269
0.064583,0.6307740
0.066667,0.6304186
0.068750,0.6300324
0.070833,0.6290925
0.072917,0.6276779
0.075000,0.6258681
0.077083,0.6237429
0.079167,0.6213811
0.081250,0.6188620
0.083333,0.6162654
0.085417,0.6136701
0.087500,0.6111549
0.089583,0.6088002
0.091667,0.6066852
0.093750,0.6048898
0.095833,0.6034926
0.097917,0.6025742
0.100000,0.6022134
0.102083,0.6019486
0.104167,0.6013021
0.106250,0.6003290
0.108333,0.5990852
0.110417,0.5976251
0.112500,0.5960046
0.114583,0.5942788
0.116667,0.5925030
0.118750,0.5907320
0.120833,0.5890217
0.122917,0.5874269
0.125000,0.5860029
0.127083,0.5848049
0.129167,0.5838878
0.131250,0.5833072
0.133333,0.5831181
0.135417,0.5830219
0.137500,0.5827276
0.139583,0.5823032
0.141667,0.5818161
0.143750,0.5813337
0.145833,0.5809239
0.147917,0.5806542
0.150000,0.5805926
0.152083,0.5807059
0.154167,0.5808994
0.156250,0.5811476
0.158333,0.5814251
0.160417,0.5817062
0.162500,0.5819657
0.164583,0.5821781
0.166667,0.5823177
0.168750,0.5825430
0.170833,0.5829826
0.172917,0.5835662
0.175000,0.5842232
0.177083,0.5848834
0.179167,0.5854763
0.181250,0.5859312
0.183333,0.5861782
0.185417,0.5864898
0.187500,0.5871160
0.189583,0.5879530
0.191667,0.5888964
0.193750,0.5898424
0.195833,0.5906870
0.197917,0.5913258
0.200000,0.5916548
0.202083,0.5920277
0.204167,0.5927834
0.206250,0.5937956
0.208333,0.5949377
0.210417,0.5960835
0.212500,0.5971062
0.214583,0.5978795
0.216667,0.5982769
0.218750,0.5986982
0.220833,0.5995356
0.222917,0.6006513
0.225000,0.6019076
0.227083,0.6031672
0.229167,0.6042923
0.231250,0.6051453
0.233333,0.6053082
0.235417,0.6053107
0.237500,0.6057234
0.239583,0.6064092
0.241667,0.6072309
0.243750,0.6080515
0.245833,0.6087335
0.247917,0.6091402
0.250000,0.6091343
0.252083,0.6091072
0.254167,0.6094584
0.256250,0.6100622
0.258333,0.6107926
0.260417,0.6115238
0.262500,0.6121302
0.264583,0.6124858
0.266667,0.6124648
0.268750,0.6124051
0.270833,0.6126593
0.272917,0.6131238
0.275000,0.6136956
0.277083,0.6142715
0.279167,0.6147480
0.281250,0.6150221
0.283333,0.6149902
0.285417,0.6149011
0.287500,0.6150256
0.289583,0.6152946
0.291667,0.6156384
0.293750,0.6159874
0.295833,0.6162725
0.297917,0.6164241
0.300000,0.6163726
0.302083,0.6162444
0.304167,0.6161964
0.306250,0.6162035
0.308333,0.6162416
0.310417,0.6162864
0.312500,0.6163128
0.314583,0.6162969
0.316667,0.6162140
0.318750,0.6159535
0.320833,0.6154720
0.322917,0.6148453
0.325000,0.6141497
0.327083,0.6134611
0.329167,0.6128559
0.331250,0.6124099
0.333333,0.6121992
0.335417,0.6117573
0.337500,0.6107038
0.339583,0.6092438
0.341667,0.6075828
0.343750,0.6059257
0.345833,0.6044782
0.347917,0.6034455
0.350000,0.6030326
0.352083,0.6024393
0.354167,0.6009319
0.356250,0.5988163
0.358333,0.5963981
0.360417,0.5939833
0.362500,0.5918773
0.364583,0.5903864
0.366667,0.5898159
0.368750,0.5891173
0.370833,0.5872892
0.372917,0.5847092
0.375000,0.5817544
0.377083,0.5788023
0.379167,0.5762300
0.381250,0.5744150
0.383333,0.5737344
0.385417,0.5729780
0.387500,0.5709640
0.389583,0.5681123
0.391667,0.5648428
0.393750,0.5615751
0.395833,0.5587292
0.397917,0.5567249
0.400000,0.5559823
0.402083,0.5552173
0.404167,0.5531555
0.406250,0.5502298
0.408333,0.5468746
0.410417,0.5435226
0.412500,0.5406076
0.414583,0.5385633
0.416667,0.5378227
0.418750,0.5371140
0.420833,0.5351545
0.422917,0.5323620
0.425000,0.5291548
0.427083,0.5259512
0.429167,0.5231690
0.431250,0.5212262
0.433333,0.5205408
0.435417,0.5199403
0.437500,0.5182220
0.439583,0.5157601
0.441667,0.5129275
0.443750,0.5100983
0.445833,0.5076458
0.447917,0.5059435
0.450000,0.5053655
0.452083,0.5049252
0.454167,0.5035877
0.456250,0.5016532
0.458333,0.4994219
0.460417,0.4971936
0.462500,0.4952680
0.464583,0.4939460
0.466667,0.4935267
0.468750,0.4932987
0.470833,0.4924812
0.472917,0.4912720
0.475000,0.4898683
0.477083,0.4884671
0.479167,0.4872664
0.481250,0.4864632
0.483333,0.4862552
0.485417,0.4862916
0.487500,0.4861334
0.489583,0.4858470
0.491667,0.4854977
0.493750,0.4851510
0.495833,0.4848725
0.497917,0.4847276
0.500000,0.4844950
0.502083,0.4843288
0.504167,0.4841606
0.506250,0.4839908
0.508333,0.4838195
0.510417,0.4836482
0.512500,0.4834772
0.514583,0.4833074
0.516667,0.4831388
0.518750,0.4831341
0.520833,0.4833963
0.522917,0.4838368
0.525000,0.4843674
0.527083,0.4848999
0.529167,0.4853454
0.531250,0.4856162
0.533333,0.4856241
0.535417,0.4860992
0.537500,0.4876031
0.539583,0.4897946
0.541667,0.4923312
0.543750,0.4948717
0.545833,0.4970734
0.547917,0.4985958
0.550000,0.4990955
0.552083,0.5003664
0.554167,0.5039221
0.556250,0.5090018
0.558333,0.5148472
0.560417,0.5206966
0.562500,0.5257918
0.564583,0.5293717
0.566667,0.5306771
0.568750,0.5330597
0.570833,0.5394835
0.572917,0.5486025
0.575000,0.5590719
0.577083,0.5695485
0.579167,0.5786867
0.581250,0.5851427
0.583333,0.5875712
0.585417,0.5906225
0.587500,0.5963392
0.589583,0.5929767
0.591667,0.5913040
0.593750,0.5896785
0.595833,0.5864596
0.597917,0.5793939
0.600000,0.5673609
0.602083,0.5554544
0.604167,0.5486330
0.606250,0.5452518
0.608333,0.5436626
0.610417,0.5422238
0.612500,0.5392873
0.614583,0.5332104
0.616667,0.5223459
0.618750,0.5113846
0.620833,0.5050956
0.622917,0.5019560
0.625000,0.5004433
0.627083,0.4990335
0.629167,0.4962034
0.631250,0.4904269
0.633333,0.4801810
0.635417,0.4696870
0.637500,0.4633030
0.639583,0.4597054
0.641667,0.4575686
0.643750,0.4554163
0.645833,0.4519528
0.647917,0.4459655
0.650000,0.4361281
0.652083,0.4258297
0.654167,0.4186539
0.656250,0.4135720
0.658333,0.4095552
0.660417,0.4055767
0.662500,0.4006084
0.664583,0.3936279
0.666667,0.3836087
0.668750,0.3728855
0.670833,0.3640666
0.672917,0.3565377
0.675000,0.3496869
0.677083,0.3429015
0.679167,0.3355675
0.681250,0.3270748
0.683333,0.3168092
0.685417,0.3061369
0.687500,0.2954984
0.689583,0.2830347
0.691667,0.2708468
0.693750,0.2585804
0.695833,0.2458872
0.697917,0.2324164
0.700000,0.2178179
0.702083,0.2031646
0.704167,0.1895679
0.706250,0.1767307
0.708333,0.1643536
0.710417,0.1521384
0.712500,0.1397841
0.714583,0.1269927
0.716667,0.1134644
0.718750,0.0998886
0.720833,0.0870547
0.722917,0.0748106
0.725000,0.0630058
0.727083,0.0514920
0.729167,0.0401226
0.731250,0.0287553
0.733333,0.0172476
0.735417,0.0058279
0.737500,-0.0051194
0.739583,-0.0154974
0.741667,-0.0252145
0.743750,-0.0341869
0.745833,-0.0423363
0.747917,-0.0495911
0.750000,-0.0558885
0.752083,-0.0617839
0.754167,-0.0676557
0.756250,-0.0731897
0.758333,-0.0780746
0.760417,-0.0820105
0.762500,-0.0847038
0.764583,-0.0858700
0.766667,-0.0852318
0.768750,-0.0843164
0.770833,-0.0844491
0.772917,-0.0850469
0.775000,-0.0856873
0.777083,-0.0856357
0.779167,-0.0843084
0.781250,-0.0811251
0.783333,-0.0755077
0.785417,-0.0699618
0.787500,-0.0667937
0.789583,-0.0650785
0.791667,-0.0686819
0.793750,-0.0734906
0.795833,-0.0768807
0.797917,-0.0779284
0.800000,-0.0758635
0.802083,-0.0754986
0.804167,-0.0787223
0.806250,-0.0842354
0.808333,-0.0907371
0.810417,-0.0969265
0.812500,-0.1015012
0.814583,-0.1031572
0.816667,-0.1005916
0.818750,-0.0985320
0.820833,-0.1014390
0.822917,-0.1076061
0.825000,-0.1153236
0.827083,-0.1239043
0.829167,-0.1307459
0.831250,-0.1339728
0.833333,-0.1318715
0.835417,-0.1304205
0.837500,-0.1352978
0.839583,-0.1443403
0.841667,-0.1553810
0.843750,-0.1662557
0.845833,-0.1747959
0.847917,-0.1788329
0.850000,-0.1761970
0.852083,-0.1748449
0.854167,-0.1815208
0.856250,-0.1933028
0.858333,-0.2075295
0.860417,-0.2215379
0.862500,-0.2326660
0.864583,-0.2382498
0.866667,-0.2356233
0.868750,-0.2342247
0.870833,-0.2428914
0.872917,-0.2580246
0.875000,-0.2759891
0.877083,-0.2940757
0.879167,-0.3078243
0.881250,-0.3133189
0.883333,-0.3067219
0.885417,-0.3002473
0.887500,-0.3051332
0.889583,-0.3155597
0.891667,-0.3275130
0.893750,-0.3370141
0.895833,-0.3401251
0.897917,-0.3329549
0.900000,-0.3116585
0.902083,-0.2864797
0.904167,-0.2681122
0.906250,-0.2536023
0.908333,-0.2402511
0.910417,-0.2256103
0.912500,-0.2072759
0.914583,-0.1830400
0.916667,-0.1580512
0.918750,-0.1504862
0.920833,-0.1590663
0.922917,-0.1716827
0.925000,-0.1861358
0.927083,-0.2003152
0.929167,-0.2121952
0.931250,-0.2198177
0.933333,-0.2212642
0.935417,-0.2178252
0.937500,-0.2125694
0.939583,-0.2062200
0.941667,-0.1994732
0.943750,-0.1930145
0.945833,-0.1875319
0.947917,-0.1837192
0.950000,-0.1822764
0.952083,-0.1809139
0.954167,-0.1773623
0.956250,-0.1723524
0.958333,-0.1666150
0.960417,-0.1608797
0.962500,-0.1558776
0.964583,-0.1523389
0.966667,-0.1509943
0.968750,-0.1499408
0.970833,-0.1471708
0.972917,-0.1432572
0.975000,-0.1387729
0.977083,-0.1342910
0.979167,-0.1303841
0.981250,-0.1276251
0.983333,-0.1265873
0.985417,-0.1258063
0.987500,-0.1237254
0.989583,-0.1207785
0.991667,-0.1173998
0.993750,-0.1140229
0.995833,-0.1110818
0.997917,-0.1090104
1.000000,-0.1082425
1.002083,-0.1076972
1.004167,-0.1062130
1.006250,-0.1041037
1.008333,-0.1016822
1.010417,-0.0992627
1.012500,-0.0971578
1.014583,-0.0956814
1.016667,-0.0951470
1.018750,-0.0948007
1.020833,-0.0938209
1.022917,-0.0924195
1.025000,-0.0908077
1.027083,-0.0891973
1.029167,-0.0877995
1.031250,-0.0868258
1.033333,-0.0864881
1.035417,-0.0863041
1.037500,-0.0857366
1.039583,-0.0849137
1.041667,-0.0839636
1.043750,-0.0830144
1.045833,-0.0821942
1.047917,-0.0816313
1.050000,-0.0814536
1.052083,-0.0813954
1.054167,-0.0811478
1.056250,-0.0807744
1.058333,-0.0803380
1.060417,-0.0799023
1.062500,-0.0795304
1.064583,-0.0792858
1.066667,-0.0792318
1.068750,-0.0792628
1.070833,-0.0792432
1.072917,-0.0791896
1.075000,-0.0791193
1.077083,-0.0790493
1.079167,-0.0789966
1.081250,-0.0789783
1.083333,-0.0790113
1.085417,-0.0793141
1.087500,-0.0800078
1.089583,-0.0809641
1.091667,-0.0820544
1.093750,-0.0831498
1.095833,-0.0841223
1.097917,-0.0848431
1.100000,-0.0851839
1.102083,-0.0859346
1.104167,-0.0877382
1.106250,-0.0902449
1.108333,-0.0931044
1.110417,-0.0959664
1.112500,-0.0984815
1.114583,-0.1002994
1.116667,-0.1010704
1.118750,-0.1021521
1.120833,-0.1047900
1.122917,-0.1084658
1.125000,-0.1126607
1.127083,-0.1168554
1.129167,-0.1205324
1.131250,-0.1231725
1.133333,-0.1242568
1.135417,-0.1255529
1.137500,-0.1287505
1.139583,-0.1332151
1.141667,-0.1383123
1.143750,-0.1434070
1.145833,-0.1478661
1.147917,-0.1510538
1.150000,-0.1523363
1.152083,-0.1537313
1.154167,-0.1572152
1.156250,-0.1620892
1.158333,-0.1676568
1.160417,-0.1732207
1.162500,-0.1780828
1.164583,-0.1815455
1.166667,-0.1829120
1.168750,-0.1842961
1.170833,-0.1878045
1.172917,-0.1927275
1.175000,-0.1983573
1.177083,-0.2039850
1.179167,-0.2089014
1.181250,-0.2123974
1.183333,-0.2137650
1.185417,-0.2150467
1.187500,-0.2183140
1.189583,-0.2229002
1.191667,-0.2281403
1.193750,-0.2333664
1.195833,-0.2379134
1.197917,-0.2411150
1.200000,-0.2423048
1.202083,-0.2422567
1.204167,-0.2421899
1.206250,-0.2421063
1.208333,-0.2420074
1.210417,-0.2418955
1.212500,-0.2417720
1.214583,-0.2416388
1.216667,-0.2414979
1.218750,-0.2413487
1.220833,-0.2411908
1.222917,-0.2410260
1.225000,-0.2408562
1.227083,-0.2406832
1.229167,-0.2405091
1.231250,-0.2403355
1.233333,-0.2401645
1.235417,-0.2399918
1.237500,-0.2398121
1.239583,-0.2396259
1.241667,-0.2394336
1.243750,-0.2392360
1.245833,-0.2390332
1.247917,-0.2388258
1.250000,-0.2386142
1.252083,-0.2383968
1.254167,-0.2381719
1.256250,-0.2379400
1.258333,-0.2377015
1.260417,-0.2374566
1.262500,-0.2372059
1.264583,-0.2369498
1.266667,-0.2366887
1.268750,-0.2364023
1.270833,-0.2360811
1.272917,-0.2357414
1.275000,-0.2353996
1.277083,-0.2350727
1.279167,-0.2347776
1.281250,-0.2345316
1.283333,-0.2343516
1.285417,-0.2342453
1.287500,-0.2341989
1.289583,-0.2341993
1.291667,-0.2342325
1.293750,-0.2342849
1.295833,-0.2343428
1.297917,-0.2343928
1.300000,-0.2344209
1.302083,-0.2344334
1.304167,-0.2344451
1.306250,-0.2344566
1.308333,-0.2344678
1.310417,-0.2344792
1.312500,-0.2344908
1.314583,-0.2345030
1.316667,-0.2345160
1.318750,-0.2345292
1.320833,-0.2345416
1.322917,-0.2345534
1.325000,-0.2345648
1.327083,-0.2345760
1.329167,-0.2345869
1.331250,-0.2345977
1.333333,-0.2346088
1.335417,-0.2346194
1.337500,-0.2346294
1.339583,-0.2346387
1.341667,-0.2346473
1.343750,-0.2346552
1.345833,-0.2346623
1.347917,-0.2346688
1.350000,-0.2346748
