time,coreY,x,z,descent
1.030000,1.299641,0.417293,0.056339,13.884320
1.032083,1.282668,0.418953,0.056341,8.147049
1.034167,1.275116,1.063754,0.056416,3.624573
1.036250,1.252100,1.063909,0.056410,11.047730
1.038333,1.214314,1.066004,0.056405,18.137400
1.040417,1.167427,1.069255,0.056400,22.505950
1.042500,1.117088,1.072875,0.056395,24.162650
1.044583,1.068977,1.076081,0.056390,23.092920
1.046667,1.028744,1.078087,0.056385,19.311960
1.048750,1.002060,1.078108,0.056381,12.808230
1.050833,0.990738,1.075836,0.056377,5.434971
1.052917,0.965132,1.074926,0.056374,12.290750
1.055000,0.922918,1.075737,0.056370,20.262740
1.057083,0.870480,1.077557,0.056368,25.170390
1.059167,0.814175,1.079677,0.056365,27.025940
1.061250,0.760398,1.081385,0.056363,25.813090
1.063333,0.715507,1.081970,0.056361,21.547850
1.065417,0.685884,1.080721,0.056359,14.218850
1.067500,0.673872,1.077532,0.056357,5.765705
1.069583,0.648360,1.077050,0.056357,12.246120
1.071667,0.606011,1.079224,0.056356,20.327250
1.073750,0.552564,1.082548,0.056356,25.654390
1.075833,0.493772,1.085499,0.056355,28.220190
1.077917,0.435441,1.086515,0.056356,27.998970
1.080000,0.382514,1.138669,0.056356,25.404850
1.082083,0.340728,1.130503,0.056356,20.057270
1.084167,0.311465,1.114458,0.056356,14.046660
1.086250,0.256209,1.089565,0.056356,26.522880
1.088333,0.155477,1.472776,0.056358,48.351010
1.090417,0.049170,1.444863,0.056358,51.027280
1.092500,0.003640,1.407766,0.056358,21.854580
1.094583,0.002178,1.364396,0.056358,0.701792
1.096667,0.000978,1.319664,0.056358,0.576001
1.098750,-0.000042,1.279374,0.056359,0.489384
1.100833,0.003549,1.248932,0.056359,-1.723678
1.102917,0.003962,1.229090,0.056359,-0.198159
1.105000,0.004301,1.217905,0.056359,-0.162360
1.107083,0.004595,1.213322,0.056359,-0.141342
1.109167,0.004870,1.213140,0.056359,-0.131869
1.111250,0.005140,1.215085,0.056359,-0.129856
1.113333,0.005411,1.216837,0.056359,-0.130076
1.115417,0.005681,1.216036,0.056359,-0.129586
1.117500,0.004618,1.210917,0.056359,0.510312
1.119583,0.004714,1.205500,0.056359,-0.046193
1.120000,0.004721,1.204515,0.056359,-0.003174
