fighter,direction,candidate,endSeconds,hipsDx,hipsDy,hipsDz,hipsBackwardMetres,rootDx,rootDy,rootDz,rootBackwardMetres
Mankey,1,GreatSword_Strafe_Walk_B_Start,0.266656667,-0.420075774,0.05157578,-0.121610165,0.4200758,-0.420076132,0,-0.121612132,0.420076162
Mankey,1,GreatSword_Strafe_Walk_B,1.13332355,-1.73078716,2.32458115E-06,1.19209275E-07,1.7307874,-1.73078656,0,2.38418579E-07,1.7307868
Mankey,1,GreatSword_Strafe_Walk_B_End,0.83332324,-0.523726344,-0.05157578,-0.0155406594,0.5237264,-0.5237266,0,-0.0155409575,0.523726642
Mankey,-1,GreatSword_Strafe_Walk_B_Start,0.266656667,0.420075774,0.05157578,0.121610284,0.420075834,0.420076132,0,0.121612251,0.4200762
Mankey,-1,GreatSword_Strafe_Walk_B,1.13332355,1.73078716,2.32458115E-06,3.57627869E-07,1.7307874,1.73078656,0,2.38418579E-07,1.7307868
Mankey,-1,GreatSword_Strafe_Walk_B_End,0.83332324,0.523726344,-0.05157578,0.0155407786,0.5237264,0.5237266,0,0.0155410767,0.523726642
Pepe,1,GreatSword_Strafe_Walk_B_Start,0.266656667,-0.453001738,0.0556182861,-0.13114208,0.453001767,-0.4530022,0,-0.131144226,0.453002244
Pepe,1,GreatSword_Strafe_Walk_B,1.13332355,-1.86644828,2.62260437E-06,1.19209275E-07,1.86644852,-1.86644745,0,2.38418579E-07,1.86644769
Pepe,1,GreatSword_Strafe_Walk_B_End,0.83332324,-0.5647768,-0.0556183457,-0.0167588,0.564776838,-0.5647768,0,-0.0167590976,0.564776838
Pepe,-1,GreatSword_Strafe_Walk_B_Start,0.266656667,0.453001738,0.0556182861,0.131142229,0.4530018,0.4530022,0,0.131144345,0.453002274
Pepe,-1,GreatSword_Strafe_Walk_B,1.13332355,1.86644828,2.62260437E-06,3.57627869E-07,1.86644852,1.86644745,0,2.38418579E-07,1.86644769
Pepe,-1,GreatSword_Strafe_Walk_B_End,0.83332324,0.5647768,-0.0556183457,0.0167589188,0.564776838,0.5647768,0,0.0167592168,0.564776838
