time,attackerX,attackerY,receiverX,receiverY,rightHandX,rightHandY,leftHandX,leftHandY,headX,headY
0.0000,-0.4999,0.7822,1.2503,0.8882,-0.4927,0.9172,-0.7270,0.9327,1.2070,1.3941
0.0333,-0.4992,0.7751,1.2502,0.8882,-0.5030,0.9067,-0.7236,0.9362,1.2029,1.3938
0.0667,-0.4977,0.7616,1.2500,0.8883,-0.5226,0.8894,-0.7175,0.9439,1.1986,1.3934
0.1000,-0.4957,0.7436,1.2498,0.8884,-0.5492,0.8692,-0.7072,0.9550,1.1941,1.3931
0.1333,-0.4935,0.7228,1.2495,0.8885,-0.5795,0.8499,-0.6918,0.9677,1.1895,1.3927
0.1667,-0.4914,0.7011,1.2493,0.8886,-0.6095,0.8339,-0.6723,0.9798,1.1849,1.3922
0.2000,-0.4895,0.6804,1.2490,0.8887,-0.6356,0.8220,-0.6514,0.9890,1.1802,1.3918
0.2333,-0.4881,0.6627,1.2487,0.8888,-0.6550,0.8133,-0.6330,0.9939,1.1756,1.3913
0.2667,-0.4873,0.6498,1.2484,0.8889,-0.6661,0.8062,-0.6209,0.9939,1.1710,1.3908
0.3000,-0.4871,0.6428,1.2481,0.8890,-0.6687,0.7993,-0.6153,0.9908,1.1666,1.3902
0.3333,-0.4869,0.6368,1.2479,0.8891,-0.6700,0.7922,-0.6078,0.9887,1.1623,1.3896
0.3667,-0.4867,0.6308,1.2477,0.8891,-0.6717,0.7845,-0.6085,0.9793,1.1583,1.3890
0.4000,-0.4864,0.6250,1.2476,0.8891,-0.6737,0.7764,-0.6043,0.9744,1.1545,1.3883
0.4333,-0.4861,0.6193,1.2476,0.8891,-0.6762,0.7678,-0.5999,0.9694,1.1510,1.3876
0.4667,-0.4858,0.6138,1.2477,0.8891,-0.6791,0.7590,-0.5952,0.9641,1.1478,1.3868
0.5000,-0.4854,0.6084,1.2479,0.8890,-0.6825,0.7499,-0.5905,0.9588,1.1449,1.3860
0.5333,-0.4850,0.6031,1.2482,0.8888,-0.6862,0.7406,-0.5859,0.9538,1.1425,1.3852
0.5667,-0.4846,0.5980,1.2486,0.8886,-0.6904,0.7312,-0.5812,0.9489,1.1405,1.3844
0.6000,-0.4841,0.5930,1.2492,0.8883,-0.6948,0.7217,-0.5767,0.9440,1.1390,1.3836
0.6333,-0.4836,0.5882,1.2500,0.8880,-0.6996,0.7122,-0.5723,0.9392,1.1378,1.3827
0.6667,-0.4832,0.5836,1.2508,0.8876,-0.7044,0.7028,-0.5679,0.9344,1.1366,1.3816
0.7000,-0.4827,0.5792,1.2518,0.8872,-0.7094,0.6935,-0.5638,0.9297,1.1356,1.3805
0.7333,-0.4822,0.5750,1.2529,0.8868,-0.7142,0.6842,-0.5599,0.9251,1.1347,1.3793
0.7667,-0.4817,0.5710,1.2541,0.8863,-0.7189,0.6751,-0.5564,0.9209,1.1340,1.3780
0.8000,-0.4812,0.5672,1.2554,0.8858,-0.7232,0.6660,-0.5532,0.9171,1.1335,1.3767
0.8333,-0.4807,0.5637,1.2567,0.8853,-0.7270,0.6571,-0.5505,0.9135,1.1331,1.3754
0.8667,-0.4803,0.5603,1.2581,0.8848,-0.7302,0.6483,-0.5482,0.9104,1.1329,1.3741
0.9000,-0.4798,0.5573,1.2595,0.8842,-0.7326,0.6396,-0.5464,0.9075,1.1329,1.3727
0.9333,-0.4794,0.5544,1.2610,0.8837,-0.7341,0.6309,-0.5451,0.9050,1.1332,1.3714
0.9667,-0.4790,0.5519,1.2625,0.8830,-0.7344,0.6222,-0.5442,0.9027,1.1337,1.3702
1.0000,-0.4786,0.5496,1.2640,0.8824,-0.7334,0.6136,-0.5440,0.9007,1.1344,1.3690
1.0333,-0.4782,0.5475,1.2656,0.8818,-0.7311,0.6049,-0.5445,0.8992,1.1353,1.3679
1.0667,-0.4779,0.5458,1.2671,0.8811,-0.7272,0.5961,-0.5457,0.8982,1.1365,1.3669
1.1000,-0.4776,0.5443,1.2686,0.8804,-0.7217,0.5874,-0.5476,0.8977,1.1379,1.3661
1.1333,-0.4774,0.5432,1.2700,0.8797,-0.7144,0.5787,-0.5504,0.8975,1.1396,1.3654
1.1667,-0.4772,0.5424,1.2714,0.8790,-0.7053,0.5701,-0.5542,0.8979,1.1416,1.3649
1.2000,-0.4770,0.5419,1.2728,0.8782,-0.6943,0.5617,-0.5590,0.8991,1.1438,1.3646
1.2333,-0.4769,0.5417,1.2741,0.8774,-0.6814,0.5536,-0.5672,0.9000,1.1463,1.3645
1.2667,-0.4769,0.5419,1.2753,0.8767,-0.6668,0.5460,-0.5719,0.9024,1.1491,1.3646
1.3000,-0.3974,0.6003,1.2765,0.8759,0.4563,0.7957,-0.5934,0.9130,1.1523,1.3650
1.3333,-0.2965,0.6738,1.2772,0.8747,-0.4229,1.4759,-0.3160,0.7785,1.2309,1.3896
1.3667,-0.2858,0.6842,1.2774,0.8729,-0.5404,1.5581,-0.1288,0.8467,1.2301,1.3873
1.4000,-0.2971,0.6743,1.2773,0.8709,-0.3231,1.5931,-0.1420,0.8592,1.2232,1.3834
1.4333,-0.2949,0.6578,1.2773,0.8689,0.3836,1.1941,-0.3509,0.8533,1.2208,1.3811
1.4667,-0.2918,0.6392,1.3346,0.8675,0.1994,0.7431,-0.5584,0.8897,1.3645,1.3774
1.5000,-0.2912,0.6449,1.3407,0.8646,-0.2859,0.8285,-0.5888,0.9037,1.4116,1.3699
1.5333,-0.2931,0.6804,1.3348,0.8583,-0.2802,0.8574,-0.5928,0.9169,1.4537,1.3564
1.5667,-0.2910,0.6855,1.3450,0.8489,-0.1205,1.0557,-0.6008,0.8891,1.4635,1.3453
1.6000,-0.2688,0.5255,1.5458,0.7051,0.6105,0.9820,-0.4062,0.7033,1.1865,0.9377
1.6333,-0.2444,0.5334,1.6378,0.6506,-0.2028,1.1639,-0.1613,0.6966,1.2715,0.8252
1.6667,-0.2343,0.5699,1.7273,0.6097,-0.4708,1.2673,-0.0329,0.7343,1.3591,0.7817
1.7000,-0.2366,0.6042,1.8139,0.5817,-0.4790,1.2890,-0.0286,0.7653,1.4451,0.7655
1.7333,-0.2348,0.6116,1.8970,0.5659,-0.2953,1.2417,-0.1477,0.7839,1.5255,0.7482
1.7667,-0.2310,0.6097,1.9762,0.5632,0.0420,1.1410,-0.3068,0.8019,1.6017,0.7462
1.8000,-0.2271,0.6042,2.0508,0.5717,0.4105,0.9858,-0.4431,0.8198,1.6752,0.7601
1.8333,-0.2235,0.5962,2.1206,0.5865,0.5942,0.7970,-0.5149,0.8345,1.7447,0.7815
1.8667,-0.2202,0.5867,2.1848,0.6026,0.4404,0.6356,-0.5162,0.8455,1.8078,0.8052
1.9000,-0.2174,0.5768,2.2431,0.6148,0.0601,0.6658,-0.4733,0.8540,1.8656,0.8280
1.9333,-0.2151,0.5675,2.2934,0.6230,-0.2634,0.6895,-0.4198,0.8611,1.9169,0.8487
1.9667,-0.2132,0.5597,2.3349,0.6305,-0.4334,0.7125,-0.3781,0.8660,1.9610,0.8689
2.0000,-0.2108,0.5539,2.3692,0.6378,-0.4614,0.7118,-0.3562,0.8674,1.9988,0.8886
2.0333,-0.2016,0.5476,2.3979,0.6450,-0.4688,0.7000,-0.3372,0.8649,2.0312,0.9078
2.0667,-0.1869,0.5410,2.4223,0.6525,-0.4754,0.6829,-0.3218,0.8569,2.0594,0.9268
2.1000,-0.1693,0.5346,2.4439,0.6604,-0.4783,0.6624,-0.3008,0.8546,2.0855,0.9461
2.1333,-0.1512,0.5293,2.4641,0.6692,-0.4749,0.6406,-0.2806,0.8532,2.1110,0.9658
2.1667,-0.1352,0.5258,2.4844,0.6792,-0.4644,0.6208,-0.2527,0.8517,2.1372,0.9868
2.2000,-0.1236,0.5249,2.4933,0.6954,-0.4494,0.6071,-0.2399,0.8532,2.1508,1.0130
2.2333,-0.1192,0.5272,2.4856,0.7161,-0.4352,0.6035,-0.2457,0.8543,2.1442,1.0341
2.2667,1.8177,0.6089,2.4723,0.7312,2.3580,0.9344,1.7378,0.8976,2.1656,1.0967
2.3000,3.1263,0.5514,2.4423,0.7404,2.8671,1.0375,3.2256,0.8096,2.5683,1.2480
2.3333,3.3632,0.5456,2.4480,0.7502,3.0223,1.0492,3.5147,0.7827,2.6003,1.2499
2.3667,3.4737,0.5464,2.4551,0.7606,3.1136,1.0613,3.6509,0.7598,2.6285,1.2525
2.4000,3.5744,0.5504,2.4633,0.7711,3.2254,1.0736,3.7618,0.7408,2.6513,1.2570
2.4333,3.6652,0.5540,2.4722,0.7815,3.3328,1.0849,3.8575,0.7236,2.6695,1.2634
2.4667,3.7458,0.5543,2.4814,0.7914,3.4154,1.0948,3.9467,0.7071,2.6836,1.2713
2.5000,3.8162,0.5530,2.4906,0.8006,3.4908,1.1002,4.0250,0.6915,2.6940,1.2803
2.5333,3.8768,0.5513,2.4995,0.8088,3.5608,1.1014,4.0923,0.6772,2.7011,1.2896
2.5667,3.9274,0.5501,2.5076,0.8156,3.6216,1.0996,4.1497,0.6646,2.7052,1.2985
2.6000,3.9680,0.5502,2.5146,0.8208,3.6695,1.0961,4.1984,0.6542,2.7067,1.3063
2.6333,3.9985,0.5524,2.5201,0.8239,3.7005,1.0924,4.2398,0.6461,2.7058,1.3124
2.6667,4.0203,0.5576,2.5238,0.8249,3.7122,1.0870,4.2771,0.6407,2.7028,1.3161
2.7000,4.0404,0.5665,2.5253,0.8232,3.7129,1.0665,4.3201,0.6374,2.6981,1.3170
2.7333,4.0599,0.5787,2.5244,0.8184,3.7109,1.0368,4.3682,0.6365,2.6917,1.3143
2.7667,4.0789,0.5936,2.5217,0.8092,3.7125,1.0088,4.4188,0.6386,2.6825,1.3075
2.8000,4.0973,0.6109,2.5173,0.7957,3.7203,0.9939,4.4681,0.6420,2.6702,1.2966
2.8333,4.1151,0.6300,2.5114,0.7783,3.7328,1.0013,4.5125,0.6469,2.6552,1.2821
2.8667,4.1324,0.6504,2.5042,0.7573,3.7458,1.0347,4.5497,0.6567,2.6375,1.2641
2.9000,4.1490,0.6717,2.4958,0.7331,3.7550,1.0910,4.5785,0.6737,2.6175,1.2430
2.9333,4.1650,0.6933,2.4863,0.7062,3.7586,1.1703,4.5987,0.6989,2.5954,1.2189
2.9667,4.1803,0.7149,2.4760,0.6768,3.7671,1.2842,4.6118,0.7311,2.5713,1.1923
3.0000,4.1950,0.7358,2.4649,0.6454,3.7848,1.3604,4.6202,0.7673,2.5456,1.1632
3.0333,4.2089,0.7556,2.4532,0.6084,3.8128,1.3694,4.6276,0.8033,2.5183,1.1282
3.0667,4.2220,0.7739,2.4410,0.5486,3.8534,1.3453,4.6374,0.8351,2.4899,1.0698
3.1000,4.2344,0.7901,2.4285,0.4765,3.9021,1.3092,4.6522,0.8615,2.4594,0.9985
3.1333,4.2458,0.8038,2.4158,0.4074,3.9559,1.2381,4.6720,0.8818,2.4238,0.9273
3.1667,4.2563,0.8155,2.4019,0.4137,4.0041,1.1809,4.6937,0.8973,2.3765,0.9237
3.2000,4.2657,0.8261,2.3858,0.4198,4.0425,1.1885,4.7108,0.9108,2.3455,0.9253
3.2333,4.2740,0.8357,2.3680,0.4251,4.0803,1.2174,4.7148,0.9233,2.3221,0.9315
3.2667,4.2813,0.8444,2.3489,0.4306,4.1118,1.2518,4.6993,0.9359,2.2988,0.9387
3.3000,4.2877,0.8522,2.3290,0.4360,4.1134,1.3042,4.6607,0.9488,2.2738,0.9449
3.3333,4.2932,0.8593,2.3085,0.4408,4.1057,1.3679,4.6004,0.9618,2.2472,0.9501
3.3667,4.2979,0.8657,2.2881,0.4446,4.1455,1.4241,4.5241,0.9740,2.2187,0.9534
3.4000,4.3019,0.8714,2.2679,0.4471,4.2147,1.4980,4.4423,0.9834,2.1882,0.9543
3.4333,4.3051,0.8766,2.2485,0.4482,4.3246,1.5720,4.3695,0.9875,2.1568,0.9531
3.4667,4.3077,0.8814,2.2295,0.4502,4.4622,1.5982,4.3141,0.9880,2.1240,0.9519
3.5000,4.3097,0.8857,2.2105,0.4528,4.6084,1.5573,4.2781,0.9877,2.0893,0.9502
3.5333,4.3111,0.8898,2.1915,0.4551,4.7628,1.4766,4.2583,0.9910,2.0522,0.9470
3.5667,4.3119,0.8936,2.1721,0.4564,4.9051,1.3964,4.2495,0.9999,2.0120,0.9412
3.6000,4.3116,0.8969,2.1521,0.4558,5.0038,1.3394,4.2424,1.0129,1.9685,0.9316
3.6333,4.3099,0.8994,2.1314,0.4525,5.0493,1.2905,4.2327,1.0281,1.9213,0.9166
3.6667,4.3070,0.9011,2.1095,0.4459,5.0353,1.2426,4.2247,1.0429,1.8699,0.8950
3.7000,4.3031,0.9022,2.0864,0.4349,4.9643,1.2005,4.2187,1.0549,1.8145,0.8651
3.7333,4.2984,0.9028,2.0619,0.4189,4.8641,1.1712,4.2140,1.0625,1.7549,0.8252
3.7667,4.2932,0.9029,2.0360,0.3983,4.7679,1.1585,4.2086,1.0646,1.6919,0.7751
3.8000,4.2875,0.9027,2.0090,0.3737,4.6948,1.1552,4.2019,1.0622,1.6278,0.7155
3.8333,4.2818,0.9024,1.9812,0.3458,4.6368,1.1450,4.1925,1.0572,1.5648,0.6472
3.8667,4.2761,0.9019,1.9528,0.3154,4.5809,1.1276,4.1811,1.0502,1.5045,0.5708
3.9000,4.2706,0.9015,1.9241,0.2833,4.5275,1.1096,4.1686,1.0420,1.4486,0.4872
3.9333,4.2657,0.9012,1.8953,0.2502,4.4818,1.0953,4.1563,1.0334,1.3987,0.3974
3.9667,4.2614,0.9011,1.8668,0.2168,4.4518,1.0871,4.1451,1.0258,1.3564,0.3041
4.0000,4.2581,0.9014,1.8386,0.1840,4.4469,1.0826,4.1360,1.0202,1.3218,0.2113
4.0333,4.2555,0.9020,1.8110,0.1525,4.4500,1.0766,4.1289,1.0163,1.2910,0.1261
4.0667,4.2532,0.9027,1.7975,0.1440,4.4556,1.0714,4.1233,1.0132,1.2787,0.0947
4.1000,4.2511,0.9035,1.7975,0.1535,4.4662,1.0673,4.1188,1.0106,1.2829,0.1006
4.1333,4.2493,0.9044,1.7975,0.1497,4.4835,1.0648,4.1151,1.0082,1.2785,0.1048
4.1667,4.2477,0.9053,1.7975,0.1423,4.5081,1.0641,4.1120,1.0058,1.2756,0.1082
4.2000,4.2462,0.9062,1.7975,0.1376,4.5411,1.0656,4.1094,1.0032,1.2752,0.1054
4.2333,4.2449,0.9070,1.7975,0.1366,4.5847,1.0709,4.1069,1.0003,1.2757,0.0978
4.2667,4.2436,0.9077,1.7975,0.1360,4.6365,1.0793,4.1044,0.9973,1.2770,0.0889
4.3000,4.2424,0.9083,1.7975,0.1357,4.6925,1.0912,4.1018,0.9942,1.2780,0.0844
4.3333,4.2413,0.9086,1.7975,0.1358,4.7468,1.1122,4.1000,0.9910,1.2781,0.0843
4.3667,4.2401,0.9088,1.7975,0.1360,4.8041,1.1382,4.0987,0.9882,1.2781,0.0845
4.4000,4.2388,0.9087,1.7975,0.1363,4.8865,1.1655,4.0973,0.9862,1.2780,0.0848
4.4333,4.2375,0.9083,1.7975,0.1367,4.9702,1.1876,4.0950,0.9853,1.2780,0.0852
4.4667,4.2360,0.9075,1.7975,0.1371,5.0244,1.1975,4.0915,0.9858,1.2780,0.0855
4.5000,4.2343,0.9062,1.7975,0.1374,5.0272,1.1912,4.0878,0.9862,1.2780,0.0858
4.5333,4.2321,0.9037,1.7975,0.1375,5.0067,1.1793,4.0845,0.9857,1.2780,0.0858
4.5667,4.2295,0.9003,1.7975,0.1375,4.9729,1.1665,4.0816,0.9843,1.2780,0.0858
4.6000,4.2265,0.8962,1.7975,0.1375,4.9293,1.1514,4.0790,0.9824,1.2780,0.0858
4.6333,4.2233,0.8916,1.7975,0.1375,4.8783,1.1348,4.0767,0.9804,1.2780,0.0858
4.6667,4.2200,0.8870,1.7975,0.1375,4.8218,1.1176,4.0747,0.9786,1.2780,0.0858
4.7000,4.2168,0.8825,1.7975,0.1375,4.7621,1.1007,4.0729,0.9775,1.2780,0.0858
4.7333,4.2137,0.8786,1.7975,0.1375,4.7014,1.0847,4.0713,0.9774,1.2780,0.0858
4.7667,4.2109,0.8754,1.7975,0.1375,4.5986,1.0540,4.0697,0.9787,1.2780,0.0858
4.8000,4.2085,0.8733,1.7975,0.1375,4.3920,0.9834,4.0682,0.9818,1.2780,0.0858
4.8333,4.2066,0.8728,1.7975,0.1375,4.2973,0.9572,4.0673,0.9884,1.2780,0.0858
4.8667,4.2054,0.8752,1.7975,0.1375,4.3054,0.9703,4.0715,1.0039,1.2780,0.0858
4.9000,4.2049,0.8798,1.7975,0.1375,4.3366,0.9637,4.0806,1.0235,1.2780,0.0858
4.9333,4.2053,0.8854,1.7975,0.1375,4.3930,0.9353,4.0929,1.0408,1.2780,0.0858
4.9667,4.2066,0.8909,1.7975,0.1375,4.4463,0.9074,4.1055,1.0500,1.2780,0.0858
5.0000,4.2090,0.8953,1.7975,0.1375,4.4759,0.8947,4.1157,1.0486,1.2780,0.0858
5.0333,4.2139,0.8989,1.7975,0.1375,4.4878,0.8962,4.1269,1.0407,1.2780,0.0858
5.0667,4.2224,0.9027,1.7975,0.1375,4.4916,0.9029,4.1434,1.0303,1.2780,0.0858
5.1000,4.2334,0.9065,1.7975,0.1375,4.4850,0.9139,4.1644,1.0203,1.2780,0.0858
5.1333,4.2461,0.9102,1.7975,0.1375,4.4673,0.9279,4.1881,1.0128,1.2780,0.0858
5.1667,4.2598,0.9138,1.7975,0.1375,4.4391,0.9434,4.2132,1.0070,1.2780,0.0858
5.2000,4.2735,0.9172,1.7975,0.1375,4.4025,0.9587,4.2391,1.0012,1.2780,0.0858
5.2333,4.2864,0.9203,1.7975,0.1375,4.3604,0.9726,4.2644,0.9956,1.2780,0.0858
5.2667,4.2976,0.9230,1.7975,0.1375,4.3160,0.9841,4.2878,0.9903,1.2780,0.0858
5.3000,4.3064,0.9252,1.7975,0.1375,4.2722,0.9929,4.3074,0.9852,1.2780,0.0858
5.3333,4.3118,0.9268,1.7975,0.1375,4.2312,0.9988,4.3215,0.9804,1.2780,0.0858
5.3667,4.3149,0.9281,1.7975,0.1375,4.1946,1.0025,4.3317,0.9761,1.2780,0.0858
5.4000,4.3173,0.9292,1.7975,0.1375,4.1640,1.0046,4.3407,0.9725,1.2780,0.0858
5.4333,4.3192,0.9301,1.7975,0.1375,4.1396,1.0054,4.3482,0.9698,1.2780,0.0858
5.4667,4.3205,0.9310,1.7975,0.1375,4.1197,1.0053,4.3546,0.9677,1.2780,0.0858
5.5000,4.3214,0.9318,1.7975,0.1375,4.1035,1.0046,4.3602,0.9659,1.2780,0.0858
5.5333,4.3218,0.9324,1.7975,0.1375,4.0906,1.0034,4.3650,0.9646,1.2780,0.0858
5.5667,4.3219,0.9330,1.7975,0.1375,4.0805,1.0020,4.3689,0.9634,1.2780,0.0858
5.6000,4.3216,0.9334,1.7975,0.1375,4.0728,1.0005,4.3720,0.9626,1.2780,0.0858
5.6333,4.3210,0.9338,1.7975,0.1375,4.0670,0.9988,4.3744,0.9618,1.2780,0.0858
5.6667,4.3202,0.9341,1.7975,0.1375,4.0628,0.9972,4.3761,0.9613,1.2780,0.0858
5.7000,4.3193,0.9343,1.7975,0.1375,4.0598,0.9956,4.3772,0.9608,1.2780,0.0858
5.7333,4.3182,0.9345,1.7975,0.1375,4.0576,0.9940,4.3777,0.9603,1.2780,0.0858
5.7667,4.3171,0.9347,1.7975,0.1375,4.0560,0.9925,4.3777,0.9598,1.2780,0.0858
5.8000,4.3159,0.9348,1.7975,0.1375,4.0545,0.9911,4.3773,0.9593,1.2780,0.0858
5.8333,4.3148,0.9348,1.7975,0.1375,4.0530,0.9898,4.3764,0.9587,1.2780,0.0858
5.8667,4.3137,0.9348,1.7975,0.1375,4.0514,0.9887,4.3749,0.9581,1.2780,0.0858
5.9000,4.3128,0.9348,1.7975,0.1375,4.0500,0.9878,4.3726,0.9575,1.2780,0.0858
5.9333,4.3121,0.9348,1.7975,0.1375,4.0489,0.9872,4.3703,0.9570,1.2780,0.0858
5.9667,4.3117,0.9348,1.7975,0.1375,4.0482,0.9868,4.3685,0.9567,1.2780,0.0858
6.0000,4.3115,0.9348,1.7975,0.1375,4.0480,0.9866,4.3677,0.9566,1.2780,0.0858
6.0000,4.3115,0.9348,1.7975,0.1375,4.0480,0.9866,4.3677,0.9566,1.2780,0.0858
