seconds,rig,attackerForwardDotPositiveLane,receiverForwardDotPositiveLane,leftHandPivotToHeadPivotMetres,rightHandPivotToHeadPivotMetres
0,fighter,0.7046801,0.6897977,0.6018973,0.8668206
0,native,0.9960922,0.9971494,0.9996194,0.972584963
0.0166666675,fighter,0.734828055,0.721499741,0.619702637,0.856447935
0.0166666675,native,0.9961672,0.997204959,0.998300254,0.971677661
0.0333333351,fighter,0.8065446,0.797197938,0.671185434,0.841885269
0.0333333351,native,0.9962416,0.9972576,0.997093737,0.9708308
0.05,fighter,0.8885865,0.8841979,0.753149748,0.8539609
0.05,native,0.996323943,0.9973046,0.9960507,0.9700853
0.06666667,fighter,0.9539248,0.9535333,0.855046451,0.9054122
0.06666667,native,0.9964211,0.9973442,0.9952628,0.9695313
0.0833333358,fighter,0.9892957,0.990535259,0.957506955,0.974609852
0.0833333358,native,0.9965381,0.9973727,0.994861841,0.9692835
0.1,fighter,0.998869658,0.9995569,1.0377326,1.0306536
0.1,native,0.996679664,0.9973977,0.994839,0.9693936
0.116666667,fighter,0.998143852,0.997825444,1.07611394,1.05663049
0.116666667,native,0.9968372,0.9974261,0.995070636,0.9698356
0.12,fighter,0.9980909,0.997710764,1.07738185,1.05751312
0.12,native,0.9968708,0.997431338,0.9951634,0.9699551
0.13333334,fighter,0.998211145,0.9977271,1.077925,1.057944
0.13333334,native,0.9970197,0.99744755,0.99581486,0.9705073
0.15,fighter,0.998387337,0.9977358,1.07968628,1.0587827
0.15,native,0.9972493,0.9974578,0.997755051,0.9715625
0.166666672,fighter,0.9985497,0.9977386,1.08187842,1.05968153
0.166666672,native,0.997472465,0.9974633,1.00014591,0.9727122
0.183333337,fighter,0.998662651,0.9977421,1.0834502,1.06025887
0.183333337,native,0.9976537,0.9974699,1.00189114,0.9735611
0.2,fighter,0.998767257,0.9977539,1.08483529,1.06060791
0.2,native,0.9978304,0.99748534,1.00344133,0.9741628
0.216666669,fighter,0.9988796,0.997777164,1.08612311,1.06078315
0.216666669,native,0.9980117,0.9975125,1.00489211,0.9745433
0.233333334,fighter,0.9989948,0.997810066,1.08723354,1.06101382
0.233333334,native,0.99818635,0.9975486,1.00616431,0.9750236
0.25,fighter,0.9991249,0.9978499,1.08825684,1.06125033
0.25,native,0.998358,0.997591257,1.007342,0.975507
0.266666681,fighter,0.9992717,0.997894,1.08914793,1.06121206
0.266666681,native,0.9985283,0.9976386,1.00836027,0.9757016
0.283333331,fighter,0.999434769,0.9979401,1.08988738,1.06093013
0.283333331,native,0.998696268,0.997688,1.00919962,0.9756588
0.3,fighter,0.9995832,0.997985959,1.09049022,1.06072891
0.3,native,0.9988223,0.9977374,1.00988746,0.975716531
0.316666663,fighter,0.9996978,0.9980336,1.09133518,1.06080484
0.316666663,native,0.998876631,0.9977889,1.01081014,0.9760739
0.333333343,fighter,0.999774933,0.9980876,1.09227061,1.06136906
0.333333343,native,0.998871863,0.9978476,1.01185107,0.97697
0.35,fighter,0.9997998,0.998149157,1.09310043,1.06280816
0.35,native,0.9988016,0.9979148,1.01286936,0.9788511
0.366666675,fighter,0.999754548,0.9982177,1.09414017,1.06460881
0.366666675,native,0.998658061,0.9979896,1.01413178,0.981075943
0.383333325,fighter,0.9996435,0.998292446,1.0961659,1.067159
0.383333325,native,0.9984497,0.9980711,1.01638436,0.9839824
0.4,fighter,0.999476552,0.9983713,1.098514,1.070496
0.4,native,0.998212159,0.9981599,1.0189985,0.987646461
0.416666657,fighter,0.999231,0.998451948,1.10002172,1.07382178
0.416666657,native,0.997960031,0.9982508,1.02080846,0.9912052
0.433333337,fighter,0.9989177,0.9985332,1.101248,1.07685816
0.433333337,native,0.9976789,0.998343,1.022378,0.9944131
0.45,fighter,0.9985661,0.9986158,1.10197842,1.0789721
0.45,native,0.997384667,0.998437464,1.02351677,0.996630669
0.466666669,fighter,0.998187065,0.9986914,1.10229206,1.08028758
0.466666669,native,0.997068,0.998524249,1.02422559,0.997970462
0.483333319,fighter,0.99782,0.9987461,1.102456,1.08145988
0.483333319,native,0.9967396,0.9985893,1.02475417,0.9991362
0.5,fighter,0.99747926,0.9987987,1.1022296,1.083027
0.5,native,0.9964106,0.9986506,1.02484882,1.0007236
0.516666651,fighter,0.99719,0.998873651,1.10179913,1.08475482
0.516666651,native,0.996102333,0.998729765,1.02462387,1.00247312
0.533333361,fighter,0.9969443,0.9989468,1.10141933,1.086725
0.533333361,native,0.995800436,0.9988073,1.02445388,1.00450277
0.55,fighter,0.9967123,0.9990034,1.10159564,1.089613
0.55,native,0.9954629,0.998873,1.02496529,1.0075742
0.566666663,fighter,0.996525049,0.9990483,1.10181868,1.09247112
0.566666663,native,0.9951448,0.998928845,1.02555561,1.01064789
0.5833333,fighter,0.996402562,0.999079466,1.10165238,1.09462345
0.5833333,native,0.9948776,0.9989718,1.02572882,1.012991
0.6,fighter,0.996304154,0.999102652,1.1013329,1.09656966
0.6,native,0.994623661,0.999007165,1.02572823,1.0151602
0.6166667,fighter,0.996208847,0.999120831,1.10077667,1.09832191
0.6166667,native,0.9943686,0.9990369,1.02545154,1.0171268
0.6333333,fighter,0.996127,0.999135733,1.09959888,1.09968781
0.6333333,native,0.9941336,0.999062,1.02458489,1.01866138
0.65,fighter,0.996057,0.9991486,1.09815824,1.10077453
0.65,native,0.9939228,0.999083,1.02338219,1.0198729
0.6666667,fighter,0.995983,0.999158263,1.0966146,1.10184491
0.6666667,native,0.993720055,0.999099433,1.02203572,1.0210346
0.683333337,fighter,0.9958845,0.999164641,1.09483576,1.10292757
0.683333337,native,0.993508756,0.999111056,1.02043,1.02216542
0.7,fighter,0.9957663,0.999170959,1.09289074,1.10372794
0.7,native,0.993290365,0.999121964,1.01862228,1.02297509
0.716666639,fighter,0.99562186,0.9991791,1.09078562,1.10411978
0.716666639,native,0.9930553,0.9991359,1.01662147,1.0233525
0.733333349,fighter,0.9954347,0.9991896,1.08862746,1.10406721
0.733333349,native,0.992779553,0.9991541,1.014555,1.02328742
0.75,fighter,0.9951942,0.9992023,1.086387,1.10349786
0.75,native,0.992444,0.999176562,1.01240611,1.02272415
0.766666651,fighter,0.994896054,0.9992167,1.083943,1.10244954
0.766666651,native,0.9920394,0.99920243,1.01007879,1.021719
0.783333361,fighter,0.9945154,0.9992326,1.0811528,1.10092461
0.783333361,native,0.9915363,0.99923104,1.00742793,1.02028513
0.8,fighter,0.9940234,0.9992504,1.07813513,1.09908473
0.8,native,0.9908995,0.9992625,1.00457978,1.018588
0.816666663,fighter,0.9933961,0.99927175,1.07504666,1.09719551
0.816666663,native,0.9900933,0.999298036,1.00170088,1.01691723
0.8333333,fighter,0.992630541,0.999297,1.0717901,1.0954088
0.8333333,native,0.9891212,0.9993378,0.9986733,1.01539469
0.85,fighter,0.991729856,0.999325454,1.06867075,1.09386122
0.85,native,0.9879959,0.9993806,0.9957842,1.01413167
0.8666667,fighter,0.9907162,0.9993569,1.065672,1.09243035
0.8666667,native,0.9867674,0.999426067,0.993002355,1.01297677
0.8833333,fighter,0.989665449,0.999393642,1.06246734,1.09098029
0.8833333,native,0.9855492,0.9994757,0.9899873,1.01178384
0.9,fighter,0.9884123,0.999434769,1.05921471,1.08951867
0.9,native,0.9841357,0.9995287,0.986902952,1.01054883
0.9166667,fighter,0.9867213,0.999475956,1.05590451,1.08789432
0.9166667,native,0.982244253,0.9995818,0.9837626,1.00912893
0.933333337,fighter,0.9847045,0.999516845,1.052599,1.08630085
0.933333337,native,0.9800159,0.9996369,0.98065114,1.00774109
0.95,fighter,0.982490063,0.9995584,1.049342,1.08479059
0.95,native,0.977609158,0.999695241,0.977621257,1.00642133
0.966666639,fighter,0.980029166,0.9995958,1.04606509,1.08319438
0.966666639,native,0.974989235,0.9997511,0.974562049,1.00503147
0.983333349,fighter,0.977258742,0.9996266,1.042693,1.081533
0.983333349,native,0.9720973,0.999800742,0.9713882,1.00365579
1,fighter,0.9743211,0.9996511,1.03936458,1.07955718
1,native,0.9690636,0.9998449,0.968297362,1.00201809
1.01666665,fighter,0.9712924,0.9996688,1.03605187,1.07697427
1.01666665,native,0.965957046,0.9998834,0.965259969,0.9997902
1.0333333,fighter,0.9683426,0.9996808,1.03263974,1.07394183
1.0333333,native,0.962938368,0.9999148,0.962283731,0.997161269
1.05,fighter,0.965783834,0.999688,1.02991831,1.0708096
1.05,native,0.960270464,0.9999382,0.9601624,0.9945478
1.0625,fighter,0.964314,0.999690831,1.02853584,1.06850672
1.0625,native,0.958682239,0.999951363,0.959390044,0.992714942
1.06666672,fighter,0.9639439,0.9996911,1.02822042,1.06774414
1.06666672,native,0.958264053,0.9999551,0.959321737,0.992126465
1.08333337,fighter,0.9630122,0.9996907,1.02778316,1.06491745
1.08333337,native,0.9570802,0.999966741,0.9600941,0.990116656
1.1,fighter,0.962847948,0.99968797,1.028623,1.06152093
1.1,native,0.9566055,0.9999732,0.9624836,0.9876568
1.11666667,fighter,0.963417947,0.9996831,1.03063738,1.05571985
1.11666667,native,0.956856549,0.999974966,0.966391,0.982829034
1.125,fighter,0.9639359,0.999680042,1.03209984,1.05171108
1.125,native,0.9572213,0.9999743,0.9689208,0.979292452
1.13333333,fighter,0.9645555,0.999676943,1.03389108,1.04706752
1.13333333,native,0.957697332,0.9999728,0.9718485,0.9750794
1.15,fighter,0.966127038,0.9996706,1.03838289,1.035132
1.15,native,0.959049642,0.9999665,0.9788397,0.9638375
1.16666663,fighter,0.9677665,0.9996615,1.04417837,1.02015865
1.16666663,native,0.9604899,0.9999572,0.9873822,0.949358344
1.18333328,fighter,0.9692055,0.9996476,1.05108917,1.00269127
1.18333328,native,0.961706,0.999947131,0.9972345,0.932198465
1.1875,fighter,0.969619751,0.999643266,1.05295992,0.997919261
1.1875,native,0.962076,0.9999445,0.9998743,0.927460134
1.2,fighter,0.971210241,0.999628067,1.0592761,0.979983449
1.2,native,0.9635912,0.999936342,1.0085572,0.91034615
1.2166667,fighter,0.9736612,0.9996,1.068673,0.954429746
1.2166667,native,0.9660202,0.9999244,1.02121854,0.8854454
1.23333335,fighter,0.977148,0.999566734,1.078677,0.925490737
1.23333335,native,0.9696836,0.999911,1.03451729,0.8568634
1.25,fighter,0.981557131,0.9995335,1.08854568,0.8918085
1.25,native,0.9745476,0.999895155,1.04771245,0.8237461
1.26666665,fighter,0.98544,0.9995044,1.09730768,0.8545425
1.26666665,native,0.979131162,0.999875069,1.05953193,0.78698653
1.2833333,fighter,0.9859974,0.9994846,1.10426569,0.8172628
1.2833333,native,0.9805008,0.9998507,1.06898475,0.7505819
1.3,fighter,0.97838074,0.9994666,1.10778165,0.774764836
1.3,native,0.9735301,0.9998221,1.07434082,0.7077324
1.3125,fighter,0.963643551,0.9994515,1.10796487,0.742060661
1.3125,native,0.95870626,0.9997995,1.07560349,0.6735902
1.31666672,fighter,0.9564486,0.999446332,1.10778975,0.731765568
1.31666672,native,0.9513132,0.999791741,1.07577324,0.6627659
1.33333337,fighter,0.9131299,0.999416053,1.1056422,0.674794436
1.33333337,native,0.907271266,0.9997507,1.0747447,0.6016312
1.35,fighter,0.8373373,0.9993715,1.099357,0.5665295
1.35,native,0.8327249,0.9996901,1.06916976,0.4819239
1.36666667,fighter,0.7338987,0.999287963,1.08971548,0.423272729
1.36666667,native,0.7335471,0.9995883,1.06022,0.320008546
1.375,fighter,0.6760729,0.999221444,1.0842675,0.3400671
1.375,native,0.6793674,0.9995126,1.05506933,0.222791925
1.38333333,fighter,0.6130934,0.9991384,1.07756341,0.2568204
1.38333333,native,0.6210668,0.999419034,1.048658,0.117500558
1.4,fighter,0.4891265,0.9988517,1.062683,0.187976852
1.4,native,0.5076565,0.9991197,1.03484106,0.123140365
1.41666663,fighter,0.389084458,0.9983537,1.05009031,0.284046441
1.41666663,native,0.419023126,0.9986058,1.02372277,0.30603534
1.43333328,fighter,0.309791148,0.9973405,1.03869331,0.421732932
1.43333328,native,0.350277215,0.997629344,1.01384974,0.4703678
1.4375,fighter,0.2931598,0.996939659,1.03582191,0.455716878
1.4375,native,0.335756153,0.997256935,1.01135516,0.5076596
1.45,fighter,0.253416419,0.9953553,1.027492,0.5531744
1.45,native,0.301536381,0.9957875,1.00405574,0.611016154
1.4666667,fighter,0.214947432,0.991429,1.01689768,0.6564365
1.4666667,native,0.268519878,0.992083848,0.9945452,0.7158002
1.48333335,fighter,0.182388127,0.983484864,1.00834954,0.725908637
1.48333335,native,0.2387421,0.984460533,0.9866028,0.7837115
1.5,fighter,0.154100448,0.9699532,1.00351882,0.7736353
1.5,native,0.212033346,0.9712779,0.9815061,0.82743603
1.51666665,fighter,0.129050046,0.949541032,1.00217569,0.806099534
1.51666665,native,0.188795924,0.9511832,0.9787411,0.85355866
1.5333333,fighter,0.108896524,0.921334267,1.00551581,0.828363836
1.5333333,native,0.170132771,0.9232706,0.9793987,0.868041456
1.55,fighter,0.09630326,0.8849498,1.01364279,0.844987154
1.55,native,0.158667222,0.8871862,0.9834025,0.8750261
1.5625,fighter,0.0918471,0.852278352,1.02206337,0.852932
1.5625,native,0.154710382,0.8547963,0.9878904,0.8751518
1.56666672,fighter,0.0912074149,0.840420663,1.02528369,0.854640245
1.56666672,native,0.154139668,0.8430527,0.98969847,0.8742545
1.58333337,fighter,0.09293955,0.7885907,1.04011416,0.8573483
1.58333337,native,0.155818015,0.7917989,0.998475134,0.866451
1.6,fighter,0.100557432,0.7311135,1.05535173,0.854815841
1.6,native,0.162588373,0.7351277,1.00765276,0.853526056
1.61666667,fighter,0.111793444,0.668882,1.06855857,0.847867131
1.61666667,native,0.172029927,0.673952758,1.01553023,0.8367854
1.625,fighter,0.1183013,0.636674047,1.07437754,0.8424628
1.625,native,0.177410379,0.6423873,1.0190407,0.82719785
1.63333333,fighter,0.125386789,0.6046488,1.07959,0.836749852
1.63333333,native,0.183283329,0.611116946,1.02222633,0.8176996
1.65,fighter,0.141556948,0.5444625,1.0876025,0.8244903
1.65,native,0.196870491,0.5528085,1.02743948,0.799279869
1.66666663,fighter,0.15955092,0.4916171,1.09349489,0.813315332
1.66666663,native,0.2123783,0.5022078,1.03160858,0.7831698
1.68333328,fighter,0.177767813,0.446483016,1.09880388,0.8062602
1.68333328,native,0.228484258,0.459681869,1.035376,0.7716388
1.6875,fighter,0.182635337,0.436462671,1.10003018,0.805018961
1.6875,native,0.232917637,0.450336039,1.03630006,0.7693819
1.7,fighter,0.199393123,0.40983206,1.10341477,0.8018878
1.7,native,0.248686448,0.425584346,1.03916013,0.7636435
1.7166667,fighter,0.227759808,0.382163316,1.10823143,0.800465643
1.7166667,native,0.276727527,0.400679559,1.04369974,0.7591505
1.73333335,fighter,0.2595173,0.362508178,1.11250377,0.80047226
1.73333335,native,0.308492035,0.383384436,1.04825652,0.756525159
1.75,fighter,0.291584164,0.349589348,1.11554408,0.7997682
1.75,native,0.340222,0.372623831,1.05163562,0.7532874
1.76666665,fighter,0.32256344,0.342967361,1.11770558,0.798849761
1.76666665,native,0.370511085,0.367747039,1.0543108,0.750027359
1.7833333,fighter,0.351351321,0.3419638,1.1190412,0.797660649
1.7833333,native,0.398070484,0.36803484,1.056353,0.7469554
1.8,fighter,0.379047841,0.345673054,1.1205014,0.7966207
1.8,native,0.4243899,0.3726273,1.05861235,0.7443164
1.8125,fighter,0.399700522,0.3503917,1.122408,0.796267569
1.8125,native,0.444123864,0.377682418,1.06113732,0.7426863
1.81666672,fighter,0.40654546,0.3521531,1.123176,0.7962129
1.81666672,native,0.45067203,0.37951085,1.06210625,0.742184043
1.83333337,fighter,0.433657259,0.3600154,1.12613571,0.7958242
1.83333337,native,0.476590157,0.387623042,1.065829,0.7399503
1.85,fighter,0.460287,0.368702084,1.12850368,0.7946307
1.85,native,0.5019251,0.396555245,1.0690006,0.736835241
1.86666667,fighter,0.486424476,0.377929419,1.13133967,0.7936723
1.86666667,native,0.526622057,0.405849159,1.07265115,0.7337315
1.875,fighter,0.499195755,0.3826818,1.13308835,0.7935837
1.875,native,0.5386186,0.410528332,1.074792,0.7324768
1.88333333,fighter,0.511742055,0.387480259,1.13486993,0.7936339
1.88333333,native,0.5503515,0.415196866,1.07696474,0.731331
1.9,fighter,0.536823869,0.39766,1.13827741,0.7941832
1.9,native,0.573653758,0.424977183,1.08098257,0.7294007
1.91666663,fighter,0.562662244,0.4083518,1.141698,0.7955349
1.91666663,native,0.59748435,0.43513903,1.084547,0.7280504
1.93333328,fighter,0.5889255,0.4193136,1.145006,0.796952665
1.93333328,native,0.6215573,0.445629,1.08779776,0.7267283
1.9375,fighter,0.595470667,0.422191262,1.14574158,0.797211945
1.9375,native,0.627530932,0.448420644,1.08852661,0.7263249
1.95,fighter,0.614870131,0.431208372,1.14790118,0.797940433
1.95,native,0.6451622,0.457229376,1.09058452,0.725001931
1.9666667,fighter,0.6400429,0.4435702,1.15072978,0.7985904
1.9666667,native,0.667982459,0.4693294,1.09311819,0.7227912
1.98333335,fighter,0.6642097,0.455735743,1.15342164,0.798654139
1.98333335,native,0.6899058,0.481217474,1.09529507,0.719936252
2,fighter,0.687363,0.4675538,1.15589392,0.7982793
2,native,0.710904241,0.492722273,1.09705031,0.7165415
2.01666665,fighter,0.70962745,0.4795456,1.15821552,0.797528148
2.01666665,native,0.7310598,0.5042579,1.09852886,0.7126013
2.0333333,fighter,0.73113656,0.492697418,1.16008127,0.7961811
2.0333333,native,0.750488043,0.5168269,1.09954715,0.7080608
2.05,fighter,0.7519372,0.5074785,1.1611501,0.7941359
2.05,native,0.769240558,0.5309301,1.09983349,0.7029062
2.0625,fighter,0.7669925,0.5198025,1.16133225,0.7923672
2.0625,native,0.782764256,0.542665839,1.09945738,0.6989248
2.0666666,fighter,0.7718925,0.5241609,1.16125333,0.791779935
2.0666666,native,0.7871509,0.5468124,1.0992049,0.6976423
2.08333325,fighter,0.7908472,0.542916358,1.16042769,0.789377332
2.08333325,native,0.8040469,0.5646576,1.09777927,0.692688942
2.1,fighter,0.808837235,0.5638438,1.15911591,0.786397338
2.1,native,0.820069969,0.584491968,1.09600151,0.687308848
2.11666656,fighter,0.8257305,0.5868463,1.15722024,0.783695936
2.11666656,native,0.83509,0.606191754,1.09376979,0.682432
2.125,fighter,0.8337357,0.5988925,1.156026,0.782471
2.125,native,0.842199,0.617542148,1.0924443,0.680195451
2.13333344,fighter,0.841442943,0.611137748,1.15472651,0.7813013
2.13333344,native,0.8490437,0.6290786,1.09102488,0.678033054
2.15,fighter,0.8559347,0.6361728,1.15172362,0.7793099
2.15,native,0.8619109,0.652641654,1.08787692,0.6741681
2.16666675,fighter,0.869170845,0.6620621,1.14811277,0.77766
2.16666675,native,0.873670459,0.6770968,1.0842855,0.670871258
2.1833334,fighter,0.8811126,0.6883413,1.14394307,0.7760877
2.1833334,native,0.884312451,0.701993167,1.08029115,0.667889
2.1875,fighter,0.883926451,0.694922268,1.14281225,0.7757181
2.1875,native,0.886824131,0.708231449,1.07922542,0.6672065
2.2,fighter,0.89208436,0.7147394,1.13921249,0.7746546
2.2,native,0.894115031,0.7270635,1.075851,0.665293336
2.2166667,fighter,0.9026059,0.741396,1.13381827,0.77335155
2.2166667,native,0.9035357,0.752524734,1.07087278,0.6631236
2.23333335,fighter,0.913067758,0.7677914,1.127841,0.7725242
2.23333335,native,0.9129105,0.777823746,1.06531668,0.6617528
2.25,fighter,0.9235036,0.793235064,1.12163,0.7723676
2.25,native,0.922193766,0.8022183,1.05943656,0.661361158
2.26666665,fighter,0.9331971,0.817287147,1.11509693,0.773007035
2.26666665,native,0.9308024,0.8252991,1.05309653,0.662076056
2.2833333,fighter,0.941935,0.8395633,1.10820389,0.774387
2.2833333,native,0.938662767,0.846694231,1.04611981,0.66378355
2.3,fighter,0.949545,0.860239565,1.10152388,0.7766735
2.3,native,0.945398569,0.8665579,1.03923452,0.666684031
2.3125,fighter,0.9543048,0.8748746,1.09683514,0.779066563
2.3125,native,0.9494169,0.880624235,1.03438234,0.669771969
2.3166666,fighter,0.955733061,0.8795647,1.095317,0.77996546
2.3166666,native,0.950592339,0.885129869,1.03279471,0.670942
2.33333325,fighter,0.9607439,0.8972057,1.08946252,0.7842097
2.33333325,native,0.9546492,0.902041256,1.026563,0.67644453
2.35,fighter,0.9647378,0.9130801,1.08375382,0.7895009
2.35,native,0.9578301,0.917187154,1.020262,0.6832543
2.36666656,fighter,0.9674986,0.927306533,1.07830739,0.7956537
2.36666656,native,0.9598398,0.930685,1.01409817,0.6911728
2.375,fighter,0.968382239,0.9337825,1.07577264,0.7989983
2.375,native,0.9603554,0.9367965,1.0111984,0.695477068
2.38333344,fighter,0.9689726,0.939849854,1.07329834,0.802491844
2.38333344,native,0.9605921,0.942501664,1.00834835,0.6999725
2.4,fighter,0.9693649,0.9508627,1.06834579,0.8099359
2.4,native,0.9603583,0.952812433,1.00257564,0.709500849
2.41666675,fighter,0.968810141,0.960462153,1.06340289,0.817784846
2.41666675,native,0.95929724,0.961749256,0.996702731,0.7195167
2.4333334,fighter,0.9672464,0.9687714,1.05843878,0.8260549
2.4333334,native,0.9572681,0.9694483,0.990707934,0.7300708
2.4375,fighter,0.9666754,0.9706684,1.05717,0.828273237
2.4375,native,0.95657897,0.9712018,0.989163637,0.7328824
2.45,fighter,0.964570343,0.9759289,1.05337572,0.835483551
2.45,native,0.954121947,0.976053357,0.9845042,0.7419125
2.4666667,fighter,0.960959435,0.9818896,1.04826355,0.844693661
2.4666667,native,0.9500786,0.9815408,0.978202,0.7535512
2.48333335,fighter,0.956550658,0.98672986,1.04292464,0.8524191
2.48333335,native,0.945307136,0.9859993,0.9716739,0.763661444
2.5,fighter,0.9514242,0.9904938,1.03752959,0.85932
2.5,native,0.9398718,0.9894637,0.9651094,0.7728771
2.51666665,fighter,0.9457755,0.993243337,1.03238487,0.864943147
2.51666665,native,0.9339575,0.991984963,0.9588516,0.7806642
2.5333333,fighter,0.939677238,0.9952911,1.02726328,0.8696636
2.5333333,native,0.927616,0.9938602,0.95260334,0.7874313
2.55,fighter,0.9332623,0.9968491,1.02209556,0.873842657
2.55,native,0.9209362,0.9953031,0.9463384,0.793534636
2.5666666,fighter,0.9265831,0.9979519,1.01681328,0.8774794
2.5666666,native,0.9139868,0.996338367,0.9400379,0.798940361
2.58333325,fighter,0.919652343,0.99867636,1.01123059,0.880879462
2.58333325,native,0.9068068,0.997038662,0.9335528,0.8039633
2.6,fighter,0.9126719,0.999156058,1.00555408,0.883940041
2.6,native,0.8996025,0.997523367,0.927069843,0.8085214
2.61666656,fighter,0.9057086,0.999471843,0.999942958,0.886773765
2.61666656,native,0.8924305,0.9978615,0.9207223,0.8127375
2.63333344,fighter,0.8986933,0.9996819,0.9944718,0.8896476
2.63333344,native,0.8852112,0.998106837,0.9145534,0.8169086
2.65,fighter,0.8917666,0.999822438,0.9892677,0.8924834
2.65,native,0.8780973,0.9982906,0.908692,0.8208822
2.66666675,fighter,0.8851304,0.999906659,0.98424387,0.8957065
2.66666675,native,0.871297836,0.998424649,0.9030616,0.8251404
2.6833334,fighter,0.8788697,0.9999519,0.979243338,0.8997968
2.6833334,native,0.864908457,0.998527169,0.897458434,0.830259
2.7,fighter,0.8731779,0.999974668,0.974370062,0.9044524
2.7,native,0.8591326,0.998614669,0.892013431,0.835849047
2.7166667,fighter,0.8681867,0.9999854,0.969659448,0.909765
2.7166667,native,0.8541037,0.9986967,0.88678056,0.842000544
2.73333335,fighter,0.8639577,0.9999897,0.965092,0.915825665
2.73333335,native,0.8498821,0.998775959,0.881766737,0.8487948
2.75,fighter,0.860581458,0.999991238,0.96068573,0.9226445
2.75,native,0.8465508,0.998854041,0.8770171,0.8562088
2.76666665,fighter,0.858038843,0.999992,0.956470549,0.9302331
2.76666665,native,0.8440749,0.998932242,0.872507453,0.864302
2.7833333,fighter,0.856290936,0.9999929,0.9526047,0.938611448
2.7833333,native,0.8423999,0.9990055,0.8684465,0.873153746
2.8,fighter,0.8554462,0.999993443,0.94906795,0.9477172
2.8,native,0.84164,0.9990737,0.8647937,0.8826281
2.8166666,fighter,0.8557074,0.999990642,0.945757,0.9574807
2.8166666,native,0.842006564,0.9991344,0.8614287,0.8925861
2.83333325,fighter,0.8568716,0.9999791,0.9426304,0.967922866
2.83333325,native,0.8432749,0.9991825,0.8583099,0.90310514
2.85,fighter,0.8586716,0.999952137,0.9397066,0.9790939
2.85,native,0.8451437,0.999213,0.855451047,0.914266348
2.86666656,fighter,0.861017048,0.9999046,0.9370649,0.990851343
2.86666656,native,0.8475192,0.9992215,0.8529279,0.9259313
2.88333344,fighter,0.8637505,0.9998307,0.934783041,1.00276911
2.88333344,native,0.850222,0.999206245,0.8508232,0.937680662
2.9,fighter,0.8668,0.999733746,0.932992339,1.01471949
2.9,native,0.853196859,0.999167,0.8492867,0.949435949
2.91666675,fighter,0.8700725,0.99962604,0.9315166,1.026357
2.91666675,native,0.856340766,0.9991191,0.848134,0.960872233
2.9333334,fighter,0.8734806,0.9995079,0.9302886,1.03764749
2.9333334,native,0.859643042,0.9990511,0.8472849,0.9719599
2.95,fighter,0.876995862,0.999381244,0.9296702,1.04893136
2.95,native,0.8631597,0.998933733,0.847111642,0.983028
2.9666667,fighter,0.880522966,0.9992484,0.929639459,1.05969584
2.9666667,native,0.866800666,0.998815656,0.847609758,0.9936557
2.98333335,fighter,0.883982658,0.9991078,0.9299658,1.069527
2.98333335,native,0.870540738,0.9987523,0.8485661,1.00355375
3,fighter,0.887376368,0.9989821,0.930860162,1.07869351
3,native,0.8743345,0.998708665,0.8501044,1.01282823
3.01666665,fighter,0.890842,0.9989018,0.9325464,1.08769441
3.01666665,native,0.8782757,0.998669863,0.852381051,1.021908
3.0333333,fighter,0.8945565,0.9988565,0.9347754,1.096699
3.0333333,native,0.8825228,0.9986477,0.8552229,1.03101087
3.05,fighter,0.898567855,0.998840868,0.937378466,1.1055032
3.05,native,0.8870729,0.9986488,0.8584871,1.03991163
3.0666666,fighter,0.902823448,0.998843431,0.9404708,1.1138941
3.0666666,native,0.89184767,0.9986673,0.8622827,1.04846621
3.08333325,fighter,0.9073569,0.9988501,0.9441164,1.12170744
3.08333325,native,0.8968737,0.998686731,0.8666957,1.056409
3.1,fighter,0.9120144,0.9988714,0.9481951,1.12885213
3.1,native,0.9019465,0.9987173,0.8715683,1.06364226
3.11666656,fighter,0.9166198,0.9989149,0.952530861,1.135238
3.11666656,native,0.906856239,0.9987708,0.8766985,1.07007849
3.13333344,fighter,0.921468,0.9989721,0.9572023,1.14086688
3.13333344,native,0.9119673,0.9988311,0.8821751,1.07569051
3.15,fighter,0.926734,0.9990359,0.9622995,1.14582825
3.15,native,0.9174903,0.9988893,0.8880944,1.08058822
3.16666675,fighter,0.932274163,0.999105155,0.9676893,1.15011859
3.16666675,native,0.923291,0.998951733,0.8943201,1.08478034
3.1833334,fighter,0.9378949,0.9991797,0.9734696,1.153654
3.1833334,native,0.929190338,0.9990212,0.900973,1.08817923
3.2,fighter,0.943400562,0.999260068,0.979709,1.15637493
3.2,native,0.9349546,0.9990954,0.9081438,1.09074283
3.2166667,fighter,0.9488102,0.999347031,0.9862264,1.15829623
3.2166667,native,0.94062686,0.9991723,0.9156457,1.092495
3.23333335,fighter,0.9542148,0.999438465,0.9931724,1.159665
3.23333335,native,0.946318448,0.9992504,0.9235814,1.09369183
3.25,fighter,0.959611833,0.999534845,1.000379,1.16066718
3.25,native,0.9520521,0.9993271,0.931793,1.09450543
3.26666665,fighter,0.9648076,0.9996233,1.007613,1.1612103
3.26666665,native,0.957606256,0.9993953,0.9400709,1.09481871
3.2833333,fighter,0.969605267,0.9996915,1.01484787,1.16121817
3.2833333,native,0.9627424,0.99945116,0.9483688,1.09455514
3.3,fighter,0.9739072,0.999740958,1.02199864,1.1609304
3.3,native,0.967373252,0.9994944,0.9566044,1.09395671
3.3166666,fighter,0.977739453,0.9997737,1.02899528,1.1603241
3.3166666,native,0.9715215,0.9995272,0.964703858,1.09297192
3.33333325,fighter,0.9811344,0.99979645,1.03586555,1.159268
3.33333325,native,0.975216269,0.9995528,0.972695768,1.09147084
3.35,fighter,0.9841117,0.9998157,1.04278672,1.1576674
3.35,native,0.9784667,0.9995719,0.9807874,1.08934665
3.36666656,fighter,0.986578,0.99982816,1.04952085,1.155546
3.36666656,native,0.9811782,0.999586642,0.9887133,1.08662844
3.38333344,fighter,0.9885099,0.9998308,1.055809,1.15293109
3.38333344,native,0.983315,0.999600232,0.996211,1.0833503
3.4,fighter,0.9899843,0.9998258,1.06213081,1.14975393
3.4,native,0.9849616,0.9996109,1.00370812,1.07944286
3.41666675,fighter,0.991056,0.9998128,1.06863463,1.14609456
3.41666675,native,0.986170948,0.999616742,1.01131606,1.07501948
3.4333334,fighter,0.9917669,0.9997916,1.0752418,1.14201391
3.4333334,native,0.987003863,0.9996119,1.018935,1.070111
3.45,fighter,0.992169738,0.999760449,1.08249629,1.1380707
3.45,native,0.987542748,0.9995817,1.02703536,1.06522679
3.4666667,fighter,0.9924099,0.999711335,1.09005713,1.13413119
3.4666667,native,0.987945,0.9995339,1.035198,1.060278
3.48333335,fighter,0.99260664,0.9996324,1.09722316,1.12977684
3.48333335,native,0.988354,0.9994896,1.04273045,1.05493367
3.5,fighter,0.9927972,0.9995294,1.1044215,1.12523293
3.5,native,0.988784,0.999437,1.050095,1.049338
3.51666665,fighter,0.993017852,0.999407947,1.11153865,1.120508
3.51666665,native,0.989261031,0.9993637,1.057171,1.04342139
3.5333333,fighter,0.9932684,0.999280751,1.11833179,1.11540771
3.5333333,native,0.989769042,0.9992881,1.0637145,1.03709662
3.55,fighter,0.9935344,0.9991759,1.12517929,1.11007714
3.55,native,0.9902763,0.9992277,1.07006478,1.03048337
3.5666666,fighter,0.9938158,0.9991008,1.13152981,1.104441
3.5666666,native,0.9907747,0.999187768,1.07588649,1.02368867
3.58333325,fighter,0.9940994,0.9990684,1.13683438,1.09844089
3.58333325,native,0.9912361,0.999179244,1.08095908,1.01686752
3.6,fighter,0.9943738,0.9990623,1.14155388,1.09237647
3.6,native,0.9916629,0.999186,1.08552349,1.01019275
3.61666656,fighter,0.994619846,0.999066532,1.1456306,1.08604443
3.61666656,native,0.992044568,0.9991975,1.0894115,1.00343847
3.63333344,fighter,0.9948147,0.999069154,1.14887774,1.0795058
3.63333344,native,0.992358267,0.9992019,1.09241056,0.9965563
3.65,fighter,0.994951546,0.9990596,1.15135849,1.07312131
3.65,native,0.9926001,0.999190569,1.09455168,0.989821255
3.66666675,fighter,0.995037138,0.999034643,1.15317225,1.06710148
3.66666675,native,0.992781937,0.9991631,1.095999,0.9834758
3.6833334,fighter,0.9950782,0.998981059,1.1542654,1.06161785
3.6833334,native,0.9929149,0.999114335,1.09676492,0.977672935
3.7,fighter,0.995084465,0.9989048,1.154963,1.05666578
3.7,native,0.9930139,0.9990559,1.09722543,0.9724545
3.7166667,fighter,0.9950773,0.9988137,1.15536714,1.05227041
3.7166667,native,0.9931154,0.998994648,1.09747791,0.9678809
3.73333335,fighter,0.9950584,0.998734355,1.15527153,1.048334
3.73333335,native,0.993204951,0.9989518,1.0972712,0.9638364
3.75,fighter,0.995010138,0.9986977,1.15446937,1.04532576
3.75,native,0.9932487,0.998958,1.09636748,0.960799038
3.76666665,fighter,0.9949613,0.998683035,1.15313184,1.04307437
3.76666665,native,0.9932823,0.9989891,1.09499073,0.958648741
3.7833333,fighter,0.9949443,0.9986728,1.15149152,1.04101551
3.7833333,native,0.9933427,0.999024034,1.09336209,0.956809044
3.8,fighter,0.994957566,0.9986839,1.14929533,1.03944719
3.8,native,0.9934285,0.999075,1.091322,0.9557163
3.8166666,fighter,0.9950189,0.9987247,1.14668822,1.03839457
3.8166666,native,0.9935625,0.99914515,1.08921421,0.9555711
3.83333325,fighter,0.9951031,0.998800337,1.14398944,1.037912
3.83333325,native,0.9937142,0.999235868,1.08719015,0.956310034
3.85,fighter,0.995179057,0.998908639,1.14102149,1.03793132
3.85,native,0.993839264,0.9993461,1.08503747,0.9578753
3.86666656,fighter,0.995268941,0.9990336,1.13794768,1.03849447
3.86666656,native,0.9939665,0.99945116,1.08269119,0.960068166
3.88333344,fighter,0.995362043,0.9991777,1.1348995,1.03966367
3.88333344,native,0.9940822,0.9995491,1.0800153,0.962692261
3.9,fighter,0.99546653,0.999313533,1.13186479,1.04141223
3.9,native,0.994195163,0.9996256,1.07706773,0.965695262
3.91666675,fighter,0.9956067,0.9994244,1.12885976,1.04370809
3.91666675,native,0.994339,0.999667346,1.07379353,0.9688885
3.9333334,fighter,0.995777249,0.9995227,1.12578058,1.04644918
3.9333334,native,0.994501531,0.999695241,1.07012367,0.9722967
3.95,fighter,0.9959851,0.99960804,1.1225369,1.04953682
3.95,native,0.994686842,0.9997214,1.0660553,0.975981
3.9666667,fighter,0.996219337,0.9996764,1.11959,1.05296361
3.9666667,native,0.9948926,0.9997318,1.062239,0.980000257
3.98333335,fighter,0.9964652,0.999731958,1.11753988,1.05673409
3.98333335,native,0.9951098,0.999717057,1.05939639,0.98438257
4,fighter,0.996735036,0.9997851,1.11581182,1.060972
4,native,0.9953558,0.9996832,1.05688214,0.98922646
4.016667,fighter,0.997046232,0.999835134,1.11392629,1.06583679
4.016667,native,0.9956548,0.9996285,1.05422223,0.994697869
4.0333333,fighter,0.9973979,0.9998776,1.11222744,1.07115793
4.0333333,native,0.996009,0.999542952,1.05174053,1.00068283
4.05,fighter,0.9977753,0.999909639,1.11101937,1.0768317
4.05,native,0.996402264,0.999406934,1.049687,1.0071013
4.0666666,fighter,0.9981473,0.999913454,1.11008978,1.08236539
4.0666666,native,0.996806741,0.9992201,1.04788971,1.01339149
4.08333349,fighter,0.998478651,0.999865353,1.10902369,1.0873996
4.08333349,native,0.997185647,0.998978853,1.04593265,1.019172
4.1,fighter,0.9988003,0.999759257,1.10813916,1.09228563
4.1,native,0.997577667,0.9986672,1.04419017,1.024772
4.116667,fighter,0.999113858,0.9995954,1.10793245,1.09727383
4.116667,native,0.997993231,0.9982818,1.04324543,1.03039873
4.133333,fighter,0.999384165,0.9993646,1.10799611,1.102544
4.133333,native,0.998385847,0.9978204,1.042646,1.03629029
4.15,fighter,0.999611259,0.9990651,1.10780585,1.10803831
4.15,native,0.9987595,0.9972862,1.04184318,1.04244363
4.16666651,fighter,0.999763131,0.9987367,1.10753286,1.11360455
4.16666651,native,0.9990599,0.9967173,1.04103076,1.04862213
4.1833334,fighter,0.999849856,0.998427,1.10730755,1.119348
4.1833334,native,0.9992771,0.9961585,1.04032016,1.0548414
4.2,fighter,0.9998992,0.9981257,1.10698962,1.12501073
4.2,native,0.999434,0.995613456,1.03953123,1.06084526
4.2166667,fighter,0.9999357,0.997817636,1.10658133,1.13038254
4.2166667,native,0.9995335,0.995083451,1.03868437,1.06641388
4.233333,fighter,0.9999704,0.9975233,1.10622311,1.13579226
4.233333,native,0.999590755,0.994584858,1.03792918,1.071917
4.25,fighter,0.999995649,0.997281,1.10600317,1.14138329
4.25,native,0.9996019,0.994154,1.03737056,1.07751989
4.266667,fighter,0.999991953,0.9970823,1.10589039,1.14688277
4.266667,native,0.999546766,0.993796766,1.03697431,1.08299983
4.2833333,fighter,0.9999392,0.9969065,1.10597289,1.15214372
4.2833333,native,0.999413252,0.9934968,1.03678179,1.08825886
4.3,fighter,0.999819636,0.996784031,1.10628057,1.15720952
4.3,native,0.999189,0.99327606,1.03684664,1.09329557
4.3166666,fighter,0.999620855,0.996743262,1.106821,1.162013
4.3166666,native,0.9988635,0.993164659,1.03721893,1.098029
4.33333349,fighter,0.9993319,0.996784866,1.10754693,1.1664238
4.33333349,native,0.9984335,0.993167341,1.03784525,1.10235536
4.35,fighter,0.9989436,0.996900141,1.10841393,1.17047441
4.35,native,0.9978938,0.9932786,1.03866565,1.10633755
4.366667,fighter,0.998458147,0.997084737,1.109374,1.174144
4.366667,native,0.997266,0.9934964,1.03965044,1.10999429
4.383333,fighter,0.9979121,0.9973359,1.11034942,1.17716372
4.383333,native,0.996616542,0.9938218,1.04070234,1.11304832
4.4,fighter,0.9973671,0.997645736,1.11131632,1.17946136
4.4,native,0.996024847,0.994253933,1.04180956,1.11542583
4.41666651,fighter,0.9968787,0.9979954,1.11243725,1.18119967
4.41666651,native,0.995551765,0.994774342,1.04317391,1.11732006
4.4333334,fighter,0.996462047,0.998365045,1.11347759,1.18241179
4.4333334,native,0.9951883,0.995353,1.04455209,1.11870682
4.45,fighter,0.9961232,0.9987371,1.11438358,1.18316638
4.45,native,0.994916,0.9959608,1.04591012,1.11960375
4.4666667,fighter,0.9958611,0.9990715,1.11551118,1.18355334
4.4666667,native,0.99471426,0.9965477,1.04753172,1.12011909
4.483333,fighter,0.9956625,0.9993437,1.11683261,1.18368518
4.483333,native,0.9945476,0.99708,1.04932725,1.12037432
4.5,fighter,0.9955271,0.9995609,1.11847365,1.18372214
4.5,native,0.99442786,0.997560859,1.05143225,1.12051415
4.516667,fighter,0.995439649,0.999729931,1.12036371,1.183489
4.516667,native,0.9943483,0.997992337,1.05375707,1.120336
4.5333333,fighter,0.995366156,0.9998516,1.12255049,1.18301892
4.5333333,native,0.9942746,0.998369336,1.05637181,1.1198802
4.55,fighter,0.995299,0.9999286,1.12511766,1.18252361
4.55,native,0.994206,0.998686,1.0593642,1.1193924
4.5666666,fighter,0.995248437,0.9999649,1.12811279,1.18207026
4.5666666,native,0.9941559,0.998933554,1.0628264,1.1189332
4.58333349,fighter,0.9952339,0.9999712,1.13155437,1.18155754
4.58333349,native,0.9941541,0.999118745,1.06673467,1.11843789
4.6,fighter,0.995246232,0.9999591,1.13521576,1.18092144
4.6,native,0.9941837,0.999255955,1.07088232,1.11782384
4.616667,fighter,0.9952813,0.9999366,1.13904476,1.18022287
4.616667,native,0.9942406,0.999359548,1.07523811,1.11715472
4.633333,fighter,0.995322347,0.9999114,1.14290857,1.17959964
4.633333,native,0.9943007,0.99944,1.0796349,1.11652744
4.65,fighter,0.9953431,0.999887466,1.14670253,1.1791302
4.65,native,0.9943299,0.9995027,1.08394647,1.11598027
4.66666651,fighter,0.9953361,0.9998649,1.150518,1.178756
4.66666651,native,0.9943215,0.9995538,1.088244,1.11545682
4.6833334,fighter,0.9952947,0.9998426,1.15416,1.178445
4.6833334,native,0.9942682,0.9995966,1.09232879,1.114933
4.7,fighter,0.9952273,0.999818563,1.15750265,1.1782217
4.7,native,0.994184434,0.999632657,1.09607887,1.11447215
4.7166667,fighter,0.9951422,0.999791563,1.16066921,1.1781292
4.7166667,native,0.9940837,0.9996621,1.09963012,1.11413
4.733333,fighter,0.995028853,0.999762833,1.16364443,1.17821765
4.733333,native,0.9939527,0.9996833,1.10292351,1.11394036
4.75,fighter,0.9948818,0.9997358,1.16640329,1.178511
4.75,native,0.9937838,0.999696732,1.10590923,1.11388481
4.766667,fighter,0.9947166,0.9997093,1.16889787,1.17902982
4.766667,native,0.9935946,0.999701142,1.10859716,1.11408865
4.7833333,fighter,0.9945346,0.999682248,1.17115629,1.17971528
4.7833333,native,0.9933839,0.9996949,1.11110747,1.11460555
4.8,fighter,0.9943333,0.9996556,1.17320108,1.18048
4.8,native,0.993153,0.9996787,1.11337554,1.11523116
4.8166666,fighter,0.9941142,0.999629,1.17484689,1.18133259
4.8166666,native,0.992905557,0.999652445,1.11514306,1.11589146
4.83333349,fighter,0.993891,0.999597847,1.17628825,1.182386
4.83333349,native,0.992652535,0.999612331,1.11664629,1.11671162
4.85,fighter,0.993685067,0.999555051,1.17769074,1.18366957
4.85,native,0.992416,0.9995557,1.11807954,1.11771929
4.866667,fighter,0.993488967,0.999497652,1.17889285,1.18538308
4.866667,native,0.9921876,0.9994792,1.11927068,1.1191355
4.883333,fighter,0.9932982,0.999422848,1.17981064,1.18763113
4.883333,native,0.9919601,0.999376953,1.12013268,1.12107623
4.9,fighter,0.993132055,0.9993151,1.18034184,1.19012
4.9,native,0.9917555,0.999237835,1.120521,1.12321627
4.91666651,fighter,0.992994249,0.9991519,1.18053651,1.19271207
4.91666651,native,0.991580963,0.9990421,1.12040448,1.12534416
4.9333334,fighter,0.992865741,0.998932,1.18060577,1.195402
4.9333334,native,0.99140954,0.998785436,1.11995256,1.12741971
4.95,fighter,0.9927264,0.9986488,1.18073571,1.19798136
4.95,native,0.991209745,0.9984646,1.1193378,1.12921751
4.9666667,fighter,0.992589,0.998292267,1.18048728,1.20057416
4.9666667,native,0.991006,0.998082042,1.11823153,1.13099289
4.983333,fighter,0.992462933,0.997869432,1.17941737,1.2032963
4.983333,native,0.9908193,0.9976457,1.11624825,1.13295949
5,fighter,0.9923361,0.997427464,1.17807722,1.20580578
5,native,0.990629,0.997195959,1.11400938,1.13476789
5.016667,fighter,0.992202163,0.9970331,1.17671764,1.20824313
5.016667,native,0.990424752,0.9967957,1.11183107,1.13658929
5.0333333,fighter,0.992057264,0.9967148,1.17503977,1.21067238
5.0333333,native,0.9902073,0.9964722,1.10936546,1.13848484
5.05,fighter,0.9918942,0.9964827,1.17303765,1.21293187
5.05,native,0.989971757,0.9962382,1.106589,1.14027917
5.0666666,fighter,0.9917128,0.99632144,1.17069268,1.21497726
5.0666666,native,0.9897204,0.9960792,1.10357285,1.14194608
5.08333349,fighter,0.991531134,0.996267557,1.16789007,1.216825
5.08333349,native,0.9894786,0.9960273,1.10027385,1.14353645
5.1,fighter,0.991362333,0.9962178,1.16519868,1.21867037
5.1,native,0.989258945,0.995966554,1.09719944,1.14520979
5.116667,fighter,0.991212,0.9960381,1.16310835,1.22053182
5.116667,native,0.989066362,0.9957576,1.09484375,1.14697266
5.133333,fighter,0.9910799,0.995812237,1.16105807,1.22232425
5.133333,native,0.98890084,0.995491147,1.09259486,1.14874506
5.15,fighter,0.990966141,0.9955792,1.15867639,1.22389734
5.15,native,0.9887616,0.995218,1.09005094,1.15041327
5.16666651,fighter,0.9908809,0.995358169,1.15613842,1.22536635
5.16666651,native,0.9886612,0.9949534,1.0874002,1.15202773
5.1833334,fighter,0.9908288,0.9951998,1.15327752,1.22681594
5.1833334,native,0.9886069,0.994744658,1.08446574,1.153615
5.2,fighter,0.9908121,0.9950726,1.15045929,1.22812676
5.2,native,0.988594532,0.994573236,1.08161533,1.15506268
5.2166667,fighter,0.990832567,0.994949937,1.14817345,1.22941077
5.2166667,native,0.988619745,0.994414151,1.07929325,1.15642369
5.233333,fighter,0.9908871,0.994823,1.14612591,1.23067284
5.233333,native,0.988677442,0.994254351,1.07722139,1.15774441
5.25,fighter,0.990979433,0.9946769,1.1442256,1.23175251
5.25,native,0.988772035,0.9940782,1.07532454,1.15890014
5.266667,fighter,0.9911059,0.9945232,1.14244759,1.23256636
5.266667,native,0.9889015,0.9938955,1.07358778,1.15979087
5.2833333,fighter,0.9912576,0.9943749,1.14082754,1.23324549
5.2833333,native,0.989054143,0.9937163,1.07204866,1.16052568
5.3,fighter,0.991436064,0.9942142,1.13924026,1.23369277
5.3,native,0.989235044,0.993521154,1.07060933,1.161062
5.3166666,fighter,0.9916353,0.994031668,1.13751507,1.23376429
5.3166666,native,0.989436567,0.993297458,1.06914186,1.16130757
5.33333349,fighter,0.9918563,0.9938436,1.13589537,1.23363292
5.33333349,native,0.989663363,0.9930562,1.06786215,1.16140246
5.35,fighter,0.9921003,0.9936559,1.13444638,1.2334162
5.35,native,0.9899202,0.992801964,1.06686592,1.161495
5.366667,fighter,0.992349267,0.9934602,1.13318682,1.23317778
5.366667,native,0.9901854,0.992528737,1.06609786,1.16158974
5.383333,fighter,0.9925969,0.993249834,1.13220537,1.23293829
5.383333,native,0.9904511,0.9922315,1.0655607,1.16164958
5.4,fighter,0.9928428,0.9930147,1.1314702,1.23263621
5.4,native,0.9907172,0.9919021,1.06522667,1.16161525
5.41666651,fighter,0.993082166,0.9927415,1.13098216,1.23219693
5.41666651,native,0.9909795,0.991531253,1.06505609,1.16137
5.4333334,fighter,0.9933101,0.9924236,1.13070333,1.23152
5.4333334,native,0.9912327,0.9911167,1.06497526,1.16078389
5.45,fighter,0.9935209,0.9920536,1.13061845,1.23064792
5.45,native,0.9914699,0.9906571,1.06495965,1.15988529
5.4666667,fighter,0.993716359,0.9916568,1.1307348,1.22963345
5.4666667,native,0.991691649,0.9901785,1.06504548,1.15878046
5.483333,fighter,0.9939,0.991266847,1.13101625,1.22842968
5.483333,native,0.991903245,0.9897137,1.0652231,1.15746653
5.5,fighter,0.99407,0.990897954,1.13133216,1.22697055
5.5,native,0.9921031,0.98927927,1.06541562,1.15588558
5.516667,fighter,0.9942241,0.9905663,1.131607,1.22521663
5.516667,native,0.992288,0.9888934,1.06556857,1.15398324
5.5333333,fighter,0.9943573,0.990284443,1.13183463,1.22317016
5.5333333,native,0.9924505,0.988562346,1.06567,1.1517638
5.55,fighter,0.9944643,0.9900697,1.1318965,1.22081518
5.55,native,0.992580056,0.9882991,1.06561673,1.14923787
5.5666666,fighter,0.994544148,0.9899361,1.13179159,1.21815062
5.5666666,native,0.9926723,0.9881216,1.06540656,1.14641261
5.58333349,fighter,0.9946013,0.9899091,1.13167036,1.21516371
5.58333349,native,0.9927331,0.988051951,1.06521022,1.14328587
5.6,fighter,0.9946379,0.98998785,1.13150668,1.21186709
5.6,native,0.9927652,0.9880893,1.06500852,1.13988674
5.616667,fighter,0.9946572,0.990084052,1.13142574,1.20855176
5.616667,native,0.9927699,0.988133967,1.06491137,1.1364814
5.633333,fighter,0.994668067,0.9901912,1.13106346,1.20500815
5.633333,native,0.992759466,0.988205,1.06455266,1.13289368
5.65,fighter,0.994675934,0.9902925,1.13027692,1.20110118
5.65,native,0.9927405,0.9883031,1.0637778,1.12900639
5.66666651,fighter,0.994677246,0.9904867,1.12926841,1.19696915
5.66666651,native,0.992718041,0.988527358,1.06282461,1.12498915
5.6833334,fighter,0.9946831,0.990918934,1.12781739,1.192374
5.6833334,native,0.992718041,0.989026368,1.06148243,1.12063551
5.7,fighter,0.994674146,0.9914455,1.12584281,1.187429
5.7,native,0.9927053,0.9896483,1.05963206,1.11599934
5.7166667,fighter,0.994630039,0.9919711,1.12337613,1.18219614
5.7166667,native,0.992646635,0.9902962,1.057291,1.11110985
5.733333,fighter,0.994554639,0.992477953,1.12086,1.1765964
5.733333,native,0.9925533,0.9909319,1.05487227,1.10580575
5.75,fighter,0.994439244,0.992931545,1.11850917,1.17089176
5.75,native,0.992412865,0.9915036,1.05255258,1.10028863
5.766667,fighter,0.994301856,0.993318,1.11618245,1.16527748
5.766667,native,0.9922525,0.9919945,1.05015111,1.09473717
5.7833333,fighter,0.994148135,0.993638933,1.11389828,1.15956092
5.7833333,native,0.9920823,0.9924089,1.04769349,1.08894193
5.8,fighter,0.9939773,0.993915141,1.11174238,1.153696
5.8,native,0.991897762,0.992763162,1.04528439,1.08289528
5.8166666,fighter,0.9937972,0.994177341,1.10968769,1.14775741
5.8166666,native,0.991708338,0.993090332,1.0429014,1.076736
5.83333349,fighter,0.9936098,0.9943751,1.1077497,1.14196563
5.83333349,native,0.991512358,0.993335843,1.04056513,1.07061815
5.85,fighter,0.9934178,0.994463742,1.10598087,1.13641059
5.85,native,0.9913111,0.9934485,1.03834236,1.064575
5.866667,fighter,0.993219852,0.9944602,1.10404646,1.13101482
5.866667,native,0.991103351,0.993456066,1.0359,1.05854058
5.883333,fighter,0.9930184,0.9943394,1.102021,1.12600112
5.883333,native,0.9908937,0.993324459,1.03330827,1.05270255
5.9,fighter,0.9928157,0.9941213,1.09994543,1.12123775
5.9,native,0.990683436,0.9930902,1.03063285,1.04698145
5.91666651,fighter,0.992614567,0.9938349,1.09764838,1.116589
5.91666651,native,0.9904745,0.992798448,1.02769232,1.04125512
5.9333334,fighter,0.992414534,0.993481934,1.09544981,1.11219478
5.9333334,native,0.990265131,0.992419,1.02483046,1.03566885
5.95,fighter,0.9922148,0.9930943,1.09361744,1.10830259
5.95,native,0.9900482,0.991966546,1.0223707,1.03053463
5.9666667,fighter,0.9920297,0.9927498,1.09209144,1.10486329
5.9666667,native,0.989842,0.9915243,1.02024567,1.02584529
5.983333,fighter,0.991868556,0.9924732,1.09069121,1.10170019
5.983333,native,0.989660442,0.991125047,1.0182544,1.021424
6,fighter,0.9917221,0.9922108,1.08936489,1.0987643
6,native,0.98949,0.9907325,1.01636255,1.017249
6.016667,fighter,0.991568565,0.991936564,1.08807659,1.09593
6.016667,native,0.9893069,0.9903378,1.01452947,1.01318085
6.0333333,fighter,0.9913896,0.991605163,1.08680868,1.09299469
6.0333333,native,0.989091158,0.9898888,1.01277268,1.00911081
6.05,fighter,0.991179168,0.9911928,1.08550858,1.08969748
6.05,native,0.9888316,0.989358246,1.011109,1.00491571
6.0666666,fighter,0.990959644,0.9908212,1.08400249,1.0860281
6.0666666,native,0.988562763,0.988881052,1.00933564,1.00066519
6.08333349,fighter,0.99075824,0.9905868,1.08234239,1.081886
6.08333349,native,0.9883264,0.988555968,1.00745988,0.996339858
6.1,fighter,0.9905651,0.990451634,1.08096147,1.07738853
6.1,native,0.988104165,0.988326,1.005941,0.991911948
6.116667,fighter,0.9903762,0.9903612,1.08002627,1.07288134
6.116667,native,0.9878872,0.9881098,1.004948,0.987618
6.133333,fighter,0.9902047,0.9904237,1.07939279,1.06849122
6.133333,native,0.9876954,0.9879891,1.00437188,0.9836578
6.15,fighter,0.9900686,0.990745366,1.07915711,1.06421864
6.15,native,0.9875485,0.988050938,1.00434828,0.980100334
6.16666651,fighter,0.989975333,0.9912767,1.07929456,1.06028259
6.16666651,native,0.98745364,0.9882677,1.00487173,0.977059
6.1833334,fighter,0.989915252,0.991955042,1.079633,1.05680335
6.1833334,native,0.9873987,0.988572,1.00585842,0.974662542
6.2,fighter,0.9898784,0.992842257,1.07994878,1.05373955
6.2,native,0.9873729,0.9890798,1.00682986,0.9726372
6.2166667,fighter,0.989864945,0.9939867,1.0801487,1.05121732
6.2166667,native,0.9873766,0.9899145,1.00740755,0.970811844
6.233333,fighter,0.9898779,0.995188534,1.0799458,1.04892492
6.233333,native,0.9874152,0.9908762,1.00744116,0.968937755
6.25,fighter,0.989917457,0.996300757,1.07883179,1.04654169
6.25,native,0.9874893,0.991849542,1.00654936,0.966688454
6.266667,fighter,0.989984035,0.9971823,1.07718241,1.04425764
6.266667,native,0.987598836,0.9926785,1.00504613,0.9643214
6.2833333,fighter,0.990075052,0.9978108,1.07531881,1.0422442
6.2833333,native,0.987742,0.9933342,1.003189,0.9620179
6.3,fighter,0.990187168,0.998232961,1.07341993,1.04056275
6.3,native,0.9879096,0.993818045,1.001223,0.9599686
6.3166666,fighter,0.9903155,0.998460054,1.07184052,1.03935671
6.3166666,native,0.98809123,0.994087756,0.999503732,0.9584201
6.33333349,fighter,0.9904589,0.9985886,1.07043552,1.03853226
6.33333349,native,0.9882838,0.99425,0.997912,0.9572613
6.35,fighter,0.990617633,0.9986661,1.0691632,1.03799129
6.35,native,0.988488,0.994345,0.99644357,0.9564464
6.366667,fighter,0.9907909,0.9986979,1.0680728,1.03760445
6.366667,native,0.9887065,0.994376838,0.9952031,0.95588
6.383333,fighter,0.990978,0.9987044,1.06714857,1.03731322
6.383333,native,0.9889373,0.9943714,0.9942471,0.955490768
6.4,fighter,0.991173,0.998682857,1.06666136,1.03734589
6.4,native,0.9891725,0.9943076,0.993719637,0.95551765
6.41666651,fighter,0.991371,0.998636961,1.06674349,1.03760922
6.41666651,native,0.989405453,0.994190156,0.993621051,0.955910563
6.4333334,fighter,0.9915688,0.9985573,1.06729484,1.03822327
6.4333334,native,0.9896329,0.9939947,0.9939846,0.956663251
6.45,fighter,0.9917627,0.9984392,1.06821954,1.03941154
6.45,native,0.989849746,0.9937087,0.994863153,0.95788
6.4666667,fighter,0.991945863,0.998266757,1.069667,1.04122114
6.4666667,native,0.9900482,0.993303239,0.996252358,0.959716856
6.483333,fighter,0.9921128,0.9979996,1.07173514,1.043825
6.483333,native,0.9902246,0.992705464,0.998102844,0.9623937
6.5,fighter,0.992265463,0.997650445,1.07394874,1.04704583
6.5,native,0.990381062,0.9919683,1.00000179,0.965679944
6.516667,fighter,0.992403746,0.9972187,1.07606184,1.05068982
6.516667,native,0.9905181,0.991128862,1.00170588,0.969365656
6.5333333,fighter,0.992527366,0.9966885,1.07794857,1.05465519
6.5333333,native,0.990638137,0.9901874,1.00315094,0.973302245
6.55,fighter,0.992636144,0.99605006,1.07943535,1.05885
6.55,native,0.9907422,0.989160955,1.004231,0.977351665
6.5666666,fighter,0.9927275,0.995283544,1.08073962,1.06324315
6.5666666,native,0.990828,0.9880329,1.00512171,0.981510937
6.58333349,fighter,0.9927979,0.994405746,1.08190835,1.06765938
6.58333349,native,0.9908929,0.9868286,1.00586379,0.9856645
6.6,fighter,0.9928436,0.9934579,1.08300924,1.07212782
6.6,native,0.990932941,0.985583,1.00653923,0.989842832
6.616667,fighter,0.992879152,0.992488444,1.08420813,1.07680142
6.616667,native,0.990965366,0.984326065,1.00731611,0.994192064
6.633333,fighter,0.99291563,0.9914993,1.08544326,1.08165348
6.633333,native,0.990998745,0.9830554,1.00817144,0.9987196
6.65,fighter,0.9929376,0.990511954,1.08669591,1.08671272
6.65,native,0.9910101,0.9817883,1.00913441,1.00345969
6.66666651,fighter,0.99297297,0.98952353,1.08791947,1.09177053
6.66666651,native,0.99103725,0.980516136,1.01014328,1.00823772
6.6833334,fighter,0.993058145,0.9884868,1.08909667,1.09665084
6.6833334,native,0.991129458,0.9791875,1.01115072,1.0128721
6.7,fighter,0.9931535,0.9874883,1.0902369,1.10138357
6.7,native,0.9912313,0.977908254,1.01214564,1.01739633
6.7166667,fighter,0.993222356,0.9866061,1.09134173,1.10590374
6.7166667,native,0.991290748,0.976771653,1.01311839,1.02176023
6.733333,fighter,0.993299663,0.9857971,1.09243941,1.1101954
6.733333,native,0.9913557,0.9757333,1.01408744,1.02594745
6.75,fighter,0.993412137,0.9850483,1.09344876,1.11422646
6.75,native,0.991463363,0.974786043,1.0149492,1.02994823
6.766667,fighter,0.993551,0.984363,1.09426463,1.11797857
6.766667,native,0.991605341,0.973942637,1.015612,1.03370929
6.7833333,fighter,0.993702054,0.9837248,1.09493434,1.121372
6.7833333,native,0.991766453,0.973189,1.01613629,1.03711021
6.8,fighter,0.993847,0.983117,1.095488,1.12430227
6.8,native,0.991926551,0.972510636,1.01655781,1.04003716
6.8166666,fighter,0.993979156,0.9825273,1.09591234,1.12682021
6.8166666,native,0.9920807,0.9718966,1.01686764,1.04252577
6.83333349,fighter,0.994113564,0.9820085,1.09619808,1.12899613
6.83333349,native,0.992243946,0.971406937,1.01706243,1.04465628
6.85,fighter,0.9942694,0.981667459,1.09633934,1.130978
6.85,native,0.9924387,0.971161544,1.0171423,1.04655826
6.866667,fighter,0.994415164,0.981329858,1.09627759,1.132672
6.866667,native,0.992626667,0.970977545,1.01694083,1.04813921
6.883333,fighter,0.9945168,0.9807579,1.095734,1.13364029
6.883333,native,0.99276346,0.9706242,1.01609969,1.04903913
6.9,fighter,0.994608641,0.980340838,1.09509075,1.13437366
6.9,native,0.9928934,0.9704833,1.015083,1.04960883
6.91666651,fighter,0.9947128,0.98046,1.094761,1.13535976
6.91666651,native,0.9930453,0.9709323,1.01436031,1.05020666
6.9333334,fighter,0.9948186,0.980907142,1.09451866,1.13624
6.9333334,native,0.993205667,0.9717868,1.01366854,1.0505321
6.95,fighter,0.9949307,0.9815576,1.09432,1.13687027
6.95,native,0.993378162,0.972943962,1.0129137,1.05042291
6.9666667,fighter,0.995046,0.9823535,1.09386683,1.13687932
6.9666667,native,0.993555844,0.9743032,1.01190341,1.04972064
6.983333,fighter,0.995158851,0.98316437,1.09316039,1.13613558
6.983333,native,0.9937284,0.9756777,1.010706,1.04844129
7,fighter,0.99526906,0.98392266,1.09227908,1.134839
7,native,0.993895054,0.976973951,1.00941515,1.04676914
7.016667,fighter,0.995376647,0.9846183,1.09111261,1.13303578
7.016667,native,0.994054,0.97815454,1.00799465,1.04481733
7.0333333,fighter,0.995480537,0.985270441,1.08977187,1.13080823
7.0333333,native,0.9942041,0.9792621,1.00648367,1.0425806
7.05,fighter,0.9955802,0.9858417,1.08834779,1.12826538
7.05,native,0.9943448,0.98027724,1.00488842,1.04008937
7.0666666,fighter,0.9956741,0.986391246,1.08675218,1.12550485
7.0666666,native,0.9944705,0.981242657,1.00321043,1.037458
7.08333349,fighter,0.9957553,0.9869879,1.08500957,1.12268281
7.08333349,native,0.994567931,0.9822168,1.00155318,1.0348525
7.1,fighter,0.995828867,0.9875801,1.08337259,1.11995852
7.1,native,0.994644761,0.983145654,1.0000968,1.032411
7.116667,fighter,0.995901167,0.9881814,1.08183324,1.11729741
7.116667,native,0.994711936,0.9840471,0.9988045,1.03010106
7.133333,fighter,0.9959668,0.9887658,1.08030653,1.11471188
7.133333,native,0.994764149,0.9849043,0.9975882,1.02794766
7.15,fighter,0.996022046,0.9892631,1.07885635,1.11220753
7.15,native,0.9948009,0.985649645,0.996494234,1.02596
7.16666651,fighter,0.996062934,0.9896683,1.07746816,1.10980093
7.16666651,native,0.994821668,0.986278355,0.995533347,1.02415156
7.1833334,fighter,0.9960914,0.990002155,1.07602119,1.1074537
7.1833334,native,0.994830847,0.986813247,0.9946171,1.02248955
7.2,fighter,0.996104956,0.99024713,1.07454324,1.10514343
7.2,native,0.994826,0.987241745,0.99374795,1.02091348
7.2166667,fighter,0.996098161,0.990392566,1.07302308,1.10291028
7.2166667,native,0.9948001,0.9875539,0.992912531,1.01945043
7.233333,fighter,0.996069968,0.9904267,1.07151258,1.10076368
7.233333,native,0.994748652,0.987745643,0.992103755,1.018068
7.25,fighter,0.9960213,0.990319133,1.07006359,1.09870577
7.25,native,0.9946694,0.987789452,0.9913068,1.016726
7.266667,fighter,0.9959593,0.9900961,1.06862915,1.09668028
7.266667,native,0.994575143,0.987714469,0.9904525,1.01536131
7.2833333,fighter,0.995893657,0.9898187,1.06731582,1.09457386
7.2833333,native,0.9944826,0.9875839,0.9896201,1.01383066
7.3,fighter,0.99583745,0.9895228,1.06623983,1.09237146
7.3,native,0.9944091,0.987431347,0.988956749,1.01211977
7.3166666,fighter,0.995799,0.98923105,1.06533563,1.0900743
7.3166666,native,0.9943668,0.987281442,0.9884171,1.01022971
7.33333349,fighter,0.9957793,0.9889648,1.06454885,1.08770716
7.33333349,native,0.9943524,0.987157047,0.987955451,1.00819516
7.35,fighter,0.995771,0.9887369,1.06396031,1.08539486
7.35,native,0.9943546,0.987066567,0.987654567,1.00613761
7.366667,fighter,0.9957566,0.988537431,1.06354356,1.08323085
7.366667,native,0.994346142,0.9869965,0.9874751,1.00416565
7.383333,fighter,0.995723665,0.9883539,1.06319141,1.08129644
7.383333,native,0.9943037,0.9869312,0.987315238,1.00238919
7.4,fighter,0.995687962,0.988179,1.06293368,1.0795058
7.4,native,0.9942559,0.9868623,0.987227,1.00073981
7.41666651,fighter,0.9956626,0.9879981,1.06289041,1.07783675
7.41666651,native,0.9942268,0.9867692,0.9873178,0.999177754
7.4333334,fighter,0.995643,0.987853,1.06285417,1.07612622
7.4333334,native,0.994206846,0.986705065,0.987410843,0.9975594
7.45,fighter,0.995632946,0.9877657,1.06265068,1.07429469
7.45,native,0.9941972,0.9867069,0.98739326,0.9958589
7.4666667,fighter,0.9956301,0.9876566,1.06260765,1.07269168
7.4666667,native,0.994195342,0.9866796,0.9875303,0.994388163
7.483333,fighter,0.9956302,0.98748666,1.06281519,1.07137656
7.483333,native,0.9941961,0.9865795,0.9878542,0.9931694
7.5,fighter,0.9956302,0.987270534,1.0630641,1.07018125
7.5,native,0.994197965,0.9864236,0.9881993,0.9920537
7.516667,fighter,0.995625556,0.9870139,1.06332,1.06907785
7.516667,native,0.9941962,0.98621124,0.9885578,0.9910227
7.5333333,fighter,0.995610654,0.98673147,1.06352806,1.06798935
7.5333333,native,0.9941843,0.985966742,0.988861859,0.9899896
7.55,fighter,0.9955807,0.9864365,1.06359184,1.06681311
7.55,native,0.994158566,0.9857097,0.9889986,0.988832951
7.5666666,fighter,0.99554497,0.986135066,1.06353736,1.06559789
7.5666666,native,0.9941271,0.9854493,0.988995552,0.987608254
7.58333349,fighter,0.995511353,0.9858227,1.06347728,1.06442249
7.58333349,native,0.994097,0.985179543,0.988967061,0.9864031
7.6,fighter,0.995486856,0.985492647,1.06348753,1.06323421
7.6,native,0.9940771,0.9848886,0.988997161,0.98516494
7.616667,fighter,0.9954734,0.985150039,1.0634501,1.06204987
7.616667,native,0.9940725,0.984579742,0.988974869,0.9839173
7.633333,fighter,0.9954688,0.984810352,1.06331766,1.06097567
7.633333,native,0.9940768,0.98427093,0.9888525,0.982784331
7.65,fighter,0.9954746,0.9844919,1.06318665,1.05997264
7.65,native,0.9940882,0.9839824,0.9887356,0.981730342
7.66666651,fighter,0.99549073,0.9841803,1.06312752,1.0589906
7.66666651,native,0.9941066,0.9837003,0.9887068,0.9807084
7.6833334,fighter,0.9955189,0.9838686,1.06312573,1.0580337
7.6833334,native,0.994135141,0.983418465,0.9887651,0.979735851
7.7,fighter,0.9955603,0.9835236,1.06315434,1.05713975
7.7,native,0.9941766,0.9831001,0.9888304,0.9788221
7.7166667,fighter,0.9956116,0.983113348,1.0632031,1.05631137
7.7166667,native,0.994227,0.982713759,0.988857567,0.9779502
7.733333,fighter,0.9956667,0.9826709,1.06321692,1.05555689
7.733333,native,0.9942808,0.982293963,0.988827944,0.9771495
7.75,fighter,0.995724261,0.982233,1.06321287,1.05487669
7.75,native,0.9943357,0.98187685,0.988771856,0.9764239
7.766667,fighter,0.9957773,0.981833935,1.06318974,1.05422652
7.766667,native,0.9943861,0.9814979,0.9887037,0.975722849
7.7833333,fighter,0.9958196,0.9814856,1.06312811,1.05362725
7.7833333,native,0.9944279,0.9811685,0.9886144,0.975059569
7.8,fighter,0.995854437,0.9811859,1.06300485,1.05308092
7.8,native,0.994461238,0.9808881,0.988488257,0.9744399
7.8166666,fighter,0.9958872,0.9809263,1.06288135,1.05264986
7.8166666,native,0.994492233,0.98064363,0.988399267,0.9739423
7.83333349,fighter,0.9959104,0.980684,1.06273174,1.052378
7.83333349,native,0.9945134,0.9804143,0.9883333,0.9736165
7.85,fighter,0.9959169,0.9804453,1.06238377,1.05220366
7.85,native,0.994516,0.9801897,0.9881082,0.9733823
7.866667,fighter,0.995920837,0.9801913,1.0618,1.05218148
7.866667,native,0.9945176,0.979944646,0.9877369,0.973377943
7.883333,fighter,0.995935261,0.979880452,1.06081748,1.05210626
7.883333,native,0.994534254,0.9796406,0.9871212,0.973462462
7.9,fighter,0.995961964,0.979586,1.05964863,1.05219531
7.9,native,0.994568348,0.9793404,0.9864785,0.9738171
7.91666651,fighter,0.995996654,0.979355,1.05848408,1.052828
7.91666651,native,0.994614244,0.9790876,0.986066639,0.9748761
7.9333334,fighter,0.9960355,0.979341,1.05754447,1.05416155
7.9333334,native,0.994664669,0.979004443,0.98589313,0.9766765
7.95,fighter,0.9960789,0.979629159,1.05717874,1.05653119
7.95,native,0.9947168,0.9791273,0.9861448,0.9794941
7.9666667,fighter,0.996131361,0.9801307,1.05748689,1.05983436
7.9666667,native,0.9947756,0.979379237,0.9867967,0.9830334
7.983333,fighter,0.996193945,0.980769753,1.05875313,1.06409454
7.983333,native,0.9948426,0.9796953,0.9879003,0.987074137
8,fighter,0.9962611,0.9816239,1.06064761,1.068896
8,native,0.9949131,0.980166554,0.9893178,0.9912936
8.016666,fighter,0.9963284,0.982753,1.06288826,1.07388139
8.016666,native,0.994983852,0.980871737,0.9907951,0.9952519
8.033334,fighter,0.9963911,0.984088063,1.0656265,1.07910681
8.033334,native,0.9950513,0.981772661,0.9926559,0.999259949
8.05,fighter,0.9964483,0.9856507,1.06889534,1.08449936
8.05,native,0.995112836,0.9829085,0.9951435,1.00345731
8.066667,fighter,0.996499836,0.9871233,1.07262766,1.09002864
8.066667,native,0.995167553,0.983938456,0.998141944,1.00790238
8.083333,fighter,0.9965445,0.9883019,1.07698226,1.09580958
8.083333,native,0.9952144,0.9846035,1.00187016,1.01282835
8.1,fighter,0.9965814,0.988996,1.08215213,1.10202444
8.1,native,0.9952524,0.984678745,1.006449,1.01833081
8.116667,fighter,0.996607363,0.9891334,1.0880034,1.10863066
8.116667,native,0.9952781,0.984088957,1.01171982,1.02440238
8.133333,fighter,0.9966183,0.9886376,1.094299,1.11553514
8.133333,native,0.9952864,0.982774854,1.01734245,1.0308634
8.15,fighter,0.9966205,0.9873636,1.10066652,1.12238419
8.15,native,0.9952856,0.980615,1.02287507,1.03737175
8.166667,fighter,0.9966212,0.985484838,1.10681963,1.12900436
8.166667,native,0.995284,0.977848,1.02806318,1.04357839
8.183333,fighter,0.9966229,0.982938766,1.11288083,1.135617
8.183333,native,0.995286047,0.974484146,1.03284538,1.0493722
8.2,fighter,0.9966227,0.9802593,1.11841941,1.14195061
8.2,native,0.995286,0.971061766,1.03718972,1.05484
8.216666,fighter,0.996616662,0.9780607,1.12323284,1.14795864
8.216666,native,0.995276332,0.968176246,1.04131544,1.06024253
8.233334,fighter,0.9966106,0.976074,1.12747288,1.15363252
8.233334,native,0.9952671,0.965544641,1.045119,1.06543922
8.25,fighter,0.9966111,0.9742467,1.1310674,1.15873909
8.25,native,0.995267153,0.9631225,1.04840016,1.07014561
8.266666,fighter,0.9966206,0.972524643,1.13437843,1.16354918
8.266666,native,0.995277941,0.9608557,1.05145872,1.07458675
8.283334,fighter,0.996638238,0.9709049,1.13746083,1.16804814
8.283334,native,0.9952974,0.958770037,1.0542798,1.07873642
8.3,fighter,0.996663451,0.969421,1.14029121,1.17212451
8.3,native,0.9953236,0.956928849,1.05680525,1.08249164
8.316667,fighter,0.9966943,0.968033254,1.14292729,1.17588091
8.316667,native,0.99535346,0.9552866,1.05907142,1.08595717
8.333333,fighter,0.996733248,0.9667525,1.14529037,1.17933357
8.333333,native,0.9953905,0.9538341,1.06104767,1.08916354
8.35,fighter,0.996776938,0.9655817,1.147392,1.18249047
8.35,native,0.995430946,0.9525688,1.06276584,1.09211862
8.366667,fighter,0.99681896,0.964548051,1.14916039,1.18527746
8.366667,native,0.995468259,0.9515122,1.06416845,1.09473848
8.383333,fighter,0.9968601,0.963669956,1.15063477,1.187595
8.383333,native,0.995505035,0.9506738,1.06531227,1.09691262
8.4,fighter,0.996898651,0.9629896,1.15197611,1.18947542
8.4,native,0.995539,0.9500912,1.06639385,1.09867489
8.416667,fighter,0.9969326,0.962527752,1.15312791,1.1911037
8.416667,native,0.995567262,0.949786365,1.06735766,1.10021126
8.433333,fighter,0.9969616,0.96226877,1.15401542,1.192693
8.433333,native,0.9955907,0.9497411,1.06810188,1.10173512
8.45,fighter,0.996987462,0.962213755,1.1546309,1.1941278
8.45,native,0.995614,0.949947238,1.06861544,1.10312212
8.466666,fighter,0.997005641,0.96234715,1.15501952,1.19530571
8.466666,native,0.995629966,0.9503773,1.06893957,1.10427356
8.483334,fighter,0.9970095,0.9626606,1.15520978,1.19627357
8.483334,native,0.995627463,0.951014757,1.06910086,1.10524118
8.5,fighter,0.9969995,0.9631543,1.15519857,1.19700611
8.5,native,0.995607138,0.9518554,1.069097,1.1059953
8.516666,fighter,0.9969794,0.963831961,1.15499961,1.19751358
8.516666,native,0.9955738,0.9528958,1.06894481,1.10654652
8.533334,fighter,0.9969519,0.964699745,1.15460491,1.19779909
8.533334,native,0.9955319,0.954136968,1.068646,1.10689926
8.55,fighter,0.996916056,0.965762258,1.15402186,1.19782031
8.55,native,0.995480835,0.9555818,1.06822288,1.1070118
8.566667,fighter,0.9968707,0.9669681,1.1532954,1.19751477
8.566667,native,0.995420158,0.957179666,1.06770909,1.10681546
8.583333,fighter,0.9968147,0.9682384,1.15237713,1.19694364
8.583333,native,0.9953498,0.958864748,1.06700182,1.10635686
8.6,fighter,0.9967465,0.9695746,1.15119326,1.196149
8.6,native,0.9952674,0.9606335,1.06604218,1.10569489
8.616667,fighter,0.9966649,0.9709823,1.14983344,1.1951443
8.616667,native,0.9951714,0.9624747,1.06496537,1.10485113
8.633333,fighter,0.9965682,0.9722784,1.14847088,1.19397092
8.633333,native,0.9950594,0.964208543,1.06385028,1.103839
8.65,fighter,0.9964558,0.9733102,1.1472255,1.19259727
8.65,native,0.9949311,0.9656674,1.06277013,1.1026237
8.666667,fighter,0.996325135,0.9742349,1.14595437,1.19084167
8.666667,native,0.994783163,0.9670006,1.06167388,1.10103858
8.683333,fighter,0.99616617,0.975144565,1.14463627,1.18875182
8.683333,native,0.9946018,0.9682974,1.06059182,1.09913242
8.7,fighter,0.9960028,0.975948334,1.14332736,1.18658733
8.7,native,0.994411945,0.9694632,1.05953062,1.0971781
8.716666,fighter,0.995879531,0.976587,1.14199734,1.18436038
8.716666,native,0.9942628,0.9704391,1.05842435,1.09518445
8.733334,fighter,0.995823,0.977038145,1.14073253,1.18211138
8.733334,native,0.99418503,0.971201956,1.05734646,1.09315777
8.75,fighter,0.9958428,0.9772403,1.13957715,1.17993808
8.75,native,0.9941888,0.9716869,1.0563122,1.09117866
8.766666,fighter,0.995916963,0.977316439,1.13847673,1.17777777
8.766666,native,0.994250834,0.9720224,1.0553031,1.08918071
8.783334,fighter,0.9960222,0.9774291,1.1373471,1.17551029
8.783334,native,0.9943484,0.972376943,1.05429137,1.08705342
8.8,fighter,0.9961364,0.9775605,1.13621986,1.17310083
8.8,native,0.994459569,0.972733557,1.05329561,1.08478427
8.816667,fighter,0.9962373,0.9777302,1.13522959,1.17061973
8.816667,native,0.9945586,0.973113954,1.05244207,1.08244407
8.833333,fighter,0.9963215,0.97788775,1.13431942,1.16809988
8.833333,native,0.994643152,0.973470151,1.05163884,1.08007336
8.85,fighter,0.9963909,0.977979243,1.13330281,1.16551566
8.85,native,0.9947206,0.9737487,1.05065584,1.07764912
8.866667,fighter,0.996439,0.978049934,1.13221288,1.1629765
8.866667,native,0.9947846,0.9740014,1.04955792,1.07523811
8.883333,fighter,0.9964777,0.9781348,1.13112915,1.160468
8.883333,native,0.9948495,0.9742738,1.04843724,1.07277012
8.9,fighter,0.996514,0.9782936,1.13009369,1.15783024
8.9,native,0.994913757,0.974613547,1.04738152,1.0701493
8.916667,fighter,0.9965433,0.9785947,1.12907147,1.15519226
8.916667,native,0.9949646,0.975080669,1.04639411,1.0675658
8.933333,fighter,0.996572733,0.9789907,1.12783921,1.15259981
8.933333,native,0.9950132,0.9756343,1.04520679,1.06505489
8.95,fighter,0.9966043,0.9794124,1.12643814,1.14991164
8.95,native,0.995062232,0.9762072,1.04383337,1.06247389
8.966666,fighter,0.9966405,0.9798465,1.12502182,1.14708555
8.966666,native,0.995114744,0.9767864,1.042434,1.05974483
8.983334,fighter,0.9966733,0.9802836,1.1235559,1.14413643
8.983334,native,0.995161057,0.977361,1.0409776,1.05686677
9,fighter,0.996692538,0.980738,1.12202418,1.14117646
9,native,0.995188951,0.977945864,1.03945875,1.05395722
9.016666,fighter,0.996698,0.981243134,1.12038136,1.13826025
9.016666,native,0.995199144,0.9785778,1.03784192,1.051061
9.033334,fighter,0.9966963,0.9817384,1.11858487,1.13540423
9.033334,native,0.9951993,0.979191661,1.03607118,1.0482161
9.05,fighter,0.9966978,0.982165039,1.11677063,1.1326791
9.05,native,0.9952023,0.979722738,1.03428435,1.04551733
9.066667,fighter,0.996684551,0.9825148,1.11495125,1.13003159
9.066667,native,0.995185137,0.9801697,1.03249741,1.04290128
9.083333,fighter,0.9966299,0.9827535,1.11309326,1.127504
9.083333,native,0.9951124,0.980500162,1.03066814,1.040393
9.1,fighter,0.9965673,0.982868135,1.11129785,1.12514257
9.1,native,0.9950301,0.9807002,1.02889383,1.038054
9.116667,fighter,0.9965273,0.9828834,1.109585,1.12286115
9.116667,native,0.994980335,0.980795741,1.02719653,1.03580856
9.133333,fighter,0.996493459,0.982845068,1.10793054,1.12056077
9.133333,native,0.9949402,0.9808351,1.02555335,1.0335449
9.15,fighter,0.9964573,0.982771635,1.10635126,1.1181879
9.15,native,0.9948972,0.9808387,1.023976,1.03120828
9.166667,fighter,0.9964182,0.982649,1.10482776,1.11573184
9.166667,native,0.994851768,0.9807892,1.02244484,1.02879024
9.183333,fighter,0.996377647,0.98247534,1.10330868,1.11322522
9.183333,native,0.994806468,0.980681658,1.02090383,1.02632737
9.2,fighter,0.9963394,0.982282,1.10185337,1.11075819
9.2,native,0.9947645,0.980550349,1.01940572,1.02390182
9.216666,fighter,0.9963064,0.9820954,1.10049474,1.10833228
9.216666,native,0.9947283,0.98042357,1.01797593,1.02150941
9.233334,fighter,0.9962822,0.9819385,1.0992204,1.105973
9.233334,native,0.994701862,0.980321348,1.01660466,1.019168
9.25,fighter,0.996268,0.9818299,1.09799087,1.10365915
9.25,native,0.9946856,0.980262637,1.01525164,1.01685369
9.266666,fighter,0.9962676,0.981771648,1.09683478,1.1013732
9.266666,native,0.9946845,0.980252147,1.0139612,1.01455021
9.283334,fighter,0.9962825,0.98176837,1.09586513,1.09918416
9.283334,native,0.9947014,0.980294347,1.01286924,1.01232862
9.3,fighter,0.996308267,0.981827,1.09513175,1.09710836
9.3,native,0.9947308,0.980394,1.01202035,1.01021314
9.316667,fighter,0.9963404,0.981962,1.09464729,1.095194
9.316667,native,0.994766057,0.980567,1.01142359,1.00826
9.333333,fighter,0.9963765,0.9821839,1.09434986,1.09342885
9.333333,native,0.9948039,0.9808245,1.01101553,1.00645661
9.35,fighter,0.9964169,0.9824756,1.09414,1.09170926
9.35,native,0.9948468,0.981148,1.01068938,1.00469363
9.366667,fighter,0.9964627,0.982836962,1.09396458,1.09000731
9.366667,native,0.9948968,0.9815404,1.01039314,1.0029223
9.383333,fighter,0.9965126,0.9832749,1.0938555,1.08837652
9.383333,native,0.9949525,0.9820079,1.01015949,1.0011797
9.4,fighter,0.996564567,0.983774543,1.093799,1.08681571
9.4,native,0.995010138,0.982534468,1.00998366,0.999476969
9.416667,fighter,0.9966171,0.9843275,1.09367728,1.08527184
9.416667,native,0.995069,0.983114,1.00976264,0.99777925
9.433333,fighter,0.996668458,0.9849223,1.09347594,1.083741
9.433333,native,0.9951279,0.9837366,1.00949192,0.996112645
9.45,fighter,0.9967171,0.9855485,1.09313786,1.08205724
9.45,native,0.99518466,0.984395444,1.00914145,0.994351268
9.466666,fighter,0.996760368,0.986198664,1.09281492,1.08039451
9.466666,native,0.9952356,0.9850772,1.00883734,0.992634356
9.483334,fighter,0.9968001,0.9868676,1.09263515,1.07897985
9.483334,native,0.9952827,0.9857705,1.0086745,0.991149962
9.5,fighter,0.9968394,0.987542152,1.09245908,1.07768822
9.5,native,0.99533,0.986468434,1.0085206,0.989790142
9.516666,fighter,0.9968781,0.9882097,1.0923202,1.0765022
9.516666,native,0.995378,0.9871584,1.00840366,0.9885373
9.533334,fighter,0.9969166,0.988857448,1.09224522,1.07542014
9.533334,native,0.995427132,0.9878276,1.00834966,0.9873897
9.55,fighter,0.9969539,0.98947376,1.09221077,1.074452
9.55,native,0.995476067,0.9884638,1.00832868,0.986360431
9.566667,fighter,0.996988654,0.9900498,1.09221637,1.07365072
9.566667,native,0.995522,0.989058137,1.00834477,0.9855069
9.583333,fighter,0.9970223,0.99058944,1.09223735,1.07302022
9.583333,native,0.9955661,0.989614666,1.0083822,0.9848348
9.6,fighter,0.9970502,0.9911045,1.09227407,1.07248056
9.6,native,0.9956031,0.990146756,1.00844467,0.9842629
9.616667,fighter,0.9970649,0.9915928,1.092356,1.071985
9.616667,native,0.995624,0.9906526,1.0085547,0.98373723
9.633333,fighter,0.9970755,0.992049456,1.092491,1.07161152
9.633333,native,0.995639443,0.991125762,1.00871825,0.9833359
9.65,fighter,0.9970883,0.992473066,1.09266627,1.07141435
9.65,native,0.995656133,0.99156487,1.00892961,0.983113766
9.666667,fighter,0.9970997,0.99286443,1.09288037,1.07133234
9.666667,native,0.9956704,0.9919701,1.00917423,0.9830069
9.683333,fighter,0.997110069,0.9932232,1.093126,1.071317
9.683333,native,0.9956829,0.9923425,1.00943112,0.9829676
9.7,fighter,0.9971196,0.993549347,1.09335828,1.07133925
9.7,native,0.9956946,0.992681861,1.00965726,0.9829628
9.716666,fighter,0.99712956,0.9938349,1.09351444,1.07134843
9.716666,native,0.995707631,0.9929809,1.00978422,0.982931435
9.733334,fighter,0.997137,0.9940997,1.09365821,1.0713762
9.733334,native,0.995717347,0.993259847,1.00987685,0.9829113
9.75,fighter,0.9971381,0.9943622,1.0939194,1.07151628
9.75,native,0.9957166,0.993538737,1.0100646,0.9830026
9.766666,fighter,0.9971379,0.9946229,1.09417391,1.07165956
9.766666,native,0.9957147,0.9938153,1.01027524,0.9831336
9.783334,fighter,0.9971464,0.994894266,1.09425068,1.07164741
9.783334,native,0.9957271,0.9940995,1.01040459,0.983199954
9.8,fighter,0.9971585,0.9951715,1.09416878,1.07151949
9.8,native,0.995744,0.99439013,1.01042545,0.9832151
9.816667,fighter,0.99716717,0.9954462,1.09391046,1.07126141
9.816667,native,0.99575454,0.994679749,1.01031542,0.98317945
9.833333,fighter,0.997173846,0.995690465,1.09352922,1.07090664
9.833333,native,0.9957626,0.9949452,1.010048,0.983034849
9.85,fighter,0.9971803,0.995885,1.09314072,1.07055044
9.85,native,0.9957709,0.9951742,1.00961411,0.9827274
9.866667,fighter,0.9971881,0.996057868,1.0927881,1.070251
9.866667,native,0.995781,0.9953908,1.00912607,0.982351542
9.883333,fighter,0.997195661,0.9962303,1.09247422,1.07008529
9.883333,native,0.9957901,0.9956102,1.00868535,0.9820485
9.9,fighter,0.9972058,0.996400654,1.09212518,1.06989872
9.9,native,0.995802164,0.9958244,1.00827968,0.9817603
9.916667,fighter,0.997222,0.996569,1.09169853,1.0695461
9.916667,native,0.995823145,0.996029854,1.00789344,0.981406
9.933333,fighter,0.997243166,0.996723533,1.09120727,1.06912053
9.933333,native,0.995850742,0.9962132,1.00750566,0.981035054
9.95,fighter,0.997267246,0.996849358,1.09065187,1.06870461
9.95,native,0.9958814,0.9963588,1.00707138,0.980671644
9.966666,fighter,0.9972905,0.996950269,1.09011912,1.06831229
9.966666,native,0.995910168,0.9964766,1.00663686,0.9803058
9.983334,fighter,0.9973111,0.9970314,1.089652,1.0679363
9.983334,native,0.9959341,0.9965765,1.00624907,0.9799411
10,fighter,0.99732846,0.997096062,1.08911455,1.067477
10,native,0.9959539,0.996663451,1.00579655,0.979494452
10.0166664,fighter,0.9973425,0.9971424,1.0884974,1.06691313
10.0166664,native,0.995969236,0.996736944,1.00523448,0.9789089
10.0333338,fighter,0.9973528,0.997167766,1.0877403,1.06620371
10.0333338,native,0.995980561,0.996788442,1.00455725,0.9781951
10.05,fighter,0.997360349,0.997177362,1.08678746,1.06536531
10.05,native,0.9959887,0.9968194,1.00376284,0.9774188
10.0666666,fighter,0.997367263,0.9971863,1.08587861,1.06457269
10.0666666,native,0.9959955,0.996845067,1.003047,0.976716936
10.083333,fighter,0.997375131,0.9972049,1.085088,1.06379282
10.083333,native,0.9960035,0.996875763,1.00248373,0.976067245
10.1,fighter,0.9973858,0.99723804,1.08437634,1.06300867
10.1,native,0.9960149,0.9969194,1.00198114,0.9753972
10.1166668,fighter,0.9974023,0.997288048,1.08377707,1.06230426
10.1166668,native,0.996033669,0.9969795,1.0015136,0.9747324
10.1333332,fighter,0.997422934,0.997343242,1.08319807,1.06165218
10.1333332,native,0.996055543,0.9970449,1.00101817,0.9740741
10.15,fighter,0.997440159,0.997395,1.082532,1.06109989
10.15,native,0.996066451,0.9971073,1.000409,0.973491967
10.166667,fighter,0.9974532,0.9974296,1.0819726,1.060679
10.166667,native,0.99607265,0.997149646,0.999878049,0.9730353
10.1833334,fighter,0.9974637,0.9974346,1.08175206,1.06038034
10.1833334,native,0.9960851,0.997155547,0.999657333,0.972712934
10.2,fighter,0.997468,0.997429669,1.08172655,1.06026661
10.2,native,0.9960921,0.9971494,0.999625742,0.9725936
10.2000008,fighter,0.997468,0.997429669,1.08172655,1.06026661
10.2000008,native,0.9960921,0.9971494,0.999625742,0.9725936
