guid	localId	path	clip	role	demoReference	canonicalAction	registrationState	evidence	remainingVerification
52046464c4418bf799dd91bf9709dfd7	7400000	Assets/DemoSence/InsaneCombos/Clips/combo_01.anim	combo_01	registered-demo-library	FrankCombinationTester.comboLibrary → InsaneCombos/ComboLibrary.asset attack	Insane combo 01 full combo	registered-demo-library; not BattleScene combat	ComboLibrary stable GUID; FrankInsaneBuilder pair construction.	Validate contact/timing and combat registration if promoted.
e74693c676141e564a783e51a8d6675e	7400000	Assets/DemoSence/InsaneCombos/Clips/combo_01_1.anim	combo_01_1	registered-demo-library	FrankCombinationTester.comboLibrary → InsaneCombos/ComboLibrary.asset attack	Insane combo 01 step 1	registered-demo-library; not BattleScene combat	ComboLibrary stable GUID; FrankInsaneBuilder pair construction.	Validate contact/timing and combat registration if promoted.
2098f31b990c8ff679f1be5b309f619d	7400000	Assets/DemoSence/InsaneCombos/Clips/combo_01_2.anim	combo_01_2	registered-demo-library	FrankCombinationTester.comboLibrary → InsaneCombos/ComboLibrary.asset attack	Insane combo 01 step 2	registered-demo-library; not BattleScene combat	ComboLibrary stable GUID; FrankInsaneBuilder pair construction.	Validate contact/timing and combat registration if promoted.
9c694add9bac67eb7addee21435cc256	7400000	Assets/DemoSence/InsaneCombos/Clips/combo_01_3.anim	combo_01_3	registered-demo-library	FrankCombinationTester.comboLibrary → InsaneCombos/ComboLibrary.asset attack	Insane combo 01 step 3	registered-demo-library; not BattleScene combat	ComboLibrary stable GUID; FrankInsaneBuilder pair construction.	Validate contact/timing and combat registration if promoted.
54a8494418477be0a86082ba18b51a64	7400000	Assets/DemoSence/InsaneCombos/Clips/combo_01_hit.anim	combo_01_hit	registered-demo-library	FrankCombinationTester.comboLibrary → InsaneCombos/ComboLibrary.asset reaction	Insane combo 01 full-combo receiver reaction	registered-demo-library; not BattleScene combat	ComboLibrary stable GUID; FrankInsaneBuilder builds 3 full + 14 step pairs.	Combat move registration and gameplay validation are absent.
63e4520b0eb5af4b0b5dddf10af47ede	7400000	Assets/DemoSence/InsaneCombos/Clips/combo_02.anim	combo_02	registered-demo-library	FrankCombinationTester.comboLibrary → InsaneCombos/ComboLibrary.asset attack	Insane combo 02 full combo	registered-demo-library; not BattleScene combat	ComboLibrary stable GUID; FrankInsaneBuilder pair construction.	Validate contact/timing and combat registration if promoted.
da651877639ded7f8a412ba0a90b2dc9	7400000	Assets/DemoSence/InsaneCombos/Clips/combo_02_1.anim	combo_02_1	registered-demo-library	FrankCombinationTester.comboLibrary → InsaneCombos/ComboLibrary.asset attack	Insane combo 02 step 1	registered-demo-library; not BattleScene combat	ComboLibrary stable GUID; FrankInsaneBuilder pair construction.	Validate contact/timing and combat registration if promoted.
0d59cc697c9ccb029a47d360ea5ff53e	7400000	Assets/DemoSence/InsaneCombos/Clips/combo_02_2.anim	combo_02_2	registered-demo-library	FrankCombinationTester.comboLibrary → InsaneCombos/ComboLibrary.asset attack	Insane combo 02 step 2	registered-demo-library; not BattleScene combat	ComboLibrary stable GUID; FrankInsaneBuilder pair construction.	Validate contact/timing and combat registration if promoted.
9dac0184fd1595dc0b8bfabce312b962	7400000	Assets/DemoSence/InsaneCombos/Clips/combo_02_3.anim	combo_02_3	registered-demo-library	FrankCombinationTester.comboLibrary → InsaneCombos/ComboLibrary.asset attack	Insane combo 02 step 3	registered-demo-library; not BattleScene combat	ComboLibrary stable GUID; FrankInsaneBuilder pair construction.	Validate contact/timing and combat registration if promoted.
8b89b89f297ef2d5dbcdef4e44cd41a0	7400000	Assets/DemoSence/InsaneCombos/Clips/combo_02_4.anim	combo_02_4	registered-demo-library	FrankCombinationTester.comboLibrary → InsaneCombos/ComboLibrary.asset attack	Insane combo 02 step 4	registered-demo-library; not BattleScene combat	ComboLibrary stable GUID; FrankInsaneBuilder pair construction.	Validate contact/timing and combat registration if promoted.
44d22dec3760fe4149a2e85de7b3de46	7400000	Assets/DemoSence/InsaneCombos/Clips/combo_02_5.anim	combo_02_5	registered-demo-library	FrankCombinationTester.comboLibrary → InsaneCombos/ComboLibrary.asset attack	Insane combo 02 step 5	registered-demo-library; not BattleScene combat	ComboLibrary stable GUID; FrankInsaneBuilder pair construction.	Validate contact/timing and combat registration if promoted.
50d083c508f5d3bf7849432058bc4b78	7400000	Assets/DemoSence/InsaneCombos/Clips/combo_02_6.anim	combo_02_6	registered-demo-library	FrankCombinationTester.comboLibrary → InsaneCombos/ComboLibrary.asset attack	Insane combo 02 step 6	registered-demo-library; not BattleScene combat	ComboLibrary stable GUID; FrankInsaneBuilder pair construction.	Validate contact/timing and combat registration if promoted.
a2376aa93cceb6d559623f278accad40	7400000	Assets/DemoSence/InsaneCombos/Clips/combo_02_hit.anim	combo_02_hit	registered-demo-library	FrankCombinationTester.comboLibrary → InsaneCombos/ComboLibrary.asset reaction	Insane combo 02 full-combo receiver reaction	registered-demo-library; not BattleScene combat	ComboLibrary stable GUID; FrankInsaneBuilder builds 3 full + 14 step pairs.	Combat move registration and gameplay validation are absent.
5c27a5e1248c3c5da8706d67b773b232	7400000	Assets/DemoSence/InsaneCombos/Clips/combo_03.anim	combo_03	registered-demo-library	FrankCombinationTester.comboLibrary → InsaneCombos/ComboLibrary.asset attack	Insane combo 03 full combo	registered-demo-library; not BattleScene combat	ComboLibrary stable GUID; FrankInsaneBuilder pair construction.	Validate contact/timing and combat registration if promoted.
002bf96866cdd9f7296b4e4922257301	7400000	Assets/DemoSence/InsaneCombos/Clips/combo_03_1.anim	combo_03_1	registered-demo-library	FrankCombinationTester.comboLibrary → InsaneCombos/ComboLibrary.asset attack	Insane combo 03 step 1	registered-demo-library; not BattleScene combat	ComboLibrary stable GUID; FrankInsaneBuilder pair construction.	Validate contact/timing and combat registration if promoted.
6d0557d9010cb42f7adf1798a978d532	7400000	Assets/DemoSence/InsaneCombos/Clips/combo_03_2.anim	combo_03_2	registered-demo-library	FrankCombinationTester.comboLibrary → InsaneCombos/ComboLibrary.asset attack	Insane combo 03 step 2	registered-demo-library; not BattleScene combat	ComboLibrary stable GUID; FrankInsaneBuilder pair construction.	Validate contact/timing and combat registration if promoted.
5472541ebfc5da00fb41fd48e7d04cc0	7400000	Assets/DemoSence/InsaneCombos/Clips/combo_03_3.anim	combo_03_3	registered-demo-library	FrankCombinationTester.comboLibrary → InsaneCombos/ComboLibrary.asset attack	Insane combo 03 step 3	registered-demo-library; not BattleScene combat	ComboLibrary stable GUID; FrankInsaneBuilder pair construction.	Validate contact/timing and combat registration if promoted.
4df3e7015f484ff3ebbed0af2cfab431	7400000	Assets/DemoSence/InsaneCombos/Clips/combo_03_4.anim	combo_03_4	registered-demo-library	FrankCombinationTester.comboLibrary → InsaneCombos/ComboLibrary.asset attack	Insane combo 03 step 4	registered-demo-library; not BattleScene combat	ComboLibrary stable GUID; FrankInsaneBuilder pair construction.	Validate contact/timing and combat registration if promoted.
fc3043051c8aba21c985606d7ba19689	7400000	Assets/DemoSence/InsaneCombos/Clips/combo_03_5.anim	combo_03_5	registered-demo-library	FrankCombinationTester.comboLibrary → InsaneCombos/ComboLibrary.asset attack	Insane combo 03 step 5	registered-demo-library; not BattleScene combat	ComboLibrary stable GUID; FrankInsaneBuilder pair construction.	Validate contact/timing and combat registration if promoted.
83fb592ff7e1c5e3c897b8bd8ff0b675	7400000	Assets/DemoSence/InsaneCombos/Clips/combo_03_hit.anim	combo_03_hit	registered-demo-library	FrankCombinationTester.comboLibrary → InsaneCombos/ComboLibrary.asset reaction	Insane combo 03 full-combo receiver reaction	registered-demo-library; not BattleScene combat	ComboLibrary stable GUID; FrankInsaneBuilder builds 3 full + 14 step pairs.	Combat move registration and gameplay validation are absent.
96703639785e62b2c9b22416a36c5d7e	7400000	Assets/DemoSence/InsaneCombos/Reactions/combo_01_1_hit_generated.anim	combo_01_1_hit_generated	registered-demo-library	FrankCombinationTester.comboLibrary → InsaneCombos/ComboLibrary.asset reaction	Insane step receiver reaction for combo_01_1	registered-demo-library; generated; not BattleScene combat	ComboLibrary GUID; FrankInsaneBuilder.GenerateStepReaction mapping.	Validate generated impact response; no BattleScene move registration.
243ab4ea1f0af85a0a24382a17acd8eb	7400000	Assets/DemoSence/InsaneCombos/Reactions/combo_01_2_hit_generated.anim	combo_01_2_hit_generated	registered-demo-library	FrankCombinationTester.comboLibrary → InsaneCombos/ComboLibrary.asset reaction	Insane step receiver reaction for combo_01_2	registered-demo-library; generated; not BattleScene combat	ComboLibrary GUID; FrankInsaneBuilder.GenerateStepReaction mapping.	Validate generated impact response; no BattleScene move registration.
8ae7aab35057c256197d008dc67f2767	7400000	Assets/DemoSence/InsaneCombos/Reactions/combo_01_3_hit_generated.anim	combo_01_3_hit_generated	registered-demo-library	FrankCombinationTester.comboLibrary → InsaneCombos/ComboLibrary.asset reaction	Insane step receiver reaction for combo_01_3	registered-demo-library; generated; not BattleScene combat	ComboLibrary GUID; FrankInsaneBuilder.GenerateStepReaction mapping.	Validate generated impact response; no BattleScene move registration.
3ee772e43fa7f8fb19af38201ecfee9e	7400000	Assets/DemoSence/InsaneCombos/Reactions/combo_02_1_hit_generated.anim	combo_02_1_hit_generated	registered-demo-library	FrankCombinationTester.comboLibrary → InsaneCombos/ComboLibrary.asset reaction	Insane step receiver reaction for combo_02_1	registered-demo-library; generated; not BattleScene combat	ComboLibrary GUID; FrankInsaneBuilder.GenerateStepReaction mapping.	Validate generated impact response; no BattleScene move registration.
9adac01cf555d906b9b5c7f21f048149	7400000	Assets/DemoSence/InsaneCombos/Reactions/combo_02_2_hit_generated.anim	combo_02_2_hit_generated	registered-demo-library	FrankCombinationTester.comboLibrary → InsaneCombos/ComboLibrary.asset reaction	Insane step receiver reaction for combo_02_2	registered-demo-library; generated; not BattleScene combat	ComboLibrary GUID; FrankInsaneBuilder.GenerateStepReaction mapping.	Validate generated impact response; no BattleScene move registration.
716642bfa78a2b6eea21e69799714c7f	7400000	Assets/DemoSence/InsaneCombos/Reactions/combo_02_3_hit_generated.anim	combo_02_3_hit_generated	registered-demo-library	FrankCombinationTester.comboLibrary → InsaneCombos/ComboLibrary.asset reaction	Insane step receiver reaction for combo_02_3	registered-demo-library; generated; not BattleScene combat	ComboLibrary GUID; FrankInsaneBuilder.GenerateStepReaction mapping.	Validate generated impact response; no BattleScene move registration.
ebd4c9de48067bb188efbadce5dc2720	7400000	Assets/DemoSence/InsaneCombos/Reactions/combo_02_4_hit_generated.anim	combo_02_4_hit_generated	registered-demo-library	FrankCombinationTester.comboLibrary → InsaneCombos/ComboLibrary.asset reaction	Insane step receiver reaction for combo_02_4	registered-demo-library; generated; not BattleScene combat	ComboLibrary GUID; FrankInsaneBuilder.GenerateStepReaction mapping.	Validate generated impact response; no BattleScene move registration.
a6cf3a79dc81658ad8eef62bd91c08da	7400000	Assets/DemoSence/InsaneCombos/Reactions/combo_02_5_hit_generated.anim	combo_02_5_hit_generated	registered-demo-library	FrankCombinationTester.comboLibrary → InsaneCombos/ComboLibrary.asset reaction	Insane step receiver reaction for combo_02_5	registered-demo-library; generated; not BattleScene combat	ComboLibrary GUID; FrankInsaneBuilder.GenerateStepReaction mapping.	Validate generated impact response; no BattleScene move registration.
5d5adb01f2a3790dd9811df989d3c707	7400000	Assets/DemoSence/InsaneCombos/Reactions/combo_02_6_hit_generated.anim	combo_02_6_hit_generated	registered-demo-library	FrankCombinationTester.comboLibrary → InsaneCombos/ComboLibrary.asset reaction	Insane step receiver reaction for combo_02_6	registered-demo-library; generated; not BattleScene combat	ComboLibrary GUID; FrankInsaneBuilder.GenerateStepReaction mapping.	Validate generated impact response; no BattleScene move registration.
c59968a3b3813109b87fe28a9e55478b	7400000	Assets/DemoSence/InsaneCombos/Reactions/combo_03_1_hit_generated.anim	combo_03_1_hit_generated	registered-demo-library	FrankCombinationTester.comboLibrary → InsaneCombos/ComboLibrary.asset reaction	Insane step receiver reaction for combo_03_1	registered-demo-library; generated; not BattleScene combat	ComboLibrary GUID; FrankInsaneBuilder.GenerateStepReaction mapping.	Validate generated impact response; no BattleScene move registration.
4e6bfa79507b8e8af80beb04a2ffa7be	7400000	Assets/DemoSence/InsaneCombos/Reactions/combo_03_2_hit_generated.anim	combo_03_2_hit_generated	registered-demo-library	FrankCombinationTester.comboLibrary → InsaneCombos/ComboLibrary.asset reaction	Insane step receiver reaction for combo_03_2	registered-demo-library; generated; not BattleScene combat	ComboLibrary GUID; FrankInsaneBuilder.GenerateStepReaction mapping.	Validate generated impact response; no BattleScene move registration.
a00f75d030008f13cbef190793c60a99	7400000	Assets/DemoSence/InsaneCombos/Reactions/combo_03_3_hit_generated.anim	combo_03_3_hit_generated	registered-demo-library	FrankCombinationTester.comboLibrary → InsaneCombos/ComboLibrary.asset reaction	Insane step receiver reaction for combo_03_3	registered-demo-library; generated; not BattleScene combat	ComboLibrary GUID; FrankInsaneBuilder.GenerateStepReaction mapping.	Validate generated impact response; no BattleScene move registration.
c31f627f6574620caa115e2d578ac25f	7400000	Assets/DemoSence/InsaneCombos/Reactions/combo_03_4_hit_generated.anim	combo_03_4_hit_generated	registered-demo-library	FrankCombinationTester.comboLibrary → InsaneCombos/ComboLibrary.asset reaction	Insane step receiver reaction for combo_03_4	registered-demo-library; generated; not BattleScene combat	ComboLibrary GUID; FrankInsaneBuilder.GenerateStepReaction mapping.	Validate generated impact response; no BattleScene move registration.
5bd7cceab03d27a0cb89060fe0865038	7400000	Assets/DemoSence/InsaneCombos/Reactions/combo_03_5_hit_generated.anim	combo_03_5_hit_generated	registered-demo-library	FrankCombinationTester.comboLibrary → InsaneCombos/ComboLibrary.asset reaction	Insane step receiver reaction for combo_03_5	registered-demo-library; generated; not BattleScene combat	ComboLibrary GUID; FrankInsaneBuilder.GenerateStepReaction mapping.	Validate generated impact response; no BattleScene move registration.
0ecbaf72cc6563b3788f1d0796e10828	1827226128182048838	Assets/DemoSence/Rigs/Frank_Damage@Damage_Critical_2Handed.FBX	Damage_Critical_2Handed	support	FrankRetargetBuilder.Prepare; FrankCombinationBuilder.BuildTester	Frank 2Handed source rig/clip support; no stable-ID action link	support-only; canonical link pending	Builder source graph; matching names do not establish curve equivalence.	Compare exact extraction/curves with registered Sets clips before linking.
887c136fb6189f3bf8919955b7a6ead6	1827226128182048838	Assets/DemoSence/Rigs/Frank_Damage@Damage_Critical_Assassin.FBX	Damage_Critical_Assassin	support	FrankRetargetBuilder.Prepare; FrankCombinationBuilder.BuildTester	Frank Assassin source rig/clip support; no stable-ID action link	support-only; canonical link pending	Builder source graph; matching names do not establish curve equivalence.	Compare exact extraction/curves with registered Sets clips before linking.
1d628956d53416971b3e2753725ecfb4	1827226128182048838	Assets/DemoSence/Rigs/Frank_Damage@Damage_Critical_Dual.FBX	Damage_Critical_Dual	support	FrankRetargetBuilder.Prepare; FrankCombinationBuilder.BuildTester	Frank Dual source rig/clip support; no stable-ID action link	support-only; canonical link pending	Builder source graph; matching names do not establish curve equivalence.	Compare exact extraction/curves with registered Sets clips before linking.
f9d4896795dbdf2eaa74e2b782a33753	1827226128182048838	Assets/DemoSence/Rigs/Frank_Damage@Damage_Critical_GreatSword.FBX	Damage_Critical_GreatSword	support	FrankRetargetBuilder.Prepare; FrankCombinationBuilder.BuildTester	Frank GreatSword source rig/clip support; no stable-ID action link	support-only; canonical link pending	Builder source graph; matching names do not establish curve equivalence.	Compare exact extraction/curves with registered Sets clips before linking.
a3b4748d4a8e7dfd4b510849d3ea6340	1827226128182048838	Assets/DemoSence/Rigs/Frank_Damage@Damage_Critical_Katana.FBX	Damage_Critical_Katana	support	FrankRetargetBuilder.Prepare; FrankCombinationBuilder.BuildTester	Frank Katana source rig/clip support; no stable-ID action link	support-only; canonical link pending	Builder source graph; matching names do not establish curve equivalence.	Compare exact extraction/curves with registered Sets clips before linking.
a74c88880dbb6d6a5b23708a0ca7d294	1827226128182048838	Assets/DemoSence/Rigs/Frank_Damage@Damage_Critical_Spear.FBX	Damage_Critical_Spear	support	FrankRetargetBuilder.Prepare; FrankCombinationBuilder.BuildTester	Frank Spear source rig/clip support; no stable-ID action link	support-only; canonical link pending	Builder source graph; matching names do not establish curve equivalence.	Compare exact extraction/curves with registered Sets clips before linking.
2cc53f050cdcab3c99304b15928061e4	1827226128182048838	Assets/DemoSence/Rigs/Frank_Damage@Damage_Critical_Warrior.FBX	Damage_Critical_Warrior	support	FrankRetargetBuilder.Prepare; FrankCombinationBuilder.BuildTester	Frank Warrior source rig/clip support; no stable-ID action link	support-only; canonical link pending	Builder source graph; matching names do not establish curve equivalence.	Compare exact extraction/curves with registered Sets clips before linking.
59dc3f26824c72872aa4cf6baeec671e	7400000	Assets/DemoSence/Rigs/Mankey.FBX	Take 001	support	FrankRetargetBuilder.Prepare target rigs	Take 001 target avatar/model support	support-only	Explicit target rig preparation.	Avatar support, no action identity.
757d9d3f1766533aa895e81a07aa5197	-203655887218126122	Assets/DemoSence/Rigs/Pepe.fbx	mixamo.com	support	FrankRetargetBuilder.Prepare target rigs	mixamo.com target avatar/model support	support-only	Explicit target rig preparation.	Avatar support, no action identity.
1ad661b136b91122291ed51469b56be9	7400000	Assets/DemoSence/Sets/Mankey/Being Hit/Damage_Critical_2Handed_Hit.anim	Damage_Critical_2Handed_Hit	Pepe/Heavy/Heavy_2:receiver	BattleScene GameManager move arrays; SourceInventory.json	Heavy/Heavy_2	registered-battle: Pepe/Heavy/Heavy_2:receiver	SourceInventory registeredRoles; GUID+localId; CombatExpansionInventory.cs	Registration is established; final motion, presentation and damage approval remains under authoritative replay.
18d676c4910c28d3f80d8b405eeedda0	7400000	Assets/DemoSence/Sets/Mankey/Being Hit/Damage_Critical_Assassin_Hit.anim	Damage_Critical_Assassin_Hit	Pepe/Heavy/Heavy_Assassin:receiver	BattleScene GameManager move arrays; SourceInventory.json	Heavy/Heavy_Assassin	registered-battle: Pepe/Heavy/Heavy_Assassin:receiver	SourceInventory registeredRoles; GUID+localId; CombatExpansionInventory.cs	Registration is established; final motion, presentation and damage approval remains under authoritative replay.
07afc81177a579c6c8735a0a421889f5	7400000	Assets/DemoSence/Sets/Mankey/Being Hit/Damage_Critical_Dual_Hit.anim	Damage_Critical_Dual_Hit	Pepe/Heavy/Heavy_8:receiver	BattleScene GameManager move arrays; SourceInventory.json	Heavy/Heavy_8	registered-battle: Pepe/Heavy/Heavy_8:receiver	SourceInventory registeredRoles; GUID+localId; CombatExpansionInventory.cs	Registration is established; final motion, presentation and damage approval remains under authoritative replay.
29d1673c59917bf858ecdeda1c1d3ef3	7400000	Assets/DemoSence/Sets/Mankey/Being Hit/Damage_Critical_GreatSword_Hit.anim	Damage_Critical_GreatSword_Hit	Pepe/Heavy/Heavy_6:receiver	BattleScene GameManager move arrays; SourceInventory.json	Heavy/Heavy_6	registered-battle: Pepe/Heavy/Heavy_6:receiver	SourceInventory registeredRoles; GUID+localId; CombatExpansionInventory.cs	Registration is established; final motion, presentation and damage approval remains under authoritative replay.
6e79c206cc4f1995293b1d3ccf9566a6	7400000	Assets/DemoSence/Sets/Mankey/Being Hit/Damage_Critical_Katana_Hit.anim	Damage_Critical_Katana_Hit	Pepe/Heavy/Heavy_Katana:receiver	BattleScene GameManager move arrays; SourceInventory.json	Heavy/Heavy_Katana	registered-battle: Pepe/Heavy/Heavy_Katana:receiver	SourceInventory registeredRoles; GUID+localId; CombatExpansionInventory.cs	Registration is established; final motion, presentation and damage approval remains under authoritative replay.
1a1eacea83607f6a3ae147efbbc23558	7400000	Assets/DemoSence/Sets/Mankey/Being Hit/Damage_Critical_Spear_Hit.anim	Damage_Critical_Spear_Hit	Pepe/Heavy/Heavy_7:receiver	BattleScene GameManager move arrays; SourceInventory.json	Heavy/Heavy_7	registered-battle: Pepe/Heavy/Heavy_7:receiver	SourceInventory registeredRoles; GUID+localId; CombatExpansionInventory.cs	Registration is established; final motion, presentation and damage approval remains under authoritative replay.
815993e08bc1e7bc6ad4c04db31399c9	7400000	Assets/DemoSence/Sets/Mankey/Being Hit/Damage_Critical_Warrior_Hit.anim	Damage_Critical_Warrior_Hit	Pepe/Heavy/Heavy_5:receiver	BattleScene GameManager move arrays; SourceInventory.json	Heavy/Heavy_5	registered-battle: Pepe/Heavy/Heavy_5:receiver	SourceInventory registeredRoles; GUID+localId; CombatExpansionInventory.cs	Registration is established; final motion, presentation and damage approval remains under authoritative replay.
8f109034448249a52a6584997acc18ff	7400000	Assets/DemoSence/Sets/Mankey/Being Hit/Damage_Critical_Warrior_Hit2.anim	Damage_Critical_Warrior_Hit2	demo-control reachable	FrankDemoControls optional alternate; derived Critical_Warrior_Hit controller state	Warrior alternate receiver reaction	demo-control reachable; absent BattleScene registration	FrankDemoControls.cs; FrankRetargetBuilder explicit Hit2 state resolution.	Confirm distinct take and intended gameplay use; no BattleScene route.
0bdec02c684bfaf45a09de44c51a1302	7400000	Assets/DemoSence/Sets/Mankey/Hit/Damage_Critical_2Handed.anim	Damage_Critical_2Handed	Mankey/Heavy/Heavy_2:attacker	BattleScene GameManager move arrays; SourceInventory.json	Heavy/Heavy_2	registered-battle: Mankey/Heavy/Heavy_2:attacker	SourceInventory registeredRoles; GUID+localId; CombatExpansionInventory.cs	Registration is established; final motion, presentation and damage approval remains under authoritative replay.
010f31f1d8757e445be14398d53c516f	7400000	Assets/DemoSence/Sets/Mankey/Hit/Damage_Critical_Assassin.anim	Damage_Critical_Assassin	Mankey/Heavy/Heavy_Assassin:attacker	BattleScene GameManager move arrays; SourceInventory.json	Heavy/Heavy_Assassin	registered-battle: Mankey/Heavy/Heavy_Assassin:attacker	SourceInventory registeredRoles; GUID+localId; CombatExpansionInventory.cs	Registration is established; final motion, presentation and damage approval remains under authoritative replay.
e762c1dee3c6fd4158d7c574da543530	7400000	Assets/DemoSence/Sets/Mankey/Hit/Damage_Critical_Dual.anim	Damage_Critical_Dual	Mankey/Heavy/Heavy_8:attacker	BattleScene GameManager move arrays; SourceInventory.json	Heavy/Heavy_8	registered-battle: Mankey/Heavy/Heavy_8:attacker	SourceInventory registeredRoles; GUID+localId; CombatExpansionInventory.cs	Registration is established; final motion, presentation and damage approval remains under authoritative replay.
d7f6ec4fe18d56ed4b64b0a65410cdaa	7400000	Assets/DemoSence/Sets/Mankey/Hit/Damage_Critical_GreatSword.anim	Damage_Critical_GreatSword	Mankey/Heavy/Heavy_6:attacker	BattleScene GameManager move arrays; SourceInventory.json	Heavy/Heavy_6	registered-battle: Mankey/Heavy/Heavy_6:attacker	SourceInventory registeredRoles; GUID+localId; CombatExpansionInventory.cs	Registration is established; final motion, presentation and damage approval remains under authoritative replay.
6b18ba42872719f6c9bc12b0c3f51ade	7400000	Assets/DemoSence/Sets/Mankey/Hit/Damage_Critical_Katana.anim	Damage_Critical_Katana	Mankey/Heavy/Heavy_Katana:attacker	BattleScene GameManager move arrays; SourceInventory.json	Heavy/Heavy_Katana	registered-battle: Mankey/Heavy/Heavy_Katana:attacker	SourceInventory registeredRoles; GUID+localId; CombatExpansionInventory.cs	Registration is established; final motion, presentation and damage approval remains under authoritative replay.
c3bf65b3b61bc4d9c853c894a6b5c888	7400000	Assets/DemoSence/Sets/Mankey/Hit/Damage_Critical_Spear.anim	Damage_Critical_Spear	Mankey/Heavy/Heavy_7:attacker	BattleScene GameManager move arrays; SourceInventory.json	Heavy/Heavy_7	registered-battle: Mankey/Heavy/Heavy_7:attacker	SourceInventory registeredRoles; GUID+localId; CombatExpansionInventory.cs	Registration is established; final motion, presentation and damage approval remains under authoritative replay.
704a3636bd202b4a8a22c98bc3ff67e3	7400000	Assets/DemoSence/Sets/Mankey/Hit/Damage_Critical_Warrior.anim	Damage_Critical_Warrior	Mankey/Heavy/Heavy_5:attacker	BattleScene GameManager move arrays; SourceInventory.json	Heavy/Heavy_5	registered-battle: Mankey/Heavy/Heavy_5:attacker	SourceInventory registeredRoles; GUID+localId; CombatExpansionInventory.cs	Registration is established; final motion, presentation and damage approval remains under authoritative replay.
d0ce6f3fc511d507b93b0a229c02337e	7400000	Assets/DemoSence/Sets/Pepe/Being Hit/Damage_Critical_2Handed_Hit.anim	Damage_Critical_2Handed_Hit	Mankey/Heavy/Heavy_2:receiver	BattleScene GameManager move arrays; SourceInventory.json	Heavy/Heavy_2	registered-battle: Mankey/Heavy/Heavy_2:receiver	SourceInventory registeredRoles; GUID+localId; CombatExpansionInventory.cs	Registration is established; final motion, presentation and damage approval remains under authoritative replay.
bc06abf1e92694a14a3ffae80be7bc78	7400000	Assets/DemoSence/Sets/Pepe/Being Hit/Damage_Critical_Assassin_Hit.anim	Damage_Critical_Assassin_Hit	Mankey/Heavy/Heavy_Assassin:receiver	BattleScene GameManager move arrays; SourceInventory.json	Heavy/Heavy_Assassin	registered-battle: Mankey/Heavy/Heavy_Assassin:receiver	SourceInventory registeredRoles; GUID+localId; CombatExpansionInventory.cs	Registration is established; final motion, presentation and damage approval remains under authoritative replay.
aa01adb79aec1d8bfa373f7930b47d9f	7400000	Assets/DemoSence/Sets/Pepe/Being Hit/Damage_Critical_Dual_Hit.anim	Damage_Critical_Dual_Hit	Mankey/Heavy/Heavy_8:receiver	BattleScene GameManager move arrays; SourceInventory.json	Heavy/Heavy_8	registered-battle: Mankey/Heavy/Heavy_8:receiver	SourceInventory registeredRoles; GUID+localId; CombatExpansionInventory.cs	Registration is established; final motion, presentation and damage approval remains under authoritative replay.
1154b9ff101932c3884ca761764f4480	7400000	Assets/DemoSence/Sets/Pepe/Being Hit/Damage_Critical_GreatSword_Hit.anim	Damage_Critical_GreatSword_Hit	Mankey/Heavy/Heavy_6:receiver	BattleScene GameManager move arrays; SourceInventory.json	Heavy/Heavy_6	registered-battle: Mankey/Heavy/Heavy_6:receiver	SourceInventory registeredRoles; GUID+localId; CombatExpansionInventory.cs	Registration is established; final motion, presentation and damage approval remains under authoritative replay.
19e297da04baab5319e5ceca78ac7a21	7400000	Assets/DemoSence/Sets/Pepe/Being Hit/Damage_Critical_Katana_Hit.anim	Damage_Critical_Katana_Hit	Mankey/Heavy/Heavy_Katana:receiver	BattleScene GameManager move arrays; SourceInventory.json	Heavy/Heavy_Katana	registered-battle: Mankey/Heavy/Heavy_Katana:receiver	SourceInventory registeredRoles; GUID+localId; CombatExpansionInventory.cs	Registration is established; final motion, presentation and damage approval remains under authoritative replay.
8adc83af964f26c6c811c3b7615a9531	7400000	Assets/DemoSence/Sets/Pepe/Being Hit/Damage_Critical_Spear_Hit.anim	Damage_Critical_Spear_Hit	Mankey/Heavy/Heavy_7:receiver	BattleScene GameManager move arrays; SourceInventory.json	Heavy/Heavy_7	registered-battle: Mankey/Heavy/Heavy_7:receiver	SourceInventory registeredRoles; GUID+localId; CombatExpansionInventory.cs	Registration is established; final motion, presentation and damage approval remains under authoritative replay.
51ecae1bd49859bfc96cfd34496401c5	7400000	Assets/DemoSence/Sets/Pepe/Being Hit/Damage_Critical_Warrior_Hit.anim	Damage_Critical_Warrior_Hit	Mankey/Heavy/Heavy_5:receiver	BattleScene GameManager move arrays; SourceInventory.json	Heavy/Heavy_5	registered-battle: Mankey/Heavy/Heavy_5:receiver	SourceInventory registeredRoles; GUID+localId; CombatExpansionInventory.cs	Registration is established; final motion, presentation and damage approval remains under authoritative replay.
0bf36a47ad0088c1a9ce5d12100dcdb1	7400000	Assets/DemoSence/Sets/Pepe/Being Hit/Damage_Critical_Warrior_Hit2.anim	Damage_Critical_Warrior_Hit2	demo-control reachable	FrankDemoControls optional alternate; derived Critical_Warrior_Hit controller state	Warrior alternate receiver reaction	demo-control reachable; absent BattleScene registration	FrankDemoControls.cs; FrankRetargetBuilder explicit Hit2 state resolution.	Confirm distinct take and intended gameplay use; no BattleScene route.
9c35a5274953fd6efbf06df0defbdf9c	7400000	Assets/DemoSence/Sets/Pepe/Hit/Damage_Critical_2Handed.anim	Damage_Critical_2Handed	Pepe/Heavy/Heavy_2:attacker	BattleScene GameManager move arrays; SourceInventory.json	Heavy/Heavy_2	registered-battle: Pepe/Heavy/Heavy_2:attacker	SourceInventory registeredRoles; GUID+localId; CombatExpansionInventory.cs	Registration is established; final motion, presentation and damage approval remains under authoritative replay.
db89ee44446186752998141b56ca836a	7400000	Assets/DemoSence/Sets/Pepe/Hit/Damage_Critical_Assassin.anim	Damage_Critical_Assassin	Pepe/Heavy/Heavy_Assassin:attacker	BattleScene GameManager move arrays; SourceInventory.json	Heavy/Heavy_Assassin	registered-battle: Pepe/Heavy/Heavy_Assassin:attacker	SourceInventory registeredRoles; GUID+localId; CombatExpansionInventory.cs	Registration is established; final motion, presentation and damage approval remains under authoritative replay.
1ad3d996a0d19d8e6a467d4df0bbfb72	7400000	Assets/DemoSence/Sets/Pepe/Hit/Damage_Critical_Dual.anim	Damage_Critical_Dual	Pepe/Heavy/Heavy_8:attacker	BattleScene GameManager move arrays; SourceInventory.json	Heavy/Heavy_8	registered-battle: Pepe/Heavy/Heavy_8:attacker	SourceInventory registeredRoles; GUID+localId; CombatExpansionInventory.cs	Registration is established; final motion, presentation and damage approval remains under authoritative replay.
32a144720df8bb1cfb3dc58b6eb1b05b	7400000	Assets/DemoSence/Sets/Pepe/Hit/Damage_Critical_GreatSword.anim	Damage_Critical_GreatSword	Pepe/Heavy/Heavy_6:attacker	BattleScene GameManager move arrays; SourceInventory.json	Heavy/Heavy_6	registered-battle: Pepe/Heavy/Heavy_6:attacker	SourceInventory registeredRoles; GUID+localId; CombatExpansionInventory.cs	Registration is established; final motion, presentation and damage approval remains under authoritative replay.
9361f4e2bb5ead06aa81604f8381a8b9	7400000	Assets/DemoSence/Sets/Pepe/Hit/Damage_Critical_Katana.anim	Damage_Critical_Katana	Pepe/Heavy/Heavy_Katana:attacker	BattleScene GameManager move arrays; SourceInventory.json	Heavy/Heavy_Katana	registered-battle: Pepe/Heavy/Heavy_Katana:attacker	SourceInventory registeredRoles; GUID+localId; CombatExpansionInventory.cs	Registration is established; final motion, presentation and damage approval remains under authoritative replay.
e3d0e60f2b1771925ac4af64e74863a1	7400000	Assets/DemoSence/Sets/Pepe/Hit/Damage_Critical_Spear.anim	Damage_Critical_Spear	Pepe/Heavy/Heavy_7:attacker	BattleScene GameManager move arrays; SourceInventory.json	Heavy/Heavy_7	registered-battle: Pepe/Heavy/Heavy_7:attacker	SourceInventory registeredRoles; GUID+localId; CombatExpansionInventory.cs	Registration is established; final motion, presentation and damage approval remains under authoritative replay.
55df8da958feec5379886b57b8fdaa22	7400000	Assets/DemoSence/Sets/Pepe/Hit/Damage_Critical_Warrior.anim	Damage_Critical_Warrior	Pepe/Heavy/Heavy_5:attacker	BattleScene GameManager move arrays; SourceInventory.json	Heavy/Heavy_5	registered-battle: Pepe/Heavy/Heavy_5:attacker	SourceInventory registeredRoles; GUID+localId; CombatExpansionInventory.cs	Registration is established; final motion, presentation and damage approval remains under authoritative replay.
e755ac112be2c3721964f7a4f368e28a	7400000	Assets/DemoSence/Vol10/Clips/BRAIN_N.anim	BRAIN_N	Mankey/Heavy/Vol10_BRAIN:attacker; Pepe/Heavy/Vol10_BRAIN:attacker	BattleScene GameManager move arrays; SourceInventory.json	Heavy/Vol10_BRAIN	registered-battle: Mankey/Heavy/Vol10_BRAIN:attacker; Pepe/Heavy/Vol10_BRAIN:attacker	SourceInventory registeredRoles; GUID+localId; CombatExpansionInventory.cs	Registration is established; final motion, presentation and damage approval remains under authoritative replay.
15c0f68f86e82a18c94f937cadf21519	7400000	Assets/DemoSence/Vol10/Clips/BRAIN_Y.anim	BRAIN_Y	Mankey/Heavy/Vol10_BRAIN:receiver; Pepe/Heavy/Vol10_BRAIN:receiver	BattleScene GameManager move arrays; SourceInventory.json	Heavy/Vol10_BRAIN	registered-battle: Mankey/Heavy/Vol10_BRAIN:receiver; Pepe/Heavy/Vol10_BRAIN:receiver	SourceInventory registeredRoles; GUID+localId; CombatExpansionInventory.cs	Registration is established; final motion, presentation and damage approval remains under authoritative replay.
76e9c5411407b62e39172a6f4375b4bd	7400000	Assets/DemoSence/Vol10/Clips/B_FUSHA_N.anim	B_FUSHA_N	Mankey/Light/Light_3:attacker; Pepe/Light/Light_3:attacker	BattleScene GameManager move arrays; SourceInventory.json	Light/Light_3	registered-battle: Mankey/Light/Light_3:attacker; Pepe/Light/Light_3:attacker	SourceInventory registeredRoles; GUID+localId; CombatExpansionInventory.cs	Registration is established; final motion, presentation and damage approval remains under authoritative replay.
ce7a44ba3b2afc477be79759a8fd2010	7400000	Assets/DemoSence/Vol10/Clips/B_FUSHA_Y.anim	B_FUSHA_Y	Mankey/Light/Light_3:receiver; Pepe/Light/Light_3:receiver	BattleScene GameManager move arrays; SourceInventory.json	Light/Light_3	registered-battle: Mankey/Light/Light_3:receiver; Pepe/Light/Light_3:receiver	SourceInventory registeredRoles; GUID+localId; CombatExpansionInventory.cs	Registration is established; final motion, presentation and damage approval remains under authoritative replay.
d082b73724850ba88a521877a9fcd7a1	7400000	Assets/DemoSence/Vol10/Clips/CmnAtemi2_N.anim	CmnAtemi2_N	Mankey/Light/Vol10_CmnAtemi2:attacker; Pepe/Light/Vol10_CmnAtemi2:attacker	BattleScene GameManager move arrays; SourceInventory.json	Light/Vol10_CmnAtemi2	registered-battle: Mankey/Light/Vol10_CmnAtemi2:attacker; Pepe/Light/Vol10_CmnAtemi2:attacker	SourceInventory registeredRoles; GUID+localId; CombatExpansionInventory.cs	Registration is established; final motion, presentation and damage approval remains under authoritative replay.
cc15ef8c89dae9f908ac3ce63d084646	7400000	Assets/DemoSence/Vol10/Clips/CmnAtemi2_Y.anim	CmnAtemi2_Y	Mankey/Light/Vol10_CmnAtemi2:receiver; Pepe/Light/Vol10_CmnAtemi2:receiver	BattleScene GameManager move arrays; SourceInventory.json	Light/Vol10_CmnAtemi2	registered-battle: Mankey/Light/Vol10_CmnAtemi2:receiver; Pepe/Light/Vol10_CmnAtemi2:receiver	SourceInventory registeredRoles; GUID+localId; CombatExpansionInventory.cs	Registration is established; final motion, presentation and damage approval remains under authoritative replay.
190a2ce36ccea1dab9df22b479f3cf29	7400000	Assets/DemoSence/Vol10/Clips/CmnAtemi3_N.anim	CmnAtemi3_N	Mankey/Light/Vol10_CmnAtemi3:attacker; Pepe/Light/Vol10_CmnAtemi3:attacker	BattleScene GameManager move arrays; SourceInventory.json	Light/Vol10_CmnAtemi3	registered-battle: Mankey/Light/Vol10_CmnAtemi3:attacker; Pepe/Light/Vol10_CmnAtemi3:attacker	SourceInventory registeredRoles; GUID+localId; CombatExpansionInventory.cs	Registration is established; final motion, presentation and damage approval remains under authoritative replay.
6515343bf93a0a6a0a3c71c82a093c52	7400000	Assets/DemoSence/Vol10/Clips/CmnAtemi3_Y.anim	CmnAtemi3_Y	Mankey/Light/Vol10_CmnAtemi3:receiver; Pepe/Light/Vol10_CmnAtemi3:receiver	BattleScene GameManager move arrays; SourceInventory.json	Light/Vol10_CmnAtemi3	registered-battle: Mankey/Light/Vol10_CmnAtemi3:receiver; Pepe/Light/Vol10_CmnAtemi3:receiver	SourceInventory registeredRoles; GUID+localId; CombatExpansionInventory.cs	Registration is established; final motion, presentation and damage approval remains under authoritative replay.
e47354cd8b0fa220b9e0b4c75f9f0fba	7400000	Assets/DemoSence/Vol10/Clips/CmnAtemi_N.anim	CmnAtemi_N	Mankey/Light/Vol10_CmnAtemi:attacker; Pepe/Light/Vol10_CmnAtemi:attacker	BattleScene GameManager move arrays; SourceInventory.json	Light/Vol10_CmnAtemi	registered-battle: Mankey/Light/Vol10_CmnAtemi:attacker; Pepe/Light/Vol10_CmnAtemi:attacker	SourceInventory registeredRoles; GUID+localId; CombatExpansionInventory.cs	Registration is established; final motion, presentation and damage approval remains under authoritative replay.
692759a051faaf7e29c071c77fa3a3b0	7400000	Assets/DemoSence/Vol10/Clips/CmnAtemi_Y.anim	CmnAtemi_Y	Mankey/Light/Vol10_CmnAtemi:receiver; Pepe/Light/Vol10_CmnAtemi:receiver	BattleScene GameManager move arrays; SourceInventory.json	Light/Vol10_CmnAtemi	registered-battle: Mankey/Light/Vol10_CmnAtemi:receiver; Pepe/Light/Vol10_CmnAtemi:receiver	SourceInventory registeredRoles; GUID+localId; CombatExpansionInventory.cs	Registration is established; final motion, presentation and damage approval remains under authoritative replay.
64d623722235473a69e246839265893a	7400000	Assets/DemoSence/Vol10/Clips/FISH_N.anim	FISH_N	Mankey/Heavy/Vol10_FISH:attacker; Pepe/Heavy/Vol10_FISH:attacker	BattleScene GameManager move arrays; SourceInventory.json	Heavy/Vol10_FISH	registered-battle: Mankey/Heavy/Vol10_FISH:attacker; Pepe/Heavy/Vol10_FISH:attacker	SourceInventory registeredRoles; GUID+localId; CombatExpansionInventory.cs	Registration is established; final motion, presentation and damage approval remains under authoritative replay.
69d93a8dc69d71b62ba083887b6cfcb4	7400000	Assets/DemoSence/Vol10/Clips/FISH_Y.anim	FISH_Y	Mankey/Heavy/Vol10_FISH:receiver; Pepe/Heavy/Vol10_FISH:receiver	BattleScene GameManager move arrays; SourceInventory.json	Heavy/Vol10_FISH	registered-battle: Mankey/Heavy/Vol10_FISH:receiver; Pepe/Heavy/Vol10_FISH:receiver	SourceInventory registeredRoles; GUID+localId; CombatExpansionInventory.cs	Registration is established; final motion, presentation and damage approval remains under authoritative replay.
639221af9523ddee5aa6a8a5e94f7de0	7400000	Assets/DemoSence/Vol10/Clips/FLANK_N.anim	FLANK_N	Mankey/Light/Light_1:attacker; Pepe/Light/Light_1:attacker	BattleScene GameManager move arrays; SourceInventory.json	Light/Light_1	registered-battle: Mankey/Light/Light_1:attacker; Pepe/Light/Light_1:attacker	SourceInventory registeredRoles; GUID+localId; CombatExpansionInventory.cs	Registration is established; final motion, presentation and damage approval remains under authoritative replay.
303a99312dc6839d78b0c9bbc6f448af	7400000	Assets/DemoSence/Vol10/Clips/FLANK_Y.anim	FLANK_Y	Mankey/Light/Light_1:receiver; Pepe/Light/Light_1:receiver	BattleScene GameManager move arrays; SourceInventory.json	Light/Light_1	registered-battle: Mankey/Light/Light_1:receiver; Pepe/Light/Light_1:receiver	SourceInventory registeredRoles; GUID+localId; CombatExpansionInventory.cs	Registration is established; final motion, presentation and damage approval remains under authoritative replay.
741b03d2a229119b7a64175de4f7847e	7400000	Assets/DemoSence/Vol10/Clips/GS1_N.anim	GS1_N	Mankey/Heavy/Vol10_GS1:attacker; Pepe/Heavy/Vol10_GS1:attacker	BattleScene GameManager move arrays; SourceInventory.json	Heavy/Vol10_GS1	registered-battle: Mankey/Heavy/Vol10_GS1:attacker; Pepe/Heavy/Vol10_GS1:attacker	SourceInventory registeredRoles; GUID+localId; CombatExpansionInventory.cs	Registration is established; final motion, presentation and damage approval remains under authoritative replay.
c1ecad49c8a22e856b31cde476c191a8	7400000	Assets/DemoSence/Vol10/Clips/GS1_Y.anim	GS1_Y	Mankey/Heavy/Vol10_GS1:receiver; Pepe/Heavy/Vol10_GS1:receiver	BattleScene GameManager move arrays; SourceInventory.json	Heavy/Vol10_GS1	registered-battle: Mankey/Heavy/Vol10_GS1:receiver; Pepe/Heavy/Vol10_GS1:receiver	SourceInventory registeredRoles; GUID+localId; CombatExpansionInventory.cs	Registration is established; final motion, presentation and damage approval remains under authoritative replay.
901d48ce9e32b3694a6d3672b7fae915	7400000	Assets/DemoSence/Vol10/Clips/GSWING_N.anim	GSWING_N	Mankey/Heavy/Vol10_GSWING:attacker; Pepe/Heavy/Vol10_GSWING:attacker	BattleScene GameManager move arrays; SourceInventory.json	Heavy/Vol10_GSWING	registered-battle: Mankey/Heavy/Vol10_GSWING:attacker; Pepe/Heavy/Vol10_GSWING:attacker	SourceInventory registeredRoles; GUID+localId; CombatExpansionInventory.cs	Registration is established; final motion, presentation and damage approval remains under authoritative replay.
68e43d34d73ee9c30a770ab6c4246441	7400000	Assets/DemoSence/Vol10/Clips/GSWING_Y.anim	GSWING_Y	Mankey/Heavy/Vol10_GSWING:receiver; Pepe/Heavy/Vol10_GSWING:receiver	BattleScene GameManager move arrays; SourceInventory.json	Heavy/Vol10_GSWING	registered-battle: Mankey/Heavy/Vol10_GSWING:receiver; Pepe/Heavy/Vol10_GSWING:receiver	SourceInventory registeredRoles; GUID+localId; CombatExpansionInventory.cs	Registration is established; final motion, presentation and damage approval remains under authoritative replay.
90d69c8b3f7bcecfc914e57f13a85993	7400000	Assets/DemoSence/Vol10/Clips/HOLD_LALI_N.anim	HOLD_LALI_N	Mankey/Light/Vol10_HOLD_LALI:continuation-attacker; Pepe/Light/Vol10_HOLD_LALI:continuation-attacker	BattleScene GameManager move arrays; SourceInventory.json	Light/Vol10_HOLD_LALI	registered-battle: Mankey/Light/Vol10_HOLD_LALI:continuation-attacker; Pepe/Light/Vol10_HOLD_LALI:continuation-attacker	SourceInventory registeredRoles; GUID+localId; CombatExpansionInventory.cs	Registration is established; final motion, presentation and damage approval remains under authoritative replay.
adba18553225792c3aadd8952925e226	7400000	Assets/DemoSence/Vol10/Clips/HOLD_LALI_Y.anim	HOLD_LALI_Y	Mankey/Light/Vol10_HOLD_LALI:continuation-receiver; Pepe/Light/Vol10_HOLD_LALI:continuation-receiver	BattleScene GameManager move arrays; SourceInventory.json	Light/Vol10_HOLD_LALI	registered-battle: Mankey/Light/Vol10_HOLD_LALI:continuation-receiver; Pepe/Light/Vol10_HOLD_LALI:continuation-receiver	SourceInventory registeredRoles; GUID+localId; CombatExpansionInventory.cs	Registration is established; final motion, presentation and damage approval remains under authoritative replay.
3c510cca4e748262e8816db80f3a4753	7400000	Assets/DemoSence/Vol10/Clips/HOLD_N.anim	HOLD_N	Mankey/Light/Vol10_HOLD:attacker; Mankey/Light/Vol10_HOLD_LALI:attacker; Mankey/Light/Vol10_NAGE_ESC:attacker; Pepe/Light/Vol10_HOLD:attacker; Pepe/Light/Vol10_HOLD_LALI:attacker; Pepe/Light/Vol10_NAGE_ESC:attacker	BattleScene GameManager move arrays; SourceInventory.json	Light/Vol10_HOLD; Light/Vol10_HOLD_LALI; Light/Vol10_NAGE_ESC	registered-battle: Mankey/Light/Vol10_HOLD:attacker; Mankey/Light/Vol10_HOLD_LALI:attacker; Mankey/Light/Vol10_NAGE_ESC:attacker; Pepe/Light/Vol10_HOLD:attacker; Pepe/Light/Vol10_HOLD_LALI:attacker; Pepe/Light/Vol10_NAGE_ESC:attacker	SourceInventory registeredRoles; GUID+localId; CombatExpansionInventory.cs	Registration is established; final motion, presentation and damage approval remains under authoritative replay.
4238fdf2da237fa8dbe30342fd09c739	7400000	Assets/DemoSence/Vol10/Clips/HOLD_Y.anim	HOLD_Y	Mankey/Light/Vol10_HOLD:receiver; Mankey/Light/Vol10_HOLD_LALI:receiver; Mankey/Light/Vol10_NAGE_ESC:receiver; Pepe/Light/Vol10_HOLD:receiver; Pepe/Light/Vol10_HOLD_LALI:receiver; Pepe/Light/Vol10_NAGE_ESC:receiver	BattleScene GameManager move arrays; SourceInventory.json	Light/Vol10_HOLD; Light/Vol10_HOLD_LALI; Light/Vol10_NAGE_ESC	registered-battle: Mankey/Light/Vol10_HOLD:receiver; Mankey/Light/Vol10_HOLD_LALI:receiver; Mankey/Light/Vol10_NAGE_ESC:receiver; Pepe/Light/Vol10_HOLD:receiver; Pepe/Light/Vol10_HOLD_LALI:receiver; Pepe/Light/Vol10_NAGE_ESC:receiver	SourceInventory registeredRoles; GUID+localId; CombatExpansionInventory.cs	Registration is established; final motion, presentation and damage approval remains under authoritative replay.
66d370eb375c863429ba606a0df0d549	7400000	Assets/DemoSence/Vol10/Clips/Idle.anim	Idle	registered-demo-support	FrankCombinationTester.unarmedLibrary	Vol10 idle support	registered-demo-support	UnarmedLibrary.asset; FrankVol10Builder includes Idle + 17 paired actions.	Support only, not a combat action.
05a7e52a5035427bf8b2153cfebf07cb	7400000	Assets/DemoSence/Vol10/Clips/JPBOM_N.anim	JPBOM_N	Mankey/Heavy/Vol10_JPBOM:attacker; Pepe/Heavy/Vol10_JPBOM:attacker	BattleScene GameManager move arrays; SourceInventory.json	Heavy/Vol10_JPBOM	registered-battle: Mankey/Heavy/Vol10_JPBOM:attacker; Pepe/Heavy/Vol10_JPBOM:attacker	SourceInventory registeredRoles; GUID+localId; CombatExpansionInventory.cs	Registration is established; final motion, presentation and damage approval remains under authoritative replay.
deb24c5181d2dc1f2a2b1518acc1b6b8	7400000	Assets/DemoSence/Vol10/Clips/JPBOM_Y.anim	JPBOM_Y	Mankey/Heavy/Vol10_JPBOM:receiver; Pepe/Heavy/Vol10_JPBOM:receiver	BattleScene GameManager move arrays; SourceInventory.json	Heavy/Vol10_JPBOM	registered-battle: Mankey/Heavy/Vol10_JPBOM:receiver; Pepe/Heavy/Vol10_JPBOM:receiver	SourceInventory registeredRoles; GUID+localId; CombatExpansionInventory.cs	Registration is established; final motion, presentation and damage approval remains under authoritative replay.
c92272fdcb65d6f38a470a1a673a6adc	7400000	Assets/DemoSence/Vol10/Clips/LC_DSCREW_N.anim	LC_DSCREW_N	Mankey/Heavy/Vol10_LC_DSCREW:attacker; Pepe/Heavy/Vol10_LC_DSCREW:attacker	BattleScene GameManager move arrays; SourceInventory.json	Heavy/Vol10_LC_DSCREW	registered-battle: Mankey/Heavy/Vol10_LC_DSCREW:attacker; Pepe/Heavy/Vol10_LC_DSCREW:attacker	SourceInventory registeredRoles; GUID+localId; CombatExpansionInventory.cs	Registration is established; final motion, presentation and damage approval remains under authoritative replay.
8c0ba26c1b60d9c3586b41ed6fa78c36	7400000	Assets/DemoSence/Vol10/Clips/LC_DSCREW_Y.anim	LC_DSCREW_Y	Mankey/Heavy/Vol10_LC_DSCREW:receiver; Pepe/Heavy/Vol10_LC_DSCREW:receiver	BattleScene GameManager move arrays; SourceInventory.json	Heavy/Vol10_LC_DSCREW	registered-battle: Mankey/Heavy/Vol10_LC_DSCREW:receiver; Pepe/Heavy/Vol10_LC_DSCREW:receiver	SourceInventory registeredRoles; GUID+localId; CombatExpansionInventory.cs	Registration is established; final motion, presentation and damage approval remains under authoritative replay.
26ee13315980aaafaad9b2e569c8c796	7400000	Assets/DemoSence/Vol10/Clips/NAGE_ESC_N.anim	NAGE_ESC_N	Mankey/Light/Vol10_HOLD_LALI:continuation-attacker; Mankey/Light/Vol10_NAGE_ESC:continuation-attacker; Pepe/Light/Vol10_HOLD_LALI:continuation-attacker; Pepe/Light/Vol10_NAGE_ESC:continuation-attacker	BattleScene GameManager move arrays; SourceInventory.json	Light/Vol10_HOLD_LALI; Light/Vol10_NAGE_ESC	registered-battle: Mankey/Light/Vol10_HOLD_LALI:continuation-attacker; Mankey/Light/Vol10_NAGE_ESC:continuation-attacker; Pepe/Light/Vol10_HOLD_LALI:continuation-attacker; Pepe/Light/Vol10_NAGE_ESC:continuation-attacker	SourceInventory registeredRoles; GUID+localId; CombatExpansionInventory.cs	Registration is established; final motion, presentation and damage approval remains under authoritative replay.
b4c86d50d2c87394a8c9bc5a647e813f	7400000	Assets/DemoSence/Vol10/Clips/NAGE_ESC_Y.anim	NAGE_ESC_Y	Mankey/Light/Vol10_HOLD_LALI:continuation-receiver; Mankey/Light/Vol10_NAGE_ESC:continuation-receiver; Pepe/Light/Vol10_HOLD_LALI:continuation-receiver; Pepe/Light/Vol10_NAGE_ESC:continuation-receiver	BattleScene GameManager move arrays; SourceInventory.json	Light/Vol10_HOLD_LALI; Light/Vol10_NAGE_ESC	registered-battle: Mankey/Light/Vol10_HOLD_LALI:continuation-receiver; Mankey/Light/Vol10_NAGE_ESC:continuation-receiver; Pepe/Light/Vol10_HOLD_LALI:continuation-receiver; Pepe/Light/Vol10_NAGE_ESC:continuation-receiver	SourceInventory registeredRoles; GUID+localId; CombatExpansionInventory.cs	Registration is established; final motion, presentation and damage approval remains under authoritative replay.
51760ed46683427dc8d758776c1ed5d2	7400000	Assets/DemoSence/Vol10/Clips/NECK_BREAK_N.anim	NECK_BREAK_N	Mankey/Heavy/Vol10_NECK_BREAK:attacker; Pepe/Heavy/Vol10_NECK_BREAK:attacker	BattleScene GameManager move arrays; SourceInventory.json	Heavy/Vol10_NECK_BREAK	registered-battle: Mankey/Heavy/Vol10_NECK_BREAK:attacker; Pepe/Heavy/Vol10_NECK_BREAK:attacker	SourceInventory registeredRoles; GUID+localId; CombatExpansionInventory.cs	Registration is established; final motion, presentation and damage approval remains under authoritative replay.
bc50ed3d70eb316338efe0ba16ce6c1f	7400000	Assets/DemoSence/Vol10/Clips/NECK_BREAK_Y.anim	NECK_BREAK_Y	Mankey/Heavy/Vol10_NECK_BREAK:receiver; Pepe/Heavy/Vol10_NECK_BREAK:receiver	BattleScene GameManager move arrays; SourceInventory.json	Heavy/Vol10_NECK_BREAK	registered-battle: Mankey/Heavy/Vol10_NECK_BREAK:receiver; Pepe/Heavy/Vol10_NECK_BREAK:receiver	SourceInventory registeredRoles; GUID+localId; CombatExpansionInventory.cs	Registration is established; final motion, presentation and damage approval remains under authoritative replay.
033d20310b831db968212947ce43351c	7400000	Assets/DemoSence/Vol10/Clips/SEOI_N.anim	SEOI_N	Mankey/Heavy/Vol10_SEOI:attacker; Pepe/Heavy/Vol10_SEOI:attacker	BattleScene GameManager move arrays; SourceInventory.json	Heavy/Vol10_SEOI	registered-battle: Mankey/Heavy/Vol10_SEOI:attacker; Pepe/Heavy/Vol10_SEOI:attacker	SourceInventory registeredRoles; GUID+localId; CombatExpansionInventory.cs	Registration is established; final motion, presentation and damage approval remains under authoritative replay.
f3713dc051a9403f5b664f7c606f6d7f	7400000	Assets/DemoSence/Vol10/Clips/SEOI_Y.anim	SEOI_Y	Mankey/Heavy/Vol10_SEOI:receiver; Pepe/Heavy/Vol10_SEOI:receiver	BattleScene GameManager move arrays; SourceInventory.json	Heavy/Vol10_SEOI	registered-battle: Mankey/Heavy/Vol10_SEOI:receiver; Pepe/Heavy/Vol10_SEOI:receiver	SourceInventory registeredRoles; GUID+localId; CombatExpansionInventory.cs	Registration is established; final motion, presentation and damage approval remains under authoritative replay.
cdeb2e864984486d6904ade95e92a2b6	7400000	Assets/DemoSence/Vol10/Clips/SIHO_N.anim	SIHO_N	Mankey/Heavy/Vol10_SIHO:attacker; Pepe/Heavy/Vol10_SIHO:attacker	BattleScene GameManager move arrays; SourceInventory.json	Heavy/Vol10_SIHO	registered-battle: Mankey/Heavy/Vol10_SIHO:attacker; Pepe/Heavy/Vol10_SIHO:attacker	SourceInventory registeredRoles; GUID+localId; CombatExpansionInventory.cs	Registration is established; final motion, presentation and damage approval remains under authoritative replay.
2154eb65618e305baa16b2ec9461c6dc	7400000	Assets/DemoSence/Vol10/Clips/SIHO_Y.anim	SIHO_Y	Mankey/Heavy/Vol10_SIHO:receiver; Pepe/Heavy/Vol10_SIHO:receiver	BattleScene GameManager move arrays; SourceInventory.json	Heavy/Vol10_SIHO	registered-battle: Mankey/Heavy/Vol10_SIHO:receiver; Pepe/Heavy/Vol10_SIHO:receiver	SourceInventory registeredRoles; GUID+localId; CombatExpansionInventory.cs	Registration is established; final motion, presentation and damage approval remains under authoritative replay.
610fba6d346a64f4583237c3ef4f7e46	7400000	Assets/GreatSword_Animset/Animation/Execution_Sample/GreatSword_Attack_Ambush.FBX	GreatSword_Attack_Ambush	registered-demo-library	FrankCombinationTester.greatSwordLibrary → GreatSwordExecutionLibrary.asset	GreatSword tester Ambush attacker	registered-demo-library; not BattleScene combat	GreatSwordExecutionLibrary stable GUID; FrankGreatSwordBuilder directly references AttackClips/ReactionClips.	Tester pair exists; no damage/contact move registration established.
59a3af1cef1d25a4aa16dd3a87e12f17	7400000	Assets/GreatSword_Animset/Animation/Execution_Sample/GreatSword_Attack_Ambushed.FBX	GreatSword_Attack_Ambushed	registered-demo-library	FrankCombinationTester.greatSwordLibrary → GreatSwordExecutionLibrary.asset	GreatSword tester Ambush receiver	registered-demo-library; not BattleScene combat	GreatSwordExecutionLibrary stable GUID; FrankGreatSwordBuilder directly references AttackClips/ReactionClips.	Tester pair exists; no damage/contact move registration established.
8a8cfa30410d4de4eaeee65cbe422897	7400000	Assets/GreatSword_Animset/Animation/Execution_Sample/GreatSword_Attack_Executed1.FBX	GreatSword_Attack_Executed1	registered-demo-library	FrankCombinationTester.greatSwordLibrary → GreatSwordExecutionLibrary.asset	GreatSword tester Execution 1 receiver	registered-demo-library; not BattleScene combat	GreatSwordExecutionLibrary stable GUID; FrankGreatSwordBuilder directly references AttackClips/ReactionClips.	Tester pair exists; no damage/contact move registration established.
ace62d913ecb84646a9d95d649c77378	7400000	Assets/GreatSword_Animset/Animation/Execution_Sample/GreatSword_Attack_Executed2.FBX	GreatSword_Attack_Executed2	registered-demo-library	FrankCombinationTester.greatSwordLibrary → GreatSwordExecutionLibrary.asset	GreatSword tester Execution 2 receiver	registered-demo-library; not BattleScene combat	GreatSwordExecutionLibrary stable GUID; FrankGreatSwordBuilder directly references AttackClips/ReactionClips.	Tester pair exists; no damage/contact move registration established.
6c5dd4f4f7bf14d4ba40eadba2ef8cc1	7400000	Assets/GreatSword_Animset/Animation/Execution_Sample/GreatSword_Attack_Executed3.FBX	GreatSword_Attack_Executed3	registered-demo-library	FrankCombinationTester.greatSwordLibrary → GreatSwordExecutionLibrary.asset	GreatSword tester Execution 3 receiver	registered-demo-library; not BattleScene combat	GreatSwordExecutionLibrary stable GUID; FrankGreatSwordBuilder directly references AttackClips/ReactionClips.	Tester pair exists; no damage/contact move registration established.
139b0ae28ee0b4f4daa324a3b26584c3	7400000	Assets/GreatSword_Animset/Animation/Execution_Sample/GreatSword_Attack_Execution1.FBX	GreatSword_Attack_Execution1	registered-demo-library	FrankCombinationTester.greatSwordLibrary → GreatSwordExecutionLibrary.asset	GreatSword tester Execution 1 attacker	registered-demo-library; not BattleScene combat	GreatSwordExecutionLibrary stable GUID; FrankGreatSwordBuilder directly references AttackClips/ReactionClips.	Tester pair exists; no damage/contact move registration established.
a56c5ae66a018d145b445cbf48c599cd	7400000	Assets/GreatSword_Animset/Animation/Execution_Sample/GreatSword_Attack_Execution2.FBX	GreatSword_Attack_Execution2	registered-demo-library	FrankCombinationTester.greatSwordLibrary → GreatSwordExecutionLibrary.asset	GreatSword tester Execution 2 attacker	registered-demo-library; not BattleScene combat	GreatSwordExecutionLibrary stable GUID; FrankGreatSwordBuilder directly references AttackClips/ReactionClips.	Tester pair exists; no damage/contact move registration established.
9e99703246e7cbc4197d85121ad0d07c	7400000	Assets/GreatSword_Animset/Animation/Execution_Sample/GreatSword_Attack_Execution3.FBX	GreatSword_Attack_Execution3	registered-demo-library	FrankCombinationTester.greatSwordLibrary → GreatSwordExecutionLibrary.asset	GreatSword tester Execution 3 attacker	registered-demo-library; not BattleScene combat	GreatSwordExecutionLibrary stable GUID; FrankGreatSwordBuilder directly references AttackClips/ReactionClips.	Tester pair exists; no damage/contact move registration established.
c80ead7ac0634a539b64f1ce6f3a0efc	-3015926243572891356	Assets/InsaneGun_Sword_Set/Animation/Generic/combo_01.fbx	combo_01	support	FrankInsaneBuilder.CopyInsaneClip/MakeCalibratedDriver	Insane combo source model and retarget support	support-only	Builder uses exact model path.	Not an independent action.
0ce280a2b2a943e49dc91f18062badb3	3565504139248249297	Assets/InsaneGun_Sword_Set/Animation/Humanoid/00_T-pose_InsaneGun_Sword.fbx	T-pose_InsaneGun_Sword	support	FrankInsaneBuilder.MakeCalibratedDriver	Insane combo calibration avatar	support-only	Builder explicit avatar path.	Calibration support, not action.
0650c1aa78a175348929f66c5076a6fa	1827226128182048838	Assets/Selected/Frank_Damages/Asset/Animations/Damages_Critical_Set/Frank_Damage@Damage_Critical_Warrior_Hit.FBX	Damage_Critical_Warrior_Hit	support	FrankRetargetBuilder.Prepare copies reaction FBX to SourceMotion	Frank Warrior_Hit source take	support-only; identity mapping pending	Builder resolves source motion by state name; no GUID equality.	Compare curves/stable identity against saved Sets reaction before linking.
23f690a146a2b8e418e1ab3e0aea5064	1827226128182048838	Assets/Selected/Frank_Damages/Asset/Meshes/Frank_Damage@Damage_Critical_2Handed.FBX	Damage_Critical_2Handed	support	FrankRetargetBuilder.Prepare; FrankBattleMigration	Frank character/weapon mesh support	support-only	Explicit source mesh paths, no move registration.	Mesh is not combat motion.
2c73e3dd92553e942b71dcb39237c52c	1827226128182048838	Assets/Selected/Frank_Damages/Asset/Meshes/Frank_Damage@Damage_Critical_Assassin.FBX	Damage_Critical_Assassin	support	FrankRetargetBuilder.Prepare; FrankBattleMigration	Frank character/weapon mesh support	support-only	Explicit source mesh paths, no move registration.	Mesh is not combat motion.
3f4878697c191ea46886ad1a0c45435e	1827226128182048838	Assets/Selected/Frank_Damages/Asset/Meshes/Frank_Damage@Damage_Critical_Dual.FBX	Damage_Critical_Dual	support	FrankRetargetBuilder.Prepare; FrankBattleMigration	Frank character/weapon mesh support	support-only	Explicit source mesh paths, no move registration.	Mesh is not combat motion.
60816012dd2c96449be704f9ba3e7bdc	1827226128182048838	Assets/Selected/Frank_Damages/Asset/Meshes/Frank_Damage@Damage_Critical_GreatSword.FBX	Damage_Critical_GreatSword	support	FrankRetargetBuilder.Prepare; FrankBattleMigration	Frank character/weapon mesh support	support-only	Explicit source mesh paths, no move registration.	Mesh is not combat motion.
7e2666062ee2d55429beea6899bf89dc	1827226128182048838	Assets/Selected/Frank_Damages/Asset/Meshes/Frank_Damage@Damage_Critical_Katana.FBX	Damage_Critical_Katana	support	FrankRetargetBuilder.Prepare; FrankBattleMigration	Frank character/weapon mesh support	support-only	Explicit source mesh paths, no move registration.	Mesh is not combat motion.
378caf935aaa27a48a2ce063a9b9f60c	1827226128182048838	Assets/Selected/Frank_Damages/Asset/Meshes/Frank_Damage@Damage_Critical_Spear.FBX	Damage_Critical_Spear	support	FrankRetargetBuilder.Prepare; FrankBattleMigration	Frank character/weapon mesh support	support-only	Explicit source mesh paths, no move registration.	Mesh is not combat motion.
d8dd30cce5c56764b847fc7ea75a2ff3	1827226128182048838	Assets/Selected/Frank_Damages/Asset/Meshes/Frank_Damage@Damage_Critical_Warrior.FBX	Damage_Critical_Warrior	support	FrankRetargetBuilder.Prepare; FrankBattleMigration	Frank character/weapon mesh support	support-only	Explicit source mesh paths, no move registration.	Mesh is not combat motion.
