GUID	LocalID	Path	Clip	Seconds	Rig	Registered roles	Verification
52046464c4418bf799dd91bf9709dfd7	7400000	Assets/DemoSence/InsaneCombos/Clips/combo_01.anim	combo_01	2.83333349	Project animation		Pending motion preview and BattleScene validation
e74693c676141e564a783e51a8d6675e	7400000	Assets/DemoSence/InsaneCombos/Clips/combo_01_1.anim	combo_01_1	0.733333349	Project animation		Pending motion preview and BattleScene validation
2098f31b990c8ff679f1be5b309f619d	7400000	Assets/DemoSence/InsaneCombos/Clips/combo_01_2.anim	combo_01_2	0.733333349	Project animation		Pending motion preview and BattleScene validation
9c694add9bac67eb7addee21435cc256	7400000	Assets/DemoSence/InsaneCombos/Clips/combo_01_3.anim	combo_01_3	1.9000001	Project animation		Pending motion preview and BattleScene validation
54a8494418477be0a86082ba18b51a64	7400000	Assets/DemoSence/InsaneCombos/Clips/combo_01_hit.anim	combo_01_hit	2.80000019	Project animation		Pending motion preview and BattleScene validation
63e4520b0eb5af4b0b5dddf10af47ede	7400000	Assets/DemoSence/InsaneCombos/Clips/combo_02.anim	combo_02	4.9666667	Project animation		Pending motion preview and BattleScene validation
da651877639ded7f8a412ba0a90b2dc9	7400000	Assets/DemoSence/InsaneCombos/Clips/combo_02_1.anim	combo_02_1	0.6	Project animation		Pending motion preview and BattleScene validation
0d59cc697c9ccb029a47d360ea5ff53e	7400000	Assets/DemoSence/InsaneCombos/Clips/combo_02_2.anim	combo_02_2	0.8333334	Project animation		Pending motion preview and BattleScene validation
9dac0184fd1595dc0b8bfabce312b962	7400000	Assets/DemoSence/InsaneCombos/Clips/combo_02_3.anim	combo_02_3	0.9666667	Project animation		Pending motion preview and BattleScene validation
8b89b89f297ef2d5dbcdef4e44cd41a0	7400000	Assets/DemoSence/InsaneCombos/Clips/combo_02_4.anim	combo_02_4	0.900000036	Project animation		Pending motion preview and BattleScene validation
44d22dec3760fe4149a2e85de7b3de46	7400000	Assets/DemoSence/InsaneCombos/Clips/combo_02_5.anim	combo_02_5	1.13333344	Project animation		Pending motion preview and BattleScene validation
50d083c508f5d3bf7849432058bc4b78	7400000	Assets/DemoSence/InsaneCombos/Clips/combo_02_6.anim	combo_02_6	1.4333334	Project animation		Pending motion preview and BattleScene validation
a2376aa93cceb6d559623f278accad40	7400000	Assets/DemoSence/InsaneCombos/Clips/combo_02_hit.anim	combo_02_hit	4.9666667	Project animation		Pending motion preview and BattleScene validation
5c27a5e1248c3c5da8706d67b773b232	7400000	Assets/DemoSence/InsaneCombos/Clips/combo_03.anim	combo_03	3.9	Project animation		Pending motion preview and BattleScene validation
002bf96866cdd9f7296b4e4922257301	7400000	Assets/DemoSence/InsaneCombos/Clips/combo_03_1.anim	combo_03_1	0.866666734	Project animation		Pending motion preview and BattleScene validation
6d0557d9010cb42f7adf1798a978d532	7400000	Assets/DemoSence/InsaneCombos/Clips/combo_03_2.anim	combo_03_2	1.23333335	Project animation		Pending motion preview and BattleScene validation
5472541ebfc5da00fb41fd48e7d04cc0	7400000	Assets/DemoSence/InsaneCombos/Clips/combo_03_3.anim	combo_03_3	0.9666667	Project animation		Pending motion preview and BattleScene validation
4df3e7015f484ff3ebbed0af2cfab431	7400000	Assets/DemoSence/InsaneCombos/Clips/combo_03_4.anim	combo_03_4	1.4666667	Project animation		Pending motion preview and BattleScene validation
fc3043051c8aba21c985606d7ba19689	7400000	Assets/DemoSence/InsaneCombos/Clips/combo_03_5.anim	combo_03_5	1.53333342	Project animation		Pending motion preview and BattleScene validation
83fb592ff7e1c5e3c897b8bd8ff0b675	7400000	Assets/DemoSence/InsaneCombos/Clips/combo_03_hit.anim	combo_03_hit	3.9	Project animation		Pending motion preview and BattleScene validation
96703639785e62b2c9b22416a36c5d7e	7400000	Assets/DemoSence/InsaneCombos/Reactions/combo_01_1_hit_generated.anim	combo_01_1_hit_generated	1.93000007	Project animation		Pending motion preview and BattleScene validation
243ab4ea1f0af85a0a24382a17acd8eb	7400000	Assets/DemoSence/InsaneCombos/Reactions/combo_01_2_hit_generated.anim	combo_01_2_hit_generated	2.03000021	Project animation		Pending motion preview and BattleScene validation
8ae7aab35057c256197d008dc67f2767	7400000	Assets/DemoSence/InsaneCombos/Reactions/combo_01_3_hit_generated.anim	combo_01_3_hit_generated	2.15	Project animation		Pending motion preview and BattleScene validation
3ee772e43fa7f8fb19af38201ecfee9e	7400000	Assets/DemoSence/InsaneCombos/Reactions/combo_02_1_hit_generated.anim	combo_02_1_hit_generated	1.81333327	Project animation		Pending motion preview and BattleScene validation
9adac01cf555d906b9b5c7f21f048149	7400000	Assets/DemoSence/InsaneCombos/Reactions/combo_02_2_hit_generated.anim	combo_02_2_hit_generated	2.06333327	Project animation		Pending motion preview and BattleScene validation
716642bfa78a2b6eea21e69799714c7f	7400000	Assets/DemoSence/InsaneCombos/Reactions/combo_02_3_hit_generated.anim	combo_02_3_hit_generated	1.99666667	Project animation		Pending motion preview and BattleScene validation
ebd4c9de48067bb188efbadce5dc2720	7400000	Assets/DemoSence/InsaneCombos/Reactions/combo_02_4_hit_generated.anim	combo_02_4_hit_generated	1.99666667	Project animation		Pending motion preview and BattleScene validation
a6cf3a79dc81658ad8eef62bd91c08da	7400000	Assets/DemoSence/InsaneCombos/Reactions/combo_02_5_hit_generated.anim	combo_02_5_hit_generated	1.89666653	Project animation		Pending motion preview and BattleScene validation
5d5adb01f2a3790dd9811df989d3c707	7400000	Assets/DemoSence/InsaneCombos/Reactions/combo_02_6_hit_generated.anim	combo_02_6_hit_generated	1.79666662	Project animation		Pending motion preview and BattleScene validation
c59968a3b3813109b87fe28a9e55478b	7400000	Assets/DemoSence/InsaneCombos/Reactions/combo_03_1_hit_generated.anim	combo_03_1_hit_generated	2.03	Project animation		Pending motion preview and BattleScene validation
4e6bfa79507b8e8af80beb04a2ffa7be	7400000	Assets/DemoSence/InsaneCombos/Reactions/combo_03_2_hit_generated.anim	combo_03_2_hit_generated	1.96333325	Project animation		Pending motion preview and BattleScene validation
a00f75d030008f13cbef190793c60a99	7400000	Assets/DemoSence/InsaneCombos/Reactions/combo_03_3_hit_generated.anim	combo_03_3_hit_generated	2.03	Project animation		Pending motion preview and BattleScene validation
c31f627f6574620caa115e2d578ac25f	7400000	Assets/DemoSence/InsaneCombos/Reactions/combo_03_4_hit_generated.anim	combo_03_4_hit_generated	1.7299999	Project animation		Pending motion preview and BattleScene validation
5bd7cceab03d27a0cb89060fe0865038	7400000	Assets/DemoSence/InsaneCombos/Reactions/combo_03_5_hit_generated.anim	combo_03_5_hit_generated	2.36333323	Project animation		Pending motion preview and BattleScene validation
0ecbaf72cc6563b3788f1d0796e10828	1827226128182048838	Assets/DemoSence/Rigs/Frank_Damage@Damage_Critical_2Handed.FBX	Damage_Critical_2Handed	5.83334351	Human		Pending motion preview and BattleScene validation
887c136fb6189f3bf8919955b7a6ead6	1827226128182048838	Assets/DemoSence/Rigs/Frank_Damage@Damage_Critical_Assassin.FBX	Damage_Critical_Assassin	5.83334351	Human		Pending motion preview and BattleScene validation
1d628956d53416971b3e2753725ecfb4	1827226128182048838	Assets/DemoSence/Rigs/Frank_Damage@Damage_Critical_Dual.FBX	Damage_Critical_Dual	7.33334351	Human		Pending motion preview and BattleScene validation
f9d4896795dbdf2eaa74e2b782a33753	1827226128182048838	Assets/DemoSence/Rigs/Frank_Damage@Damage_Critical_GreatSword.FBX	Damage_Critical_GreatSword	6	Human		Pending motion preview and BattleScene validation
a3b4748d4a8e7dfd4b510849d3ea6340	1827226128182048838	Assets/DemoSence/Rigs/Frank_Damage@Damage_Critical_Katana.FBX	Damage_Critical_Katana	6	Human		Pending motion preview and BattleScene validation
a74c88880dbb6d6a5b23708a0ca7d294	1827226128182048838	Assets/DemoSence/Rigs/Frank_Damage@Damage_Critical_Spear.FBX	Damage_Critical_Spear	6.83334351	Human		Pending motion preview and BattleScene validation
2cc53f050cdcab3c99304b15928061e4	1827226128182048838	Assets/DemoSence/Rigs/Frank_Damage@Damage_Critical_Warrior.FBX	Damage_Critical_Warrior	5.83334351	Human		Pending motion preview and BattleScene validation
59dc3f26824c72872aa4cf6baeec671e	7400000	Assets/DemoSence/Rigs/Mankey.FBX	Take 001	4	Human		Pending motion preview and BattleScene validation
757d9d3f1766533aa895e81a07aa5197	-203655887218126122	Assets/DemoSence/Rigs/Pepe.fbx	mixamo.com	2.83333349	Human		Pending motion preview and BattleScene validation
1ad661b136b91122291ed51469b56be9	7400000	Assets/DemoSence/Sets/Mankey/Being Hit/Damage_Critical_2Handed_Hit.anim	Damage_Critical_2Handed_Hit	5.833336	Project animation	Pepe/Heavy/Heavy_2:receiver	Pending motion preview and BattleScene validation
18d676c4910c28d3f80d8b405eeedda0	7400000	Assets/DemoSence/Sets/Mankey/Being Hit/Damage_Critical_Assassin_Hit.anim	Damage_Critical_Assassin_Hit	5.83333349	Project animation	Pepe/Heavy/Heavy_Assassin:receiver	Pending motion preview and BattleScene validation
07afc81177a579c6c8735a0a421889f5	7400000	Assets/DemoSence/Sets/Mankey/Being Hit/Damage_Critical_Dual_Hit.anim	Damage_Critical_Dual_Hit	7.333334	Project animation	Pepe/Heavy/Heavy_8:receiver	Pending motion preview and BattleScene validation
29d1673c59917bf858ecdeda1c1d3ef3	7400000	Assets/DemoSence/Sets/Mankey/Being Hit/Damage_Critical_GreatSword_Hit.anim	Damage_Critical_GreatSword_Hit	6	Project animation	Pepe/Heavy/Heavy_6:receiver	Pending motion preview and BattleScene validation
6e79c206cc4f1995293b1d3ccf9566a6	7400000	Assets/DemoSence/Sets/Mankey/Being Hit/Damage_Critical_Katana_Hit.anim	Damage_Critical_Katana_Hit	6.000002	Project animation	Pepe/Heavy/Heavy_Katana:receiver	Pending motion preview and BattleScene validation
1a1eacea83607f6a3ae147efbbc23558	7400000	Assets/DemoSence/Sets/Mankey/Being Hit/Damage_Critical_Spear_Hit.anim	Damage_Critical_Spear_Hit	6.833332	Project animation	Pepe/Heavy/Heavy_7:receiver	Pending motion preview and BattleScene validation
815993e08bc1e7bc6ad4c04db31399c9	7400000	Assets/DemoSence/Sets/Mankey/Being Hit/Damage_Critical_Warrior_Hit.anim	Damage_Critical_Warrior_Hit	5.833336	Project animation	Pepe/Heavy/Heavy_5:receiver	Pending motion preview and BattleScene validation
8f109034448249a52a6584997acc18ff	7400000	Assets/DemoSence/Sets/Mankey/Being Hit/Damage_Critical_Warrior_Hit2.anim	Damage_Critical_Warrior_Hit2	5.83334351	Project animation		Pending motion preview and BattleScene validation
0bdec02c684bfaf45a09de44c51a1302	7400000	Assets/DemoSence/Sets/Mankey/Hit/Damage_Critical_2Handed.anim	Damage_Critical_2Handed	5.83334351	Project animation	Mankey/Heavy/Heavy_2:attacker	Pending motion preview and BattleScene validation
010f31f1d8757e445be14398d53c516f	7400000	Assets/DemoSence/Sets/Mankey/Hit/Damage_Critical_Assassin.anim	Damage_Critical_Assassin	5.83334351	Project animation	Mankey/Heavy/Heavy_Assassin:attacker	Pending motion preview and BattleScene validation
e762c1dee3c6fd4158d7c574da543530	7400000	Assets/DemoSence/Sets/Mankey/Hit/Damage_Critical_Dual.anim	Damage_Critical_Dual	7.33334351	Project animation	Mankey/Heavy/Heavy_8:attacker	Pending motion preview and BattleScene validation
d7f6ec4fe18d56ed4b64b0a65410cdaa	7400000	Assets/DemoSence/Sets/Mankey/Hit/Damage_Critical_GreatSword.anim	Damage_Critical_GreatSword	6	Project animation	Mankey/Heavy/Heavy_6:attacker	Pending motion preview and BattleScene validation
6b18ba42872719f6c9bc12b0c3f51ade	7400000	Assets/DemoSence/Sets/Mankey/Hit/Damage_Critical_Katana.anim	Damage_Critical_Katana	6	Project animation	Mankey/Heavy/Heavy_Katana:attacker	Pending motion preview and BattleScene validation
c3bf65b3b61bc4d9c853c894a6b5c888	7400000	Assets/DemoSence/Sets/Mankey/Hit/Damage_Critical_Spear.anim	Damage_Critical_Spear	6.83334351	Project animation	Mankey/Heavy/Heavy_7:attacker	Pending motion preview and BattleScene validation
704a3636bd202b4a8a22c98bc3ff67e3	7400000	Assets/DemoSence/Sets/Mankey/Hit/Damage_Critical_Warrior.anim	Damage_Critical_Warrior	5.83334351	Project animation	Mankey/Heavy/Heavy_5:attacker	Pending motion preview and BattleScene validation
d0ce6f3fc511d507b93b0a229c02337e	7400000	Assets/DemoSence/Sets/Pepe/Being Hit/Damage_Critical_2Handed_Hit.anim	Damage_Critical_2Handed_Hit	5.833336	Project animation	Mankey/Heavy/Heavy_2:receiver	Pending motion preview and BattleScene validation
bc06abf1e92694a14a3ffae80be7bc78	7400000	Assets/DemoSence/Sets/Pepe/Being Hit/Damage_Critical_Assassin_Hit.anim	Damage_Critical_Assassin_Hit	5.83333349	Project animation	Mankey/Heavy/Heavy_Assassin:receiver	Pending motion preview and BattleScene validation
aa01adb79aec1d8bfa373f7930b47d9f	7400000	Assets/DemoSence/Sets/Pepe/Being Hit/Damage_Critical_Dual_Hit.anim	Damage_Critical_Dual_Hit	7.333334	Project animation	Mankey/Heavy/Heavy_8:receiver	Pending motion preview and BattleScene validation
1154b9ff101932c3884ca761764f4480	7400000	Assets/DemoSence/Sets/Pepe/Being Hit/Damage_Critical_GreatSword_Hit.anim	Damage_Critical_GreatSword_Hit	6	Project animation	Mankey/Heavy/Heavy_6:receiver	Pending motion preview and BattleScene validation
19e297da04baab5319e5ceca78ac7a21	7400000	Assets/DemoSence/Sets/Pepe/Being Hit/Damage_Critical_Katana_Hit.anim	Damage_Critical_Katana_Hit	6.000002	Project animation	Mankey/Heavy/Heavy_Katana:receiver	Pending motion preview and BattleScene validation
8adc83af964f26c6c811c3b7615a9531	7400000	Assets/DemoSence/Sets/Pepe/Being Hit/Damage_Critical_Spear_Hit.anim	Damage_Critical_Spear_Hit	6.833332	Project animation	Mankey/Heavy/Heavy_7:receiver	Pending motion preview and BattleScene validation
51ecae1bd49859bfc96cfd34496401c5	7400000	Assets/DemoSence/Sets/Pepe/Being Hit/Damage_Critical_Warrior_Hit.anim	Damage_Critical_Warrior_Hit	5.833336	Project animation	Mankey/Heavy/Heavy_5:receiver	Pending motion preview and BattleScene validation
0bf36a47ad0088c1a9ce5d12100dcdb1	7400000	Assets/DemoSence/Sets/Pepe/Being Hit/Damage_Critical_Warrior_Hit2.anim	Damage_Critical_Warrior_Hit2	5.83334351	Project animation		Pending motion preview and BattleScene validation
9c35a5274953fd6efbf06df0defbdf9c	7400000	Assets/DemoSence/Sets/Pepe/Hit/Damage_Critical_2Handed.anim	Damage_Critical_2Handed	5.83334351	Project animation	Pepe/Heavy/Heavy_2:attacker	Pending motion preview and BattleScene validation
db89ee44446186752998141b56ca836a	7400000	Assets/DemoSence/Sets/Pepe/Hit/Damage_Critical_Assassin.anim	Damage_Critical_Assassin	5.83334351	Project animation	Pepe/Heavy/Heavy_Assassin:attacker	Pending motion preview and BattleScene validation
1ad3d996a0d19d8e6a467d4df0bbfb72	7400000	Assets/DemoSence/Sets/Pepe/Hit/Damage_Critical_Dual.anim	Damage_Critical_Dual	7.33334351	Project animation	Pepe/Heavy/Heavy_8:attacker	Pending motion preview and BattleScene validation
32a144720df8bb1cfb3dc58b6eb1b05b	7400000	Assets/DemoSence/Sets/Pepe/Hit/Damage_Critical_GreatSword.anim	Damage_Critical_GreatSword	6	Project animation	Pepe/Heavy/Heavy_6:attacker	Pending motion preview and BattleScene validation
9361f4e2bb5ead06aa81604f8381a8b9	7400000	Assets/DemoSence/Sets/Pepe/Hit/Damage_Critical_Katana.anim	Damage_Critical_Katana	6	Project animation	Pepe/Heavy/Heavy_Katana:attacker	Pending motion preview and BattleScene validation
e3d0e60f2b1771925ac4af64e74863a1	7400000	Assets/DemoSence/Sets/Pepe/Hit/Damage_Critical_Spear.anim	Damage_Critical_Spear	6.83334351	Project animation	Pepe/Heavy/Heavy_7:attacker	Pending motion preview and BattleScene validation
55df8da958feec5379886b57b8fdaa22	7400000	Assets/DemoSence/Sets/Pepe/Hit/Damage_Critical_Warrior.anim	Damage_Critical_Warrior	5.83334351	Project animation	Pepe/Heavy/Heavy_5:attacker	Pending motion preview and BattleScene validation
e755ac112be2c3721964f7a4f368e28a	7400000	Assets/DemoSence/Vol10/Clips/BRAIN_N.anim	BRAIN_N	1.73333347	Project animation	Mankey/Heavy/Vol10_BRAIN:attacker;Pepe/Heavy/Vol10_BRAIN:attacker	Pending motion preview and BattleScene validation
15c0f68f86e82a18c94f937cadf21519	7400000	Assets/DemoSence/Vol10/Clips/BRAIN_Y.anim	BRAIN_Y	1.73333347	Project animation	Mankey/Heavy/Vol10_BRAIN:receiver;Pepe/Heavy/Vol10_BRAIN:receiver	Pending motion preview and BattleScene validation
76e9c5411407b62e39172a6f4375b4bd	7400000	Assets/DemoSence/Vol10/Clips/B_FUSHA_N.anim	B_FUSHA_N	2.11666679	Project animation	Mankey/Light/Light_3:attacker;Pepe/Light/Light_3:attacker	Pending motion preview and BattleScene validation
ce7a44ba3b2afc477be79759a8fd2010	7400000	Assets/DemoSence/Vol10/Clips/B_FUSHA_Y.anim	B_FUSHA_Y	2.11666679	Project animation	Mankey/Light/Light_3:receiver;Pepe/Light/Light_3:receiver	Pending motion preview and BattleScene validation
d082b73724850ba88a521877a9fcd7a1	7400000	Assets/DemoSence/Vol10/Clips/CmnAtemi2_N.anim	CmnAtemi2_N	1.05000007	Project animation	Mankey/Light/Vol10_CmnAtemi2:attacker;Pepe/Light/Vol10_CmnAtemi2:attacker	Pending motion preview and BattleScene validation
cc15ef8c89dae9f908ac3ce63d084646	7400000	Assets/DemoSence/Vol10/Clips/CmnAtemi2_Y.anim	CmnAtemi2_Y	1.05000007	Project animation	Mankey/Light/Vol10_CmnAtemi2:receiver;Pepe/Light/Vol10_CmnAtemi2:receiver	Pending motion preview and BattleScene validation
190a2ce36ccea1dab9df22b479f3cf29	7400000	Assets/DemoSence/Vol10/Clips/CmnAtemi3_N.anim	CmnAtemi3_N	0.75000006	Project animation	Mankey/Light/Vol10_CmnAtemi3:attacker;Pepe/Light/Vol10_CmnAtemi3:attacker	Pending motion preview and BattleScene validation
6515343bf93a0a6a0a3c71c82a093c52	7400000	Assets/DemoSence/Vol10/Clips/CmnAtemi3_Y.anim	CmnAtemi3_Y	0.8000001	Project animation	Mankey/Light/Vol10_CmnAtemi3:receiver;Pepe/Light/Vol10_CmnAtemi3:receiver	Pending motion preview and BattleScene validation
e47354cd8b0fa220b9e0b4c75f9f0fba	7400000	Assets/DemoSence/Vol10/Clips/CmnAtemi_N.anim	CmnAtemi_N	1	Project animation	Mankey/Light/Vol10_CmnAtemi:attacker;Pepe/Light/Vol10_CmnAtemi:attacker	Pending motion preview and BattleScene validation
692759a051faaf7e29c071c77fa3a3b0	7400000	Assets/DemoSence/Vol10/Clips/CmnAtemi_Y.anim	CmnAtemi_Y	1.45	Project animation	Mankey/Light/Vol10_CmnAtemi:receiver;Pepe/Light/Vol10_CmnAtemi:receiver	Pending motion preview and BattleScene validation
64d623722235473a69e246839265893a	7400000	Assets/DemoSence/Vol10/Clips/FISH_N.anim	FISH_N	1.78333342	Project animation	Mankey/Heavy/Vol10_FISH:attacker;Pepe/Heavy/Vol10_FISH:attacker	Pending motion preview and BattleScene validation
69d93a8dc69d71b62ba083887b6cfcb4	7400000	Assets/DemoSence/Vol10/Clips/FISH_Y.anim	FISH_Y	1.78333342	Project animation	Mankey/Heavy/Vol10_FISH:receiver;Pepe/Heavy/Vol10_FISH:receiver	Pending motion preview and BattleScene validation
639221af9523ddee5aa6a8a5e94f7de0	7400000	Assets/DemoSence/Vol10/Clips/FLANK_N.anim	FLANK_N	1.83333337	Project animation	Mankey/Light/Light_1:attacker;Pepe/Light/Light_1:attacker	Pending motion preview and BattleScene validation
303a99312dc6839d78b0c9bbc6f448af	7400000	Assets/DemoSence/Vol10/Clips/FLANK_Y.anim	FLANK_Y	1.83333337	Project animation	Mankey/Light/Light_1:receiver;Pepe/Light/Light_1:receiver	Pending motion preview and BattleScene validation
741b03d2a229119b7a64175de4f7847e	7400000	Assets/DemoSence/Vol10/Clips/GS1_N.anim	GS1_N	1.9333334	Project animation	Mankey/Heavy/Vol10_GS1:attacker;Pepe/Heavy/Vol10_GS1:attacker	Pending motion preview and BattleScene validation
c1ecad49c8a22e856b31cde476c191a8	7400000	Assets/DemoSence/Vol10/Clips/GS1_Y.anim	GS1_Y	1.9000001	Project animation	Mankey/Heavy/Vol10_GS1:receiver;Pepe/Heavy/Vol10_GS1:receiver	Pending motion preview and BattleScene validation
901d48ce9e32b3694a6d3672b7fae915	7400000	Assets/DemoSence/Vol10/Clips/GSWING_N.anim	GSWING_N	2.08333349	Project animation	Mankey/Heavy/Vol10_GSWING:attacker;Pepe/Heavy/Vol10_GSWING:attacker	Pending motion preview and BattleScene validation
68e43d34d73ee9c30a770ab6c4246441	7400000	Assets/DemoSence/Vol10/Clips/GSWING_Y.anim	GSWING_Y	2.08333349	Project animation	Mankey/Heavy/Vol10_GSWING:receiver;Pepe/Heavy/Vol10_GSWING:receiver	Pending motion preview and BattleScene validation
90d69c8b3f7bcecfc914e57f13a85993	7400000	Assets/DemoSence/Vol10/Clips/HOLD_LALI_N.anim	HOLD_LALI_N	2	Project animation	Mankey/Light/Vol10_HOLD_LALI:continuation-attacker;Pepe/Light/Vol10_HOLD_LALI:continuation-attacker	Pending motion preview and BattleScene validation
adba18553225792c3aadd8952925e226	7400000	Assets/DemoSence/Vol10/Clips/HOLD_LALI_Y.anim	HOLD_LALI_Y	2	Project animation	Mankey/Light/Vol10_HOLD_LALI:continuation-receiver;Pepe/Light/Vol10_HOLD_LALI:continuation-receiver	Pending motion preview and BattleScene validation
3c510cca4e748262e8816db80f3a4753	7400000	Assets/DemoSence/Vol10/Clips/HOLD_N.anim	HOLD_N	1.1	Project animation	Mankey/Light/Vol10_HOLD:attacker;Mankey/Light/Vol10_HOLD_LALI:attacker;Mankey/Light/Vol10_NAGE_ESC:attacker;Pepe/Light/Vol10_HOLD:attacker;Pepe/Light/Vol10_HOLD_LALI:attacker;Pepe/Light/Vol10_NAGE_ESC:attacker	Pending motion preview and BattleScene validation
4238fdf2da237fa8dbe30342fd09c739	7400000	Assets/DemoSence/Vol10/Clips/HOLD_Y.anim	HOLD_Y	1.1	Project animation	Mankey/Light/Vol10_HOLD:receiver;Mankey/Light/Vol10_HOLD_LALI:receiver;Mankey/Light/Vol10_NAGE_ESC:receiver;Pepe/Light/Vol10_HOLD:receiver;Pepe/Light/Vol10_HOLD_LALI:receiver;Pepe/Light/Vol10_NAGE_ESC:receiver	Pending motion preview and BattleScene validation
66d370eb375c863429ba606a0df0d549	7400000	Assets/DemoSence/Vol10/Clips/Idle.anim	Idle	1.50000012	Project animation		Pending motion preview and BattleScene validation
05a7e52a5035427bf8b2153cfebf07cb	7400000	Assets/DemoSence/Vol10/Clips/JPBOM_N.anim	JPBOM_N	2.03333354	Project animation	Mankey/Heavy/Vol10_JPBOM:attacker;Pepe/Heavy/Vol10_JPBOM:attacker	Pending motion preview and BattleScene validation
deb24c5181d2dc1f2a2b1518acc1b6b8	7400000	Assets/DemoSence/Vol10/Clips/JPBOM_Y.anim	JPBOM_Y	2.03333354	Project animation	Mankey/Heavy/Vol10_JPBOM:receiver;Pepe/Heavy/Vol10_JPBOM:receiver	Pending motion preview and BattleScene validation
c92272fdcb65d6f38a470a1a673a6adc	7400000	Assets/DemoSence/Vol10/Clips/LC_DSCREW_N.anim	LC_DSCREW_N	1.2	Project animation	Mankey/Heavy/Vol10_LC_DSCREW:attacker;Pepe/Heavy/Vol10_LC_DSCREW:attacker	Pending motion preview and BattleScene validation
8c0ba26c1b60d9c3586b41ed6fa78c36	7400000	Assets/DemoSence/Vol10/Clips/LC_DSCREW_Y.anim	LC_DSCREW_Y	1.2	Project animation	Mankey/Heavy/Vol10_LC_DSCREW:receiver;Pepe/Heavy/Vol10_LC_DSCREW:receiver	Pending motion preview and BattleScene validation
26ee13315980aaafaad9b2e569c8c796	7400000	Assets/DemoSence/Vol10/Clips/NAGE_ESC_N.anim	NAGE_ESC_N	0.75000006	Project animation	Mankey/Light/Vol10_HOLD_LALI:continuation-attacker;Mankey/Light/Vol10_NAGE_ESC:continuation-attacker;Pepe/Light/Vol10_HOLD_LALI:continuation-attacker;Pepe/Light/Vol10_NAGE_ESC:continuation-attacker	Pending motion preview and BattleScene validation
b4c86d50d2c87394a8c9bc5a647e813f	7400000	Assets/DemoSence/Vol10/Clips/NAGE_ESC_Y.anim	NAGE_ESC_Y	0.8333334	Project animation	Mankey/Light/Vol10_HOLD_LALI:continuation-receiver;Mankey/Light/Vol10_NAGE_ESC:continuation-receiver;Pepe/Light/Vol10_HOLD_LALI:continuation-receiver;Pepe/Light/Vol10_NAGE_ESC:continuation-receiver	Pending motion preview and BattleScene validation
51760ed46683427dc8d758776c1ed5d2	7400000	Assets/DemoSence/Vol10/Clips/NECK_BREAK_N.anim	NECK_BREAK_N	1.58333337	Project animation	Mankey/Heavy/Vol10_NECK_BREAK:attacker;Pepe/Heavy/Vol10_NECK_BREAK:attacker	Pending motion preview and BattleScene validation
bc50ed3d70eb316338efe0ba16ce6c1f	7400000	Assets/DemoSence/Vol10/Clips/NECK_BREAK_Y.anim	NECK_BREAK_Y	1.58333337	Project animation	Mankey/Heavy/Vol10_NECK_BREAK:receiver;Pepe/Heavy/Vol10_NECK_BREAK:receiver	Pending motion preview and BattleScene validation
033d20310b831db968212947ce43351c	7400000	Assets/DemoSence/Vol10/Clips/SEOI_N.anim	SEOI_N	1.41666675	Project animation	Mankey/Heavy/Vol10_SEOI:attacker;Pepe/Heavy/Vol10_SEOI:attacker	Pending motion preview and BattleScene validation
f3713dc051a9403f5b664f7c606f6d7f	7400000	Assets/DemoSence/Vol10/Clips/SEOI_Y.anim	SEOI_Y	1.41666675	Project animation	Mankey/Heavy/Vol10_SEOI:receiver;Pepe/Heavy/Vol10_SEOI:receiver	Pending motion preview and BattleScene validation
cdeb2e864984486d6904ade95e92a2b6	7400000	Assets/DemoSence/Vol10/Clips/SIHO_N.anim	SIHO_N	1.33333337	Project animation	Mankey/Heavy/Vol10_SIHO:attacker;Pepe/Heavy/Vol10_SIHO:attacker	Pending motion preview and BattleScene validation
2154eb65618e305baa16b2ec9461c6dc	7400000	Assets/DemoSence/Vol10/Clips/SIHO_Y.anim	SIHO_Y	1.35	Project animation	Mankey/Heavy/Vol10_SIHO:receiver;Pepe/Heavy/Vol10_SIHO:receiver	Pending motion preview and BattleScene validation
610fba6d346a64f4583237c3ef4f7e46	7400000	Assets/GreatSword_Animset/Animation/Execution_Sample/GreatSword_Attack_Ambush.FBX	GreatSword_Attack_Ambush	2.50000024	Generic	Mankey/Heavy/Frank_GreatSword_Attack_Ambush:attacker;Pepe/Heavy/Frank_GreatSword_Attack_Ambush:attacker	Pending motion preview and BattleScene validation
59a3af1cef1d25a4aa16dd3a87e12f17	7400000	Assets/GreatSword_Animset/Animation/Execution_Sample/GreatSword_Attack_Ambushed.FBX	GreatSword_Attack_Ambushed	2.50000024	Generic	Mankey/Heavy/Frank_GreatSword_Attack_Ambush:receiver;Pepe/Heavy/Frank_GreatSword_Attack_Ambush:receiver	Pending motion preview and BattleScene validation
8a8cfa30410d4de4eaeee65cbe422897	7400000	Assets/GreatSword_Animset/Animation/Execution_Sample/GreatSword_Attack_Executed1.FBX	GreatSword_Attack_Executed1	3.80000067	Generic	Mankey/Heavy/Frank_GreatSword_Attack_Execution1:receiver;Pepe/Heavy/Frank_GreatSword_Attack_Execution1:receiver	Pending motion preview and BattleScene validation
ace62d913ecb84646a9d95d649c77378	7400000	Assets/GreatSword_Animset/Animation/Execution_Sample/GreatSword_Attack_Executed2.FBX	GreatSword_Attack_Executed2	3.93333364	Generic	Mankey/Heavy/Frank_GreatSword_Attack_Execution2:receiver;Pepe/Heavy/Frank_GreatSword_Attack_Execution2:receiver	Pending motion preview and BattleScene validation
6c5dd4f4f7bf14d4ba40eadba2ef8cc1	7400000	Assets/GreatSword_Animset/Animation/Execution_Sample/GreatSword_Attack_Executed3.FBX	GreatSword_Attack_Executed3	3.4333334	Generic	Mankey/Heavy/Frank_GreatSword_Attack_Execution3:receiver;Pepe/Heavy/Frank_GreatSword_Attack_Execution3:receiver	Pending motion preview and BattleScene validation
139b0ae28ee0b4f4daa324a3b26584c3	7400000	Assets/GreatSword_Animset/Animation/Execution_Sample/GreatSword_Attack_Execution1.FBX	GreatSword_Attack_Execution1	3.80000067	Generic	Mankey/Heavy/Frank_GreatSword_Attack_Execution1:attacker;Pepe/Heavy/Frank_GreatSword_Attack_Execution1:attacker	Pending motion preview and BattleScene validation
a56c5ae66a018d145b445cbf48c599cd	7400000	Assets/GreatSword_Animset/Animation/Execution_Sample/GreatSword_Attack_Execution2.FBX	GreatSword_Attack_Execution2	3.93333364	Generic	Mankey/Heavy/Frank_GreatSword_Attack_Execution2:attacker;Pepe/Heavy/Frank_GreatSword_Attack_Execution2:attacker	Pending motion preview and BattleScene validation
9e99703246e7cbc4197d85121ad0d07c	7400000	Assets/GreatSword_Animset/Animation/Execution_Sample/GreatSword_Attack_Execution3.FBX	GreatSword_Attack_Execution3	3.4333334	Generic	Mankey/Heavy/Frank_GreatSword_Attack_Execution3:attacker;Pepe/Heavy/Frank_GreatSword_Attack_Execution3:attacker	Pending motion preview and BattleScene validation
c80ead7ac0634a539b64f1ce6f3a0efc	-3015926243572891356	Assets/InsaneGun_Sword_Set/Animation/Generic/combo_01.fbx	combo_01	2.83333349	Generic		Pending motion preview and BattleScene validation
0ce280a2b2a943e49dc91f18062badb3	3565504139248249297	Assets/InsaneGun_Sword_Set/Animation/Humanoid/00_T-pose_InsaneGun_Sword.fbx	T-pose_InsaneGun_Sword	1.66666675	Human		Pending motion preview and BattleScene validation
5b18d7ef2de2c7e45acf6b7c15d8a3ce	7400000	Assets/Selected/Brutal_DoubleAxe_Anim/Animation/Humanoid/Combo_01.FBX	Combo_01	2.4666667	Human		Pending motion preview and BattleScene validation
66dbfeac8abc2bd4387277bfbdf59204	7400000	Assets/Selected/Brutal_DoubleAxe_Anim/Animation/Humanoid/Combo_01_1.FBX	Combo_01_1	1.4000001	Human		Pending motion preview and BattleScene validation
bb574452178a7c34fb1fac5ddc0dab69	7400000	Assets/Selected/Brutal_DoubleAxe_Anim/Animation/Humanoid/Combo_01_1_Inplace.FBX	Combo_01_1_Inplace	1.4000001	Human		Pending motion preview and BattleScene validation
c64077eaf00186140b80ee4a4195cda4	7400000	Assets/Selected/Brutal_DoubleAxe_Anim/Animation/Humanoid/Combo_01_2.FBX	Combo_01_2	2	Human		Pending motion preview and BattleScene validation
d2ebed75e7d321c4d9b5d6b1ca6039b0	7400000	Assets/Selected/Brutal_DoubleAxe_Anim/Animation/Humanoid/Combo_01_2_Inplace.FBX	Combo_01_2_Inplace	2	Human		Pending motion preview and BattleScene validation
e9e60c6ba4a3ff34d942c9ce08b7cd4d	7400000	Assets/Selected/Brutal_DoubleAxe_Anim/Animation/Humanoid/Combo_01_Inplace.FBX	Combo_01_Inplace	2.4666667	Human		Pending motion preview and BattleScene validation
f9b013c561619fc49bb6d4afdf2d2b4e	7400000	Assets/Selected/Brutal_DoubleAxe_Anim/Animation/Humanoid/Combo_02.FBX	Combo_02	2.9	Human		Pending motion preview and BattleScene validation
68ecf180d5b77fd44aea63a0633c957f	7400000	Assets/Selected/Brutal_DoubleAxe_Anim/Animation/Humanoid/Combo_02_1.FBX	Combo_02_1	1.7	Human		Pending motion preview and BattleScene validation
74b4111814e9d364a8602f2979ebdae4	7400000	Assets/Selected/Brutal_DoubleAxe_Anim/Animation/Humanoid/Combo_02_1_Inplace.FBX	Combo_02_1_Inplace	1.7	Human		Pending motion preview and BattleScene validation
81fdb74107034f24da8df0dfebcf5f1e	7400000	Assets/Selected/Brutal_DoubleAxe_Anim/Animation/Humanoid/Combo_02_2.FBX	Combo_02_2	1.4000001	Human		Pending motion preview and BattleScene validation
8474ea3da27130b4f809ea7fc0fa0a1a	7400000	Assets/Selected/Brutal_DoubleAxe_Anim/Animation/Humanoid/Combo_02_2_Inplace.FBX	Combo_02_2_Inplace	1.4000001	Human		Pending motion preview and BattleScene validation
08d00afb81ff1334fa80badd0bb89bf9	7400000	Assets/Selected/Brutal_DoubleAxe_Anim/Animation/Humanoid/Combo_02_3.FBX	Combo_02_3	1.06666672	Human		Pending motion preview and BattleScene validation
9c7d71c1da2aedf4fba1eadc51846f62	7400000	Assets/Selected/Brutal_DoubleAxe_Anim/Animation/Humanoid/Combo_02_3_Inplace.FBX	Combo_02_3_Inplace	1.06666672	Human		Pending motion preview and BattleScene validation
71c2475edbd8d454c90feca0f9b35e29	7400000	Assets/Selected/Brutal_DoubleAxe_Anim/Animation/Humanoid/Combo_02_4.FBX	Combo_02_4	1.83333337	Human		Pending motion preview and BattleScene validation
84eba9dd15cfdc24e90063e998376625	7400000	Assets/Selected/Brutal_DoubleAxe_Anim/Animation/Humanoid/Combo_02_4_Inplace.FBX	Combo_02_4_Inplace	1.83333337	Human		Pending motion preview and BattleScene validation
8b9c65c1a3256c246b33a8302ade4b3e	7400000	Assets/Selected/Brutal_DoubleAxe_Anim/Animation/Humanoid/Combo_02_Inplace.FBX	Combo_02_Inplace	2.9	Human		Pending motion preview and BattleScene validation
a67b29d47a651ee4c96570e875747fe9	7400000	Assets/Selected/Brutal_DoubleAxe_Anim/Animation/Humanoid/Combo_03.FBX	Combo_03	4.9666667	Human		Pending motion preview and BattleScene validation
bd0c2b6a9d892f4419b7c0f6ae1f529f	7400000	Assets/Selected/Brutal_DoubleAxe_Anim/Animation/Humanoid/Combo_03_1.FBX	Combo_03_1	1.96666682	Human		Pending motion preview and BattleScene validation
e28699265e3929944835fd7d7a72b537	7400000	Assets/Selected/Brutal_DoubleAxe_Anim/Animation/Humanoid/Combo_03_2.FBX	Combo_03_2	2.4666667	Human		Pending motion preview and BattleScene validation
e3557f0107bd053429b6f1c687da9292	7400000	Assets/Selected/Brutal_DoubleAxe_Anim/Animation/Humanoid/Combo_04.FBX	Combo_04	4.63333368	Human		Pending motion preview and BattleScene validation
1426f051e0ff37d4595b7ce2e668676a	7400000	Assets/Selected/Brutal_DoubleAxe_Anim/Animation/Humanoid/Combo_04_1.FBX	Combo_04_1	1.26666677	Human		Pending motion preview and BattleScene validation
d52283727a2cb2a4897f8c825295a8b9	7400000	Assets/Selected/Brutal_DoubleAxe_Anim/Animation/Humanoid/Combo_04_1_Inplace.FBX	Combo_04_1_Inplace	1.26666677	Human		Pending motion preview and BattleScene validation
3de4e4580a1155a498b94c33c9221953	7400000	Assets/Selected/Brutal_DoubleAxe_Anim/Animation/Humanoid/Combo_04_2.FBX	Combo_04_2	1.66666675	Human		Pending motion preview and BattleScene validation
a58615fa54cca9b4baee7b5827df9663	7400000	Assets/Selected/Brutal_DoubleAxe_Anim/Animation/Humanoid/Combo_04_2_Inplace.FBX	Combo_04_2_Inplace	1.66666675	Human		Pending motion preview and BattleScene validation
cc09cd5352ca48f41bfa7b91fdf84599	7400000	Assets/Selected/Brutal_DoubleAxe_Anim/Animation/Humanoid/Combo_04_3.FBX	Combo_04_3	2	Human		Pending motion preview and BattleScene validation
d72b1e8d3ccaa744fa489c2b2726644a	7400000	Assets/Selected/Brutal_DoubleAxe_Anim/Animation/Humanoid/Combo_04_3_Inplace.FBX	Combo_04_3_Inplace	2	Human		Pending motion preview and BattleScene validation
bfe84a0149de159489b32c53fc9ccfaf	7400000	Assets/Selected/Brutal_DoubleAxe_Anim/Animation/Humanoid/Combo_04_4.FBX	Combo_04_4	1.80000007	Human		Pending motion preview and BattleScene validation
e6b6f66ee659deb4e896c2f1dc50964a	7400000	Assets/Selected/Brutal_DoubleAxe_Anim/Animation/Humanoid/Combo_04_4_Inplace.FBX	Combo_04_4_Inplace	1.80000007	Human		Pending motion preview and BattleScene validation
ff61d5ce5410a0c42a3f53a79d9cb581	7400000	Assets/Selected/Brutal_DoubleAxe_Anim/Animation/Humanoid/Combo_04_5.FBX	Combo_04_5	1.66666675	Human		Pending motion preview and BattleScene validation
8e2a934931f8a9a4cb5f0b043df077d8	7400000	Assets/Selected/Brutal_DoubleAxe_Anim/Animation/Humanoid/Combo_04_5_Inplace.FBX	Combo_04_5_Inplace	1.66666675	Human		Pending motion preview and BattleScene validation
72ff2085331ae8844b5c8447bea33ca5	7400000	Assets/Selected/Brutal_DoubleAxe_Anim/Animation/Humanoid/Combo_04_6.FBX	Combo_04_6	2	Human		Pending motion preview and BattleScene validation
bc9fd4b10fc471244bc017d7abfc7218	7400000	Assets/Selected/Brutal_DoubleAxe_Anim/Animation/Humanoid/Combo_04_6_Inplace.FBX	Combo_04_6_Inplace	2	Human		Pending motion preview and BattleScene validation
82090dcfa09443e4aa9c78b0efacd2db	7400000	Assets/Selected/Brutal_DoubleAxe_Anim/Animation/Humanoid/Combo_04_Inplace.FBX	Combo_04_Inplace	4.63333368	Human		Pending motion preview and BattleScene validation
a5de44e4cb2c1ae4e825cd6363fdeeea	7400000	Assets/Selected/Brutal_DoubleAxe_Anim/Animation/Humanoid/Hit174.anim.FBX	idle_00	1.66666675	Human		Pending motion preview and BattleScene validation
d589198b49ae646409c232df1dafb120	7400000	Assets/Selected/Brutal_DoubleAxe_Anim/Animation/Humanoid/Run_Stop_L.FBX	Run_Stop_L	1.2	Human		Pending motion preview and BattleScene validation
578977f6d9f152b45a6b111a9130405a	7400000	Assets/Selected/Brutal_DoubleAxe_Anim/Animation/Humanoid/Run_Stop_L_Inplace.FBX	Run_Stop_L_Inplace	1.2	Human		Pending motion preview and BattleScene validation
157d56eb520771b41aa79e7e7dba071b	7400000	Assets/Selected/Brutal_DoubleAxe_Anim/Animation/Humanoid/Run_Stop_R.FBX	Run_Stop_R	1.33333337	Human		Pending motion preview and BattleScene validation
9380b6b550b933543854b7d9f4f5bee2	7400000	Assets/Selected/Brutal_DoubleAxe_Anim/Animation/Humanoid/Run_Stop_R_Inplace.FBX	Run_Stop_R	1.33333337	Human		Pending motion preview and BattleScene validation
af0d95c77291ab34e8f55e62d472d93c	7400000	Assets/Selected/Brutal_DoubleAxe_Anim/Animation/Humanoid/attack_01.FBX	attack_01	2.50000024	Human		Pending motion preview and BattleScene validation
bcc5edbdd7586c7499090fc56c1ce8e6	7400000	Assets/Selected/Brutal_DoubleAxe_Anim/Animation/Humanoid/attack_01_Inplace.FBX	attack_01_Inplace	2.50000024	Human		Pending motion preview and BattleScene validation
5547f3f86d4a69b458e62f548b82e1ea	7400000	Assets/Selected/Brutal_DoubleAxe_Anim/Animation/Humanoid/attack_02.FBX	attack_02	2.50000024	Human		Pending motion preview and BattleScene validation
f7c630588ab9ec049954e318e0d048bd	7400000	Assets/Selected/Brutal_DoubleAxe_Anim/Animation/Humanoid/attack_02_Inplace.FBX	attack_02_Inplace	2.50000024	Human		Pending motion preview and BattleScene validation
26408d60237158249ab5c18a27a8b6b5	7400000	Assets/Selected/Brutal_DoubleAxe_Anim/Animation/Humanoid/attack_03.FBX	attack_03	2.36666679	Human		Pending motion preview and BattleScene validation
d752f3ada2350a24eb6d2544ce3f4266	7400000	Assets/Selected/Brutal_DoubleAxe_Anim/Animation/Humanoid/attack_03_Inplace.FBX	attack_03_Inplace	2.36666679	Human		Pending motion preview and BattleScene validation
4ae690d98b4a9a44ca86d3423e5d27fa	7400000	Assets/Selected/Brutal_DoubleAxe_Anim/Animation/Humanoid/attack_04.FBX	attack_04	1.60000014	Human		Pending motion preview and BattleScene validation
c67623133c646144ab7c69e2e1a32100	7400000	Assets/Selected/Brutal_DoubleAxe_Anim/Animation/Humanoid/attack_04_Inplace.FBX	attack_04_Inplace	1.60000014	Human		Pending motion preview and BattleScene validation
34aba571d16e7584db59c5298aa9c945	7400000	Assets/Selected/Brutal_DoubleAxe_Anim/Animation/Humanoid/attack_05.FBX	attack_05	3.266667	Human		Pending motion preview and BattleScene validation
979b4951a677fab41b43e2f32f273030	7400000	Assets/Selected/Brutal_DoubleAxe_Anim/Animation/Humanoid/attack_05_Inplace.FBX	attack_05	3.266667	Human		Pending motion preview and BattleScene validation
c998ea4af29949741b0311503f6fe672	7400000	Assets/Selected/Brutal_DoubleAxe_Anim/Animation/Humanoid/attack_06.FBX	attack_06	2.4333334	Human		Pending motion preview and BattleScene validation
34444772506ec12428522a91647d92bc	7400000	Assets/Selected/Brutal_DoubleAxe_Anim/Animation/Humanoid/attack_07.FBX	attack_07	2	Human		Pending motion preview and BattleScene validation
aadca2d2753b50f479a50f0c389e1e22	7400000	Assets/Selected/Brutal_DoubleAxe_Anim/Animation/Humanoid/attack_07_Inplace.FBX	attack_07_Inplace	2	Human		Pending motion preview and BattleScene validation
453cc1fcffbecfb48b300f28fc0aad09	7400000	Assets/Selected/Brutal_DoubleAxe_Anim/Animation/Humanoid/attack_08.FBX	attack_08	1.2	Human		Pending motion preview and BattleScene validation
10404d791afbb094e80c5e042514f5cf	7400000	Assets/Selected/Brutal_DoubleAxe_Anim/Animation/Humanoid/attack_08_Inplace.FBX	attack_08_Inplace	1.2	Human		Pending motion preview and BattleScene validation
d0f6e9c591456da4e80f17ed78dd3d80	7400000	Assets/Selected/Brutal_DoubleAxe_Anim/Animation/Humanoid/avoid_back.FBX	avoid_back	0.6666667	Human		Pending motion preview and BattleScene validation
96b21454346995a48a8aeb188213957c	7400000	Assets/Selected/Brutal_DoubleAxe_Anim/Animation/Humanoid/avoid_back_Inplace.FBX	avoid_back_Inplace	0.6666667	Human		Pending motion preview and BattleScene validation
92cf9192b08bdbc438ff8062c18a52cf	7400000	Assets/Selected/Brutal_DoubleAxe_Anim/Animation/Humanoid/avoid_front.FBX	avoid_front	0.6666667	Human		Pending motion preview and BattleScene validation
d5f516d4312402b458f38b923b089449	7400000	Assets/Selected/Brutal_DoubleAxe_Anim/Animation/Humanoid/avoid_front_Inplace.FBX	avoid_front_Inplace	0.6666667	Human		Pending motion preview and BattleScene validation
6c55aae8bdf1a6543a6591ab4d023a7b	7400000	Assets/Selected/Brutal_DoubleAxe_Anim/Animation/Humanoid/avoid_left.FBX	avoid_left	0.6666667	Human		Pending motion preview and BattleScene validation
fd33344f4b9e76a43847d937ffabf15d	7400000	Assets/Selected/Brutal_DoubleAxe_Anim/Animation/Humanoid/avoid_left_Inplace.FBX	avoid_left_Inplace	0.6666667	Human		Pending motion preview and BattleScene validation
103458f80d0178a40a419940f04f0cca	7400000	Assets/Selected/Brutal_DoubleAxe_Anim/Animation/Humanoid/avoid_right.FBX	avoid_right	0.6666667	Human		Pending motion preview and BattleScene validation
217204fa2612d8f4e8c4c974992d2b61	7400000	Assets/Selected/Brutal_DoubleAxe_Anim/Animation/Humanoid/avoid_right_Inplace.FBX	avoid_right_Inplace	0.6666667	Human		Pending motion preview and BattleScene validation
8536f1a09947f714c8fec390cbf4b051	7400000	Assets/Selected/Brutal_DoubleAxe_Anim/Animation/Humanoid/buff_01.FBX	buff_01	1.73333347	Human		Pending motion preview and BattleScene validation
a0f9a03ea0bca4744a1583e9775cadf2	7400000	Assets/Selected/Brutal_DoubleAxe_Anim/Animation/Humanoid/dead.FBX	dead_02	1.00000012	Human		Pending motion preview and BattleScene validation
a0f9a03ea0bca4744a1583e9775cadf2	7400002	Assets/Selected/Brutal_DoubleAxe_Anim/Animation/Humanoid/dead.FBX	dead_03	1	Human		Pending motion preview and BattleScene validation
a0f9a03ea0bca4744a1583e9775cadf2	7400004	Assets/Selected/Brutal_DoubleAxe_Anim/Animation/Humanoid/dead.FBX	dead_04	1.4333334	Human		Pending motion preview and BattleScene validation
a0f9a03ea0bca4744a1583e9775cadf2	7400006	Assets/Selected/Brutal_DoubleAxe_Anim/Animation/Humanoid/dead.FBX	dead_05	1.23333359	Human		Pending motion preview and BattleScene validation
a0f9a03ea0bca4744a1583e9775cadf2	7400008	Assets/Selected/Brutal_DoubleAxe_Anim/Animation/Humanoid/dead.FBX	dead_01	1.33333337	Human		Pending motion preview and BattleScene validation
37543eccf3d0d6d46b56173bf9f8a418	7400000	Assets/Selected/Brutal_DoubleAxe_Anim/Animation/Humanoid/dead_Inplace.FBX	dead_Inplace_02	1.00000012	Human		Pending motion preview and BattleScene validation
37543eccf3d0d6d46b56173bf9f8a418	7400002	Assets/Selected/Brutal_DoubleAxe_Anim/Animation/Humanoid/dead_Inplace.FBX	dead_Inplace_03	1	Human		Pending motion preview and BattleScene validation
37543eccf3d0d6d46b56173bf9f8a418	7400004	Assets/Selected/Brutal_DoubleAxe_Anim/Animation/Humanoid/dead_Inplace.FBX	dead_Inplace_04	1.4333334	Human		Pending motion preview and BattleScene validation
37543eccf3d0d6d46b56173bf9f8a418	7400006	Assets/Selected/Brutal_DoubleAxe_Anim/Animation/Humanoid/dead_Inplace.FBX	dead_Inplace_05	1.23333359	Human		Pending motion preview and BattleScene validation
37543eccf3d0d6d46b56173bf9f8a418	7400008	Assets/Selected/Brutal_DoubleAxe_Anim/Animation/Humanoid/dead_Inplace.FBX	dead_Inplace_01	1.33333337	Human		Pending motion preview and BattleScene validation
dea51fd8826b5d14a9a3f91de90b3892	7400000	Assets/Selected/Brutal_DoubleAxe_Anim/Animation/Humanoid/depence.FBX	depence	0.866666734	Human		Pending motion preview and BattleScene validation
60aedad401884c440aabc9108d8039db	7400000	Assets/Selected/Brutal_DoubleAxe_Anim/Animation/Humanoid/down.FBX	bound_down_high	1.16666675	Human		Pending motion preview and BattleScene validation
60aedad401884c440aabc9108d8039db	7400002	Assets/Selected/Brutal_DoubleAxe_Anim/Animation/Humanoid/down.FBX	bound_up	0.966666937	Human		Pending motion preview and BattleScene validation
60aedad401884c440aabc9108d8039db	7400004	Assets/Selected/Brutal_DoubleAxe_Anim/Animation/Humanoid/down.FBX	bound_up_high	1.16666675	Human		Pending motion preview and BattleScene validation
60aedad401884c440aabc9108d8039db	7400006	Assets/Selected/Brutal_DoubleAxe_Anim/Animation/Humanoid/down.FBX	liedown_idle_up	1.33333349	Human		Pending motion preview and BattleScene validation
60aedad401884c440aabc9108d8039db	7400008	Assets/Selected/Brutal_DoubleAxe_Anim/Animation/Humanoid/down.FBX	liedown_idle_down	1.33333349	Human		Pending motion preview and BattleScene validation
60aedad401884c440aabc9108d8039db	7400010	Assets/Selected/Brutal_DoubleAxe_Anim/Animation/Humanoid/down.FBX	knockdown_up01	1.50000048	Human		Pending motion preview and BattleScene validation
60aedad401884c440aabc9108d8039db	7400012	Assets/Selected/Brutal_DoubleAxe_Anim/Animation/Humanoid/down.FBX	knockdown_up02	1.20000076	Human		Pending motion preview and BattleScene validation
60aedad401884c440aabc9108d8039db	7400014	Assets/Selected/Brutal_DoubleAxe_Anim/Animation/Humanoid/down.FBX	knockdown_up03	1.166667	Human		Pending motion preview and BattleScene validation
60aedad401884c440aabc9108d8039db	7400016	Assets/Selected/Brutal_DoubleAxe_Anim/Animation/Humanoid/down.FBX	knockdown_down	1.13333416	Human		Pending motion preview and BattleScene validation
60aedad401884c440aabc9108d8039db	7400018	Assets/Selected/Brutal_DoubleAxe_Anim/Animation/Humanoid/down.FBX	wall_liedown_up	1.500001	Human		Pending motion preview and BattleScene validation
60aedad401884c440aabc9108d8039db	7400020	Assets/Selected/Brutal_DoubleAxe_Anim/Animation/Humanoid/down.FBX	wall_liedown_down	1.20000076	Human		Pending motion preview and BattleScene validation
60aedad401884c440aabc9108d8039db	7400022	Assets/Selected/Brutal_DoubleAxe_Anim/Animation/Humanoid/down.FBX	liedown_hit	0.9333334	Human		Pending motion preview and BattleScene validation
60aedad401884c440aabc9108d8039db	7400024	Assets/Selected/Brutal_DoubleAxe_Anim/Animation/Humanoid/down.FBX	bound_down	1	Human		Pending motion preview and BattleScene validation
c543af7ce5364744485ac715d0aade24	7400000	Assets/Selected/Brutal_DoubleAxe_Anim/Animation/Humanoid/equip.FBX	equip	1.06666672	Human		Pending motion preview and BattleScene validation
6dc5fa7d5ace5d24fa2724a96d50f68d	7400000	Assets/Selected/Brutal_DoubleAxe_Anim/Animation/Humanoid/hit.FBX	hit_body_right	0.400000036	Human		Pending motion preview and BattleScene validation
6dc5fa7d5ace5d24fa2724a96d50f68d	7400002	Assets/Selected/Brutal_DoubleAxe_Anim/Animation/Humanoid/hit.FBX	hit_body_left	0.4000001	Human		Pending motion preview and BattleScene validation
6dc5fa7d5ace5d24fa2724a96d50f68d	7400004	Assets/Selected/Brutal_DoubleAxe_Anim/Animation/Humanoid/hit.FBX	hit_body_back	0.4000001	Human		Pending motion preview and BattleScene validation
6dc5fa7d5ace5d24fa2724a96d50f68d	7400006	Assets/Selected/Brutal_DoubleAxe_Anim/Animation/Humanoid/hit.FBX	hit_head_front	0.4000001	Human		Pending motion preview and BattleScene validation
6dc5fa7d5ace5d24fa2724a96d50f68d	7400008	Assets/Selected/Brutal_DoubleAxe_Anim/Animation/Humanoid/hit.FBX	hit_head_left	0.4000001	Human		Pending motion preview and BattleScene validation
6dc5fa7d5ace5d24fa2724a96d50f68d	7400010	Assets/Selected/Brutal_DoubleAxe_Anim/Animation/Humanoid/hit.FBX	hit_head_right	0.400000334	Human		Pending motion preview and BattleScene validation
6dc5fa7d5ace5d24fa2724a96d50f68d	7400012	Assets/Selected/Brutal_DoubleAxe_Anim/Animation/Humanoid/hit.FBX	hit_head_back	0.4000001	Human		Pending motion preview and BattleScene validation
6dc5fa7d5ace5d24fa2724a96d50f68d	7400014	Assets/Selected/Brutal_DoubleAxe_Anim/Animation/Humanoid/hit.FBX	hit_heavy_front	0.9000001	Human		Pending motion preview and BattleScene validation
6dc5fa7d5ace5d24fa2724a96d50f68d	7400016	Assets/Selected/Brutal_DoubleAxe_Anim/Animation/Humanoid/hit.FBX	hit_heavy_left	0.9000001	Human		Pending motion preview and BattleScene validation
6dc5fa7d5ace5d24fa2724a96d50f68d	7400018	Assets/Selected/Brutal_DoubleAxe_Anim/Animation/Humanoid/hit.FBX	hit_heavy_right	0.9000001	Human		Pending motion preview and BattleScene validation
6dc5fa7d5ace5d24fa2724a96d50f68d	7400020	Assets/Selected/Brutal_DoubleAxe_Anim/Animation/Humanoid/hit.FBX	hit_heavy_back	0.8000002	Human		Pending motion preview and BattleScene validation
6dc5fa7d5ace5d24fa2724a96d50f68d	7400022	Assets/Selected/Brutal_DoubleAxe_Anim/Animation/Humanoid/hit.FBX	hit_body_front	0.400000036	Human		Pending motion preview and BattleScene validation
0cca718699c525c46931cb25dfd1ee09	7400000	Assets/Selected/Brutal_DoubleAxe_Anim/Animation/Humanoid/idle_00.FBX	idle_00	1.66666675	Human		Pending motion preview and BattleScene validation
e731400f49935ba4db9e5483ba970a9b	7400000	Assets/Selected/Brutal_DoubleAxe_Anim/Animation/Humanoid/idle_01.FBX	idle_01	2	Human		Pending motion preview and BattleScene validation
c4fe166d761abcb48b182ade70f16a9a	7400000	Assets/Selected/Brutal_DoubleAxe_Anim/Animation/Humanoid/jump.FBX	jump	1.06666672	Human		Pending motion preview and BattleScene validation
c3e875003aad5794ab8f08f918693216	7400000	Assets/Selected/Brutal_DoubleAxe_Anim/Animation/Humanoid/move.FBX	step_front	0.433333337	Human		Pending motion preview and BattleScene validation
c3e875003aad5794ab8f08f918693216	7400002	Assets/Selected/Brutal_DoubleAxe_Anim/Animation/Humanoid/move.FBX	step_back	0.4333334	Human		Pending motion preview and BattleScene validation
c3e875003aad5794ab8f08f918693216	7400004	Assets/Selected/Brutal_DoubleAxe_Anim/Animation/Humanoid/move.FBX	run_strafe_front	0.666666746	Human		Pending motion preview and BattleScene validation
c3e875003aad5794ab8f08f918693216	7400006	Assets/Selected/Brutal_DoubleAxe_Anim/Animation/Humanoid/move.FBX	run_strafe_back	0.666666746	Human		Pending motion preview and BattleScene validation
c3e875003aad5794ab8f08f918693216	7400008	Assets/Selected/Brutal_DoubleAxe_Anim/Animation/Humanoid/move.FBX	run_strafe_right	0.666666746	Human		Pending motion preview and BattleScene validation
c3e875003aad5794ab8f08f918693216	7400010	Assets/Selected/Brutal_DoubleAxe_Anim/Animation/Humanoid/move.FBX	run_strafe_left	0.666666746	Human		Pending motion preview and BattleScene validation
c3e875003aad5794ab8f08f918693216	7400012	Assets/Selected/Brutal_DoubleAxe_Anim/Animation/Humanoid/move.FBX	run_strafe_frontR45	0.666667	Human		Pending motion preview and BattleScene validation
c3e875003aad5794ab8f08f918693216	7400014	Assets/Selected/Brutal_DoubleAxe_Anim/Animation/Humanoid/move.FBX	run_strafe_frontL45	0.666667	Human		Pending motion preview and BattleScene validation
c3e875003aad5794ab8f08f918693216	7400016	Assets/Selected/Brutal_DoubleAxe_Anim/Animation/Humanoid/move.FBX	run_strafe_backR45	0.666667	Human		Pending motion preview and BattleScene validation
c3e875003aad5794ab8f08f918693216	7400018	Assets/Selected/Brutal_DoubleAxe_Anim/Animation/Humanoid/move.FBX	run_strafe_backL45	0.666667	Human		Pending motion preview and BattleScene validation
c3e875003aad5794ab8f08f918693216	7400020	Assets/Selected/Brutal_DoubleAxe_Anim/Animation/Humanoid/move.FBX	walk_strafe_right	1.5333333	Human		Pending motion preview and BattleScene validation
c3e875003aad5794ab8f08f918693216	7400022	Assets/Selected/Brutal_DoubleAxe_Anim/Animation/Humanoid/move.FBX	walk_strafe_left	1.53333473	Human		Pending motion preview and BattleScene validation
c3e875003aad5794ab8f08f918693216	7400024	Assets/Selected/Brutal_DoubleAxe_Anim/Animation/Humanoid/move.FBX	walk_strafe_frontR45	1.53333473	Human		Pending motion preview and BattleScene validation
c3e875003aad5794ab8f08f918693216	7400026	Assets/Selected/Brutal_DoubleAxe_Anim/Animation/Humanoid/move.FBX	walk_strafe_frontL45	1.53333378	Human		Pending motion preview and BattleScene validation
c3e875003aad5794ab8f08f918693216	7400028	Assets/Selected/Brutal_DoubleAxe_Anim/Animation/Humanoid/move.FBX	walk_strafe_front	1.53333378	Human		Pending motion preview and BattleScene validation
c3e875003aad5794ab8f08f918693216	7400030	Assets/Selected/Brutal_DoubleAxe_Anim/Animation/Humanoid/move.FBX	walk_strafe_backR45	1.53333378	Human		Pending motion preview and BattleScene validation
c3e875003aad5794ab8f08f918693216	7400032	Assets/Selected/Brutal_DoubleAxe_Anim/Animation/Humanoid/move.FBX	walk_strafe_backL45	1.53333473	Human		Pending motion preview and BattleScene validation
c3e875003aad5794ab8f08f918693216	7400034	Assets/Selected/Brutal_DoubleAxe_Anim/Animation/Humanoid/move.FBX	walk_strafe_back	1.53333473	Human		Pending motion preview and BattleScene validation
c3e875003aad5794ab8f08f918693216	7400036	Assets/Selected/Brutal_DoubleAxe_Anim/Animation/Humanoid/move.FBX	run_front	0.7666667	Human		Pending motion preview and BattleScene validation
13e01436329f71b4ab3bc4b33fa13b24	7400000	Assets/Selected/Brutal_DoubleAxe_Anim/Animation/Humanoid/move_Inplace.FBX	step_front	0.433333337	Human		Pending motion preview and BattleScene validation
13e01436329f71b4ab3bc4b33fa13b24	7400002	Assets/Selected/Brutal_DoubleAxe_Anim/Animation/Humanoid/move_Inplace.FBX	step_back	0.4333334	Human		Pending motion preview and BattleScene validation
13e01436329f71b4ab3bc4b33fa13b24	7400004	Assets/Selected/Brutal_DoubleAxe_Anim/Animation/Humanoid/move_Inplace.FBX	run_strafe_front	0.666666746	Human		Pending motion preview and BattleScene validation
13e01436329f71b4ab3bc4b33fa13b24	7400006	Assets/Selected/Brutal_DoubleAxe_Anim/Animation/Humanoid/move_Inplace.FBX	run_strafe_back	0.666666746	Human		Pending motion preview and BattleScene validation
13e01436329f71b4ab3bc4b33fa13b24	7400008	Assets/Selected/Brutal_DoubleAxe_Anim/Animation/Humanoid/move_Inplace.FBX	run_strafe_right	0.666666746	Human		Pending motion preview and BattleScene validation
13e01436329f71b4ab3bc4b33fa13b24	7400010	Assets/Selected/Brutal_DoubleAxe_Anim/Animation/Humanoid/move_Inplace.FBX	run_strafe_left	0.666666746	Human		Pending motion preview and BattleScene validation
13e01436329f71b4ab3bc4b33fa13b24	7400012	Assets/Selected/Brutal_DoubleAxe_Anim/Animation/Humanoid/move_Inplace.FBX	run_strafe_frontR45	0.666667	Human		Pending motion preview and BattleScene validation
13e01436329f71b4ab3bc4b33fa13b24	7400014	Assets/Selected/Brutal_DoubleAxe_Anim/Animation/Humanoid/move_Inplace.FBX	run_strafe_frontL45	0.666667	Human		Pending motion preview and BattleScene validation
13e01436329f71b4ab3bc4b33fa13b24	7400016	Assets/Selected/Brutal_DoubleAxe_Anim/Animation/Humanoid/move_Inplace.FBX	run_strafe_backR45	0.666667	Human		Pending motion preview and BattleScene validation
13e01436329f71b4ab3bc4b33fa13b24	7400018	Assets/Selected/Brutal_DoubleAxe_Anim/Animation/Humanoid/move_Inplace.FBX	run_strafe_backL45	0.666667	Human		Pending motion preview and BattleScene validation
13e01436329f71b4ab3bc4b33fa13b24	7400020	Assets/Selected/Brutal_DoubleAxe_Anim/Animation/Humanoid/move_Inplace.FBX	walk_strafe_right	1.5333333	Human		Pending motion preview and BattleScene validation
13e01436329f71b4ab3bc4b33fa13b24	7400022	Assets/Selected/Brutal_DoubleAxe_Anim/Animation/Humanoid/move_Inplace.FBX	walk_strafe_left	1.53333473	Human		Pending motion preview and BattleScene validation
13e01436329f71b4ab3bc4b33fa13b24	7400024	Assets/Selected/Brutal_DoubleAxe_Anim/Animation/Humanoid/move_Inplace.FBX	walk_strafe_frontR45	1.53333473	Human		Pending motion preview and BattleScene validation
13e01436329f71b4ab3bc4b33fa13b24	7400026	Assets/Selected/Brutal_DoubleAxe_Anim/Animation/Humanoid/move_Inplace.FBX	walk_strafe_frontL45	1.53333378	Human		Pending motion preview and BattleScene validation
13e01436329f71b4ab3bc4b33fa13b24	7400028	Assets/Selected/Brutal_DoubleAxe_Anim/Animation/Humanoid/move_Inplace.FBX	walk_strafe_front	1.53333378	Human		Pending motion preview and BattleScene validation
13e01436329f71b4ab3bc4b33fa13b24	7400030	Assets/Selected/Brutal_DoubleAxe_Anim/Animation/Humanoid/move_Inplace.FBX	walk_strafe_backR45	1.53333378	Human		Pending motion preview and BattleScene validation
13e01436329f71b4ab3bc4b33fa13b24	7400032	Assets/Selected/Brutal_DoubleAxe_Anim/Animation/Humanoid/move_Inplace.FBX	walk_strafe_backL45	1.53333473	Human		Pending motion preview and BattleScene validation
13e01436329f71b4ab3bc4b33fa13b24	7400034	Assets/Selected/Brutal_DoubleAxe_Anim/Animation/Humanoid/move_Inplace.FBX	walk_strafe_back	1.53333473	Human		Pending motion preview and BattleScene validation
13e01436329f71b4ab3bc4b33fa13b24	7400036	Assets/Selected/Brutal_DoubleAxe_Anim/Animation/Humanoid/move_Inplace.FBX	run_front	0.7666667	Human		Pending motion preview and BattleScene validation
4315a4b6a30d2bf40a678506a2935087	7400000	Assets/Selected/Brutal_DoubleAxe_Anim/Animation/Humanoid/rise.FBX	rise_02	0.833333433	Human		Pending motion preview and BattleScene validation
4315a4b6a30d2bf40a678506a2935087	7400002	Assets/Selected/Brutal_DoubleAxe_Anim/Animation/Humanoid/rise.FBX	rise_03	0.9333335	Human		Pending motion preview and BattleScene validation
4315a4b6a30d2bf40a678506a2935087	7400004	Assets/Selected/Brutal_DoubleAxe_Anim/Animation/Humanoid/rise.FBX	rise_04	0.7333336	Human		Pending motion preview and BattleScene validation
4315a4b6a30d2bf40a678506a2935087	7400006	Assets/Selected/Brutal_DoubleAxe_Anim/Animation/Humanoid/rise.FBX	rise_down	0.8333335	Human		Pending motion preview and BattleScene validation
4315a4b6a30d2bf40a678506a2935087	7400008	Assets/Selected/Brutal_DoubleAxe_Anim/Animation/Humanoid/rise.FBX	rise_01	0.9333334	Human		Pending motion preview and BattleScene validation
6a10cfe2e0a3d004fa4994cccb55dbc6	7400000	Assets/Selected/Brutal_DoubleAxe_Anim/Animation/Humanoid/rise_Inplace.FBX	rise_Inplace_02	0.833333433	Human		Pending motion preview and BattleScene validation
6a10cfe2e0a3d004fa4994cccb55dbc6	7400002	Assets/Selected/Brutal_DoubleAxe_Anim/Animation/Humanoid/rise_Inplace.FBX	rise_Inplace_03	0.9333335	Human		Pending motion preview and BattleScene validation
6a10cfe2e0a3d004fa4994cccb55dbc6	7400004	Assets/Selected/Brutal_DoubleAxe_Anim/Animation/Humanoid/rise_Inplace.FBX	rise_Inplace_04	0.7333336	Human		Pending motion preview and BattleScene validation
6a10cfe2e0a3d004fa4994cccb55dbc6	7400006	Assets/Selected/Brutal_DoubleAxe_Anim/Animation/Humanoid/rise_Inplace.FBX	rise_Inplace_down	0.8333335	Human		Pending motion preview and BattleScene validation
6a10cfe2e0a3d004fa4994cccb55dbc6	7400008	Assets/Selected/Brutal_DoubleAxe_Anim/Animation/Humanoid/rise_Inplace.FBX	rise_Inplace_01	0.9333334	Human		Pending motion preview and BattleScene validation
b30d373d657c68842ac8079d2d3b5060	7400000	Assets/Selected/Brutal_DoubleAxe_Anim/Animation/Humanoid/roll_back.FBX	roll_back	0.6666667	Human		Pending motion preview and BattleScene validation
a03ebb533bbe73f4c894a7d24da9b080	7400000	Assets/Selected/Brutal_DoubleAxe_Anim/Animation/Humanoid/roll_back_Inplace.FBX	roll_back_Inplace	0.6666667	Human		Pending motion preview and BattleScene validation
e4f27e1189998a04d941b5610ce81986	7400000	Assets/Selected/Brutal_DoubleAxe_Anim/Animation/Humanoid/roll_front.FBX	roll_front	0.6666667	Human		Pending motion preview and BattleScene validation
fb1453d1a15bccd40bfa23ff02fb6340	7400000	Assets/Selected/Brutal_DoubleAxe_Anim/Animation/Humanoid/roll_front_Inplace.FBX	roll_front_Inplace	0.6666667	Human		Pending motion preview and BattleScene validation
97ca30e8769b9c64ab666ac80251d920	7400000	Assets/Selected/Brutal_DoubleAxe_Anim/Animation/Humanoid/roll_left.FBX	roll_left	0.6666667	Human		Pending motion preview and BattleScene validation
8283d0850e41886429bcfeeea2e5decc	7400000	Assets/Selected/Brutal_DoubleAxe_Anim/Animation/Humanoid/roll_left_Inplace.FBX	roll_left_Inplace	0.6666667	Human		Pending motion preview and BattleScene validation
bc1ef27a086985b43b4cfe6454caa2bf	7400000	Assets/Selected/Brutal_DoubleAxe_Anim/Animation/Humanoid/roll_right.FBX	roll_right	0.6666667	Human		Pending motion preview and BattleScene validation
dff97f72445ebc0438f22c5e74fa7ea0	7400000	Assets/Selected/Brutal_DoubleAxe_Anim/Animation/Humanoid/roll_right_Inplace.FBX	roll_right_Inplace	0.6666667	Human		Pending motion preview and BattleScene validation
6d1bb7b0e5c1d404ba0db6fa28406486	7400000	Assets/Selected/Brutal_DoubleAxe_Anim/Animation/Humanoid/stun.FBX	stun	2.53333354	Human		Pending motion preview and BattleScene validation
ecccc4cffaa22bf4ba6684563b51363b	7400000	Assets/Selected/Brutal_DoubleAxe_Anim/Animation/Humanoid/throw.FBX	throw	0.733333349	Human		Pending motion preview and BattleScene validation
2e5ad88a0ad2ed449b2888054fcabd85	7400000	Assets/Selected/Brutal_DoubleAxe_Anim/Animation/Humanoid/throw_Inplace.FBX	throw_Inplace	0.733333349	Human		Pending motion preview and BattleScene validation
02eb782a37154744e8769bc321f240f5	7400000	Assets/Selected/Brutal_DoubleAxe_Anim/Animation/Humanoid/turn.FBX	turn_90R	1.33333337	Human		Pending motion preview and BattleScene validation
02eb782a37154744e8769bc321f240f5	7400002	Assets/Selected/Brutal_DoubleAxe_Anim/Animation/Humanoid/turn.FBX	turn_90L	1.33333337	Human		Pending motion preview and BattleScene validation
6d81c77d9df9e804e9752a9bbb8fb84a	7400000	Assets/Selected/Brutal_DoubleAxe_Anim/Animation/Humanoid/unequip.FBX	unequip	1.06666672	Human		Pending motion preview and BattleScene validation
e8ae4abc3c90e5746a04613f7900b59b	7400000	Assets/Selected/Brutal_DoubleAxe_Anim/Animation/Humanoid/walk_FrontL.FBX	walk_FrontL	1.2	Human		Pending motion preview and BattleScene validation
d1ffee402a51839449bbd41754e080c7	7400000	Assets/Selected/Brutal_DoubleAxe_Anim/Animation/Humanoid/walk_FrontL_Inplace.FBX	walk_FrontL_Inplace	1.2	Human		Pending motion preview and BattleScene validation
bc63f87cd3520d947a304aa7507a192e	7400000	Assets/Selected/Brutal_DoubleAxe_Anim/Animation/Humanoid/walk_FrontR.FBX	walk_FrontR	1.2	Human		Pending motion preview and BattleScene validation
020a940b7f4e5b84dacc956f430288b1	7400000	Assets/Selected/Brutal_DoubleAxe_Anim/Animation/Humanoid/walk_FrontR_Inplace.FBX	walk_FrontR_Inplace	1.2	Human		Pending motion preview and BattleScene validation
063a768de1a749d4d961de07fd05ded3	7400000	Assets/Selected/Brutal_DoubleAxe_Anim/Animation/Humanoid/walk_back.FBX	walk_back	1.2	Human		Pending motion preview and BattleScene validation
f0668e8cf371968459eedf3a30cf155b	7400000	Assets/Selected/Brutal_DoubleAxe_Anim/Animation/Humanoid/walk_backL.FBX	walk_backL	1.2	Human		Pending motion preview and BattleScene validation
3130e9f7cc50cb34fb79003f03b244e2	7400000	Assets/Selected/Brutal_DoubleAxe_Anim/Animation/Humanoid/walk_backL_Inplace.FBX	walk_backL_Inplace	1.2	Human		Pending motion preview and BattleScene validation
9d3569ed6d8be2f4d96d6228847fc2ef	7400000	Assets/Selected/Brutal_DoubleAxe_Anim/Animation/Humanoid/walk_backR.FBX	walk_backR	1.2	Human		Pending motion preview and BattleScene validation
71af72e370655fd45b8835e4b75c77e9	7400000	Assets/Selected/Brutal_DoubleAxe_Anim/Animation/Humanoid/walk_backR_Inplace.FBX	walk_backR_Inplace	1.2	Human		Pending motion preview and BattleScene validation
9131e53cebaff1e41a1ba91bd30828b1	7400000	Assets/Selected/Brutal_DoubleAxe_Anim/Animation/Humanoid/walk_back_Inplace.FBX	walk_back_Inplace	1.2	Human		Pending motion preview and BattleScene validation
40b81317906b54c4788d6458da1bde58	7400000	Assets/Selected/Brutal_DoubleAxe_Anim/Animation/Humanoid/walk_front.FBX	walk_front	1.2	Human		Pending motion preview and BattleScene validation
bd405a3159d776042a92ab1f19f678ff	7400000	Assets/Selected/Brutal_DoubleAxe_Anim/Animation/Humanoid/walk_front_Inplace.FBX	walk_front_Inplace	1.2	Human		Pending motion preview and BattleScene validation
ccad2900b8bbf4b498a2a3940198fc70	7400000	Assets/Selected/Brutal_DoubleAxe_Anim/Animation/Humanoid/walk_left.FBX	walk_left	1.2	Human		Pending motion preview and BattleScene validation
c3259aabf515f4f409920352d0c23e1b	7400000	Assets/Selected/Brutal_DoubleAxe_Anim/Animation/Humanoid/walk_left_Inplace.FBX	walk_left_Inplace	1.2	Human		Pending motion preview and BattleScene validation
ec2feb47244e31148bd4ac6b945695c6	7400000	Assets/Selected/Brutal_DoubleAxe_Anim/Animation/Humanoid/walk_right.FBX	walk_right	1.2	Human		Pending motion preview and BattleScene validation
910d5407a53934047b666d0d7a0b9c21	7400000	Assets/Selected/Brutal_DoubleAxe_Anim/Animation/Humanoid/walk_right_Inplace.FBX	walk_right_Inplace	1.2	Human		Pending motion preview and BattleScene validation
932279eb1c22db24385eb04c03856eb1	7400000	Assets/Selected/FightingAnimsetPro/Animations/KB_Hits.fbx	BindPose	0.0166666675	Human		Pending motion preview and BattleScene validation
932279eb1c22db24385eb04c03856eb1	7400002	Assets/Selected/FightingAnimsetPro/Animations/KB_Hits.fbx	tpose	0.0166666675	Human		Pending motion preview and BattleScene validation
932279eb1c22db24385eb04c03856eb1	7400004	Assets/Selected/FightingAnimsetPro/Animations/KB_Hits.fbx	KB_Hit_p_HighFront_Weak	0.8333334	Human		Pending motion preview and BattleScene validation
932279eb1c22db24385eb04c03856eb1	7400006	Assets/Selected/FightingAnimsetPro/Animations/KB_Hits.fbx	KB_Hit_p_HighRight_Weak	0.8333334	Human		Pending motion preview and BattleScene validation
932279eb1c22db24385eb04c03856eb1	7400008	Assets/Selected/FightingAnimsetPro/Animations/KB_Hits.fbx	KB_Hit_p_HighLeft_Weak	0.8333334	Human		Pending motion preview and BattleScene validation
932279eb1c22db24385eb04c03856eb1	7400010	Assets/Selected/FightingAnimsetPro/Animations/KB_Hits.fbx	KB_Hit_p_HighUpper_Weak	1.2	Human		Pending motion preview and BattleScene validation
932279eb1c22db24385eb04c03856eb1	7400012	Assets/Selected/FightingAnimsetPro/Animations/KB_Hits.fbx	KB_Hit_m_HighFront_Weak	1	Human		Pending motion preview and BattleScene validation
932279eb1c22db24385eb04c03856eb1	7400014	Assets/Selected/FightingAnimsetPro/Animations/KB_Hits.fbx	KB_Hit_m_HighRight_Weak	1.03333342	Human		Pending motion preview and BattleScene validation
932279eb1c22db24385eb04c03856eb1	7400016	Assets/Selected/FightingAnimsetPro/Animations/KB_Hits.fbx	KB_Hit_m_HighLeft_Weak	1	Human		Pending motion preview and BattleScene validation
932279eb1c22db24385eb04c03856eb1	7400018	Assets/Selected/FightingAnimsetPro/Animations/KB_Hits.fbx	KB_Hit_p_MidFront_Weak	0.8333334	Human		Pending motion preview and BattleScene validation
932279eb1c22db24385eb04c03856eb1	7400020	Assets/Selected/FightingAnimsetPro/Animations/KB_Hits.fbx	KB_Hit_p_MidLeft_Weak	1	Human		Pending motion preview and BattleScene validation
932279eb1c22db24385eb04c03856eb1	7400022	Assets/Selected/FightingAnimsetPro/Animations/KB_Hits.fbx	KB_Hit_p_MidRight_Weak	0.933333457	Human		Pending motion preview and BattleScene validation
932279eb1c22db24385eb04c03856eb1	7400024	Assets/Selected/FightingAnimsetPro/Animations/KB_Hits.fbx	KB_Hit_m_MidFront_Weak	1.16666675	Human		Pending motion preview and BattleScene validation
932279eb1c22db24385eb04c03856eb1	7400026	Assets/Selected/FightingAnimsetPro/Animations/KB_Hits.fbx	KB_Hit_m_MidLeft_Weak	1.16666675	Human		Pending motion preview and BattleScene validation
932279eb1c22db24385eb04c03856eb1	7400028	Assets/Selected/FightingAnimsetPro/Animations/KB_Hits.fbx	KB_Hit_m_MidRight_Weak	1.16666675	Human		Pending motion preview and BattleScene validation
932279eb1c22db24385eb04c03856eb1	7400030	Assets/Selected/FightingAnimsetPro/Animations/KB_Hits.fbx	KB_Hit_p_LowLeft_Weak	1	Human		Pending motion preview and BattleScene validation
932279eb1c22db24385eb04c03856eb1	7400032	Assets/Selected/FightingAnimsetPro/Animations/KB_Hits.fbx	KB_Hit_p_LowRight_Weak	1	Human		Pending motion preview and BattleScene validation
932279eb1c22db24385eb04c03856eb1	7400034	Assets/Selected/FightingAnimsetPro/Animations/KB_Hits.fbx	KB_Hit_m_LowLeft_Weak	1	Human		Pending motion preview and BattleScene validation
932279eb1c22db24385eb04c03856eb1	7400036	Assets/Selected/FightingAnimsetPro/Animations/KB_Hits.fbx	KB_Hit_m_LowRight_Weak	1	Human		Pending motion preview and BattleScene validation
932279eb1c22db24385eb04c03856eb1	7400038	Assets/Selected/FightingAnimsetPro/Animations/KB_Hits.fbx	KB_Hit_m_HighFront_Med	1.50000012	Human		Pending motion preview and BattleScene validation
932279eb1c22db24385eb04c03856eb1	7400040	Assets/Selected/FightingAnimsetPro/Animations/KB_Hits.fbx	KB_Hit_m_HighRight_Med	1.51666677	Human		Pending motion preview and BattleScene validation
932279eb1c22db24385eb04c03856eb1	7400042	Assets/Selected/FightingAnimsetPro/Animations/KB_Hits.fbx	KB_Hit_m_HighLeft_Med	1.50000012	Human		Pending motion preview and BattleScene validation
932279eb1c22db24385eb04c03856eb1	7400044	Assets/Selected/FightingAnimsetPro/Animations/KB_Hits.fbx	KB_Hit_m_MidFront_Med	1.50000012	Human		Pending motion preview and BattleScene validation
932279eb1c22db24385eb04c03856eb1	7400046	Assets/Selected/FightingAnimsetPro/Animations/KB_Hits.fbx	KB_Hit_m_MidLeft_Med	1.50000012	Human		Pending motion preview and BattleScene validation
932279eb1c22db24385eb04c03856eb1	7400048	Assets/Selected/FightingAnimsetPro/Animations/KB_Hits.fbx	KB_Hit_m_MidRight_Med	1.50000012	Human		Pending motion preview and BattleScene validation
932279eb1c22db24385eb04c03856eb1	7400050	Assets/Selected/FightingAnimsetPro/Animations/KB_Hits.fbx	KB_Hit_m_LowLeft_Med	1.50000012	Human		Pending motion preview and BattleScene validation
932279eb1c22db24385eb04c03856eb1	7400052	Assets/Selected/FightingAnimsetPro/Animations/KB_Hits.fbx	KB_Hit_m_LowRight_Med	1.50000012	Human		Pending motion preview and BattleScene validation
932279eb1c22db24385eb04c03856eb1	7400054	Assets/Selected/FightingAnimsetPro/Animations/KB_Hits.fbx	KB_Hit_m_MidTop_Med	1.50000012	Human		Pending motion preview and BattleScene validation
932279eb1c22db24385eb04c03856eb1	7400056	Assets/Selected/FightingAnimsetPro/Animations/KB_Hits.fbx	KB_Hit_m_HighBack_Weak	1.16666675	Human		Pending motion preview and BattleScene validation
932279eb1c22db24385eb04c03856eb1	7400058	Assets/Selected/FightingAnimsetPro/Animations/KB_Hits.fbx	KB_Hit_m_MidBack_Med	1.50000012	Human		Pending motion preview and BattleScene validation
932279eb1c22db24385eb04c03856eb1	7400060	Assets/Selected/FightingAnimsetPro/Animations/KB_Hits.fbx	KB_Hit_m_HighBack_Stagger	2	Human		Pending motion preview and BattleScene validation
932279eb1c22db24385eb04c03856eb1	7400062	Assets/Selected/FightingAnimsetPro/Animations/KB_Hits.fbx	KB_Hit_m_HighFront_Stagger	2.66666675	Human		Pending motion preview and BattleScene validation
932279eb1c22db24385eb04c03856eb1	7400064	Assets/Selected/FightingAnimsetPro/Animations/KB_Hits.fbx	KB_Hit_m_MidFront_Stagger	2.66666675	Human		Pending motion preview and BattleScene validation
932279eb1c22db24385eb04c03856eb1	7400066	Assets/Selected/FightingAnimsetPro/Animations/KB_Hits.fbx	KB_Hit_m_MidLeft_Stagger	2.66666675	Human		Pending motion preview and BattleScene validation
932279eb1c22db24385eb04c03856eb1	7400068	Assets/Selected/FightingAnimsetPro/Animations/KB_Hits.fbx	KB_Hit_m_MidRight_Stagger	2.66666675	Human		Pending motion preview and BattleScene validation
932279eb1c22db24385eb04c03856eb1	7400070	Assets/Selected/FightingAnimsetPro/Animations/KB_Hits.fbx	KB_HitOnGroundBack	0.916666865	Human		Pending motion preview and BattleScene validation
932279eb1c22db24385eb04c03856eb1	7400072	Assets/Selected/FightingAnimsetPro/Animations/KB_Hits.fbx	KB_HitOnGroundFront	0.8000001	Human		Pending motion preview and BattleScene validation
ec11ddf4c9321c24c9509644025391dc	7400000	Assets/Selected/FightingAnimsetPro/Animations/KB_Kicks.fbx	BindPose	0.0166666675	Human		Pending motion preview and BattleScene validation
ec11ddf4c9321c24c9509644025391dc	7400002	Assets/Selected/FightingAnimsetPro/Animations/KB_Kicks.fbx	tpose	0.0166666675	Human		Pending motion preview and BattleScene validation
ec11ddf4c9321c24c9509644025391dc	7400004	Assets/Selected/FightingAnimsetPro/Animations/KB_Kicks.fbx	KB_m_MidKickStraight_R	1.58333337	Human		Pending motion preview and BattleScene validation
ec11ddf4c9321c24c9509644025391dc	7400006	Assets/Selected/FightingAnimsetPro/Animations/KB_Kicks.fbx	KB_m_KickUppercut_R	1.63333344	Human		Pending motion preview and BattleScene validation
ec11ddf4c9321c24c9509644025391dc	7400008	Assets/Selected/FightingAnimsetPro/Animations/KB_Kicks.fbx	KB_p_MidKickStraight_R	1.50000012	Human		Pending motion preview and BattleScene validation
ec11ddf4c9321c24c9509644025391dc	7400010	Assets/Selected/FightingAnimsetPro/Animations/KB_Kicks.fbx	KB_p_MidKickFront_R	1.41666675	Human		Pending motion preview and BattleScene validation
ec11ddf4c9321c24c9509644025391dc	7400012	Assets/Selected/FightingAnimsetPro/Animations/KB_Kicks.fbx	KB_p_MidKickFront_L	1.26666677	Human		Pending motion preview and BattleScene validation
ec11ddf4c9321c24c9509644025391dc	7400014	Assets/Selected/FightingAnimsetPro/Animations/KB_Kicks.fbx	KB_p_HighKickStraight_R	1.4000001	Human		Pending motion preview and BattleScene validation
ec11ddf4c9321c24c9509644025391dc	7400016	Assets/Selected/FightingAnimsetPro/Animations/KB_Kicks.fbx	KB_m_HighKickRound_R_1	2.1833334	Human		Pending motion preview and BattleScene validation
ec11ddf4c9321c24c9509644025391dc	7400018	Assets/Selected/FightingAnimsetPro/Animations/KB_Kicks.fbx	KB_p_LowKick_R_1	1.60000014	Human		Pending motion preview and BattleScene validation
ec11ddf4c9321c24c9509644025391dc	7400020	Assets/Selected/FightingAnimsetPro/Animations/KB_Kicks.fbx	KB_p_LowKick_R_2	1.30000007	Human		Pending motion preview and BattleScene validation
ec11ddf4c9321c24c9509644025391dc	7400022	Assets/Selected/FightingAnimsetPro/Animations/KB_Kicks.fbx	KB_p_MidKick_R_1	1.50000012	Human		Pending motion preview and BattleScene validation
ec11ddf4c9321c24c9509644025391dc	7400024	Assets/Selected/FightingAnimsetPro/Animations/KB_Kicks.fbx	KB_p_LowKick_L_1	1.2166667	Human		Pending motion preview and BattleScene validation
ec11ddf4c9321c24c9509644025391dc	7400026	Assets/Selected/FightingAnimsetPro/Animations/KB_Kicks.fbx	KB_p_MidKick_L_1	2.28333354	Human		Pending motion preview and BattleScene validation
ec11ddf4c9321c24c9509644025391dc	7400028	Assets/Selected/FightingAnimsetPro/Animations/KB_Kicks.fbx	KB_p_HighKick_R_1	1.56666672	Human		Pending motion preview and BattleScene validation
ec11ddf4c9321c24c9509644025391dc	7400030	Assets/Selected/FightingAnimsetPro/Animations/KB_Kicks.fbx	KB_m_MidKickRoud_R_1	1.80000007	Human		Pending motion preview and BattleScene validation
ec11ddf4c9321c24c9509644025391dc	7400032	Assets/Selected/FightingAnimsetPro/Animations/KB_Kicks.fbx	KB_m_HighKickRound_L_1	2.36666679	Human		Pending motion preview and BattleScene validation
ec11ddf4c9321c24c9509644025391dc	7400034	Assets/Selected/FightingAnimsetPro/Animations/KB_Kicks.fbx	KB_m_MidKickRoud_L_1	2.41666675	Human		Pending motion preview and BattleScene validation
ec11ddf4c9321c24c9509644025391dc	7400036	Assets/Selected/FightingAnimsetPro/Animations/KB_Kicks.fbx	KB_m_RoundhouseKickRight	1.60000014	Human		Pending motion preview and BattleScene validation
ec11ddf4c9321c24c9509644025391dc	7400038	Assets/Selected/FightingAnimsetPro/Animations/KB_Kicks.fbx	KB_m_KneeLeft	1.63333344	Human		Pending motion preview and BattleScene validation
ec11ddf4c9321c24c9509644025391dc	7400040	Assets/Selected/FightingAnimsetPro/Animations/KB_Kicks.fbx	KB_m_SideKickLeft	1.56666672	Human		Pending motion preview and BattleScene validation
ec11ddf4c9321c24c9509644025391dc	7400042	Assets/Selected/FightingAnimsetPro/Animations/KB_Kicks.fbx	KB_m_HighKick_R	1.4666667	Human		Pending motion preview and BattleScene validation
ec11ddf4c9321c24c9509644025391dc	7400044	Assets/Selected/FightingAnimsetPro/Animations/KB_Kicks.fbx	KB_m_MidKick_L	2.28333354	Human		Pending motion preview and BattleScene validation
ec11ddf4c9321c24c9509644025391dc	7400046	Assets/Selected/FightingAnimsetPro/Animations/KB_Kicks.fbx	KB_m_MidKick_R	1.50000012	Human		Pending motion preview and BattleScene validation
ec11ddf4c9321c24c9509644025391dc	7400048	Assets/Selected/FightingAnimsetPro/Animations/KB_Kicks.fbx	KB_m_LowKickRound_R	2.35000014	Human		Pending motion preview and BattleScene validation
ec11ddf4c9321c24c9509644025391dc	7400050	Assets/Selected/FightingAnimsetPro/Animations/KB_Kicks.fbx	KB_m_KneeRight	1.6500001	Human		Pending motion preview and BattleScene validation
ec11ddf4c9321c24c9509644025391dc	7400052	Assets/Selected/FightingAnimsetPro/Animations/KB_Kicks.fbx	KB_m_LowKickL_Special	2.266667	Human		Pending motion preview and BattleScene validation
ec11ddf4c9321c24c9509644025391dc	7400054	Assets/Selected/FightingAnimsetPro/Animations/KB_Kicks.fbx	KB_m_HighKick_R_2	1.88333344	Human		Pending motion preview and BattleScene validation
ec11ddf4c9321c24c9509644025391dc	7400056	Assets/Selected/FightingAnimsetPro/Animations/KB_Kicks.fbx	KB_m_MidKick_R_2	2.41666675	Human		Pending motion preview and BattleScene validation
ec11ddf4c9321c24c9509644025391dc	7400058	Assets/Selected/FightingAnimsetPro/Animations/KB_Kicks.fbx	KB_m_MidRabbitKick_R	1.53333342	Human		Pending motion preview and BattleScene validation
ec11ddf4c9321c24c9509644025391dc	7400060	Assets/Selected/FightingAnimsetPro/Animations/KB_Kicks.fbx	KB_m_MidRabbitKick_R_combo	1.58333337	Human		Pending motion preview and BattleScene validation
ec11ddf4c9321c24c9509644025391dc	7400062	Assets/Selected/FightingAnimsetPro/Animations/KB_Kicks.fbx	KB_m_MidKick_L_2	1.4333334	Human		Pending motion preview and BattleScene validation
ec11ddf4c9321c24c9509644025391dc	7400064	Assets/Selected/FightingAnimsetPro/Animations/KB_Kicks.fbx	KB_m_MidKick_LL_2_combo	1.83333337	Human		Pending motion preview and BattleScene validation
ec11ddf4c9321c24c9509644025391dc	7400066	Assets/Selected/FightingAnimsetPro/Animations/KB_Kicks.fbx	KB_m_Jab_RLhookRMidKick_combo	1.56666672	Human		Pending motion preview and BattleScene validation
ec11ddf4c9321c24c9509644025391dc	7400068	Assets/Selected/FightingAnimsetPro/Animations/KB_Kicks.fbx	KB_MidKickStraightLong	2.08333349	Human		Pending motion preview and BattleScene validation
ec11ddf4c9321c24c9509644025391dc	7400070	Assets/Selected/FightingAnimsetPro/Animations/KB_Kicks.fbx	KB_m_MidKickBack_R	1.41666675	Human		Pending motion preview and BattleScene validation
ec11ddf4c9321c24c9509644025391dc	7400072	Assets/Selected/FightingAnimsetPro/Animations/KB_Kicks.fbx	KB_m_MidKickBack_L	1.7	Human		Pending motion preview and BattleScene validation
ec11ddf4c9321c24c9509644025391dc	7400074	Assets/Selected/FightingAnimsetPro/Animations/KB_Kicks.fbx	KB_m_BackKick_R	1.55000007	Human		Pending motion preview and BattleScene validation
ec11ddf4c9321c24c9509644025391dc	7400076	Assets/Selected/FightingAnimsetPro/Animations/KB_Kicks.fbx	KB_AxeKick	2	Human		Pending motion preview and BattleScene validation
7934f1476fe2c6e458c230f491769c34	7400000	Assets/Selected/FightingAnimsetPro/Animations/KB_Punches.fbx	BindPose	0.0166666675	Human		Pending motion preview and BattleScene validation
7934f1476fe2c6e458c230f491769c34	7400002	Assets/Selected/FightingAnimsetPro/Animations/KB_Punches.fbx	tpose	0.0166666675	Human		Pending motion preview and BattleScene validation
7934f1476fe2c6e458c230f491769c34	7400004	Assets/Selected/FightingAnimsetPro/Animations/KB_Punches.fbx	KB_p_Jab_L_1	0.950000048	Human		Pending motion preview and BattleScene validation
7934f1476fe2c6e458c230f491769c34	7400006	Assets/Selected/FightingAnimsetPro/Animations/KB_Punches.fbx	KB_p_Jab_R_1	0.7666667	Human		Pending motion preview and BattleScene validation
7934f1476fe2c6e458c230f491769c34	7400008	Assets/Selected/FightingAnimsetPro/Animations/KB_Punches.fbx	KB_p_OneTwo	0.85	Human		Pending motion preview and BattleScene validation
7934f1476fe2c6e458c230f491769c34	7400010	Assets/Selected/FightingAnimsetPro/Animations/KB_Punches.fbx	KB_p_OneTwoThree	1.13333344	Human		Pending motion preview and BattleScene validation
7934f1476fe2c6e458c230f491769c34	7400012	Assets/Selected/FightingAnimsetPro/Animations/KB_Punches.fbx	KB_p_DoubleJab	1.1500001	Human		Pending motion preview and BattleScene validation
7934f1476fe2c6e458c230f491769c34	7400014	Assets/Selected/FightingAnimsetPro/Animations/KB_Punches.fbx	KB_p_Hook_R	1.01666677	Human		Pending motion preview and BattleScene validation
7934f1476fe2c6e458c230f491769c34	7400016	Assets/Selected/FightingAnimsetPro/Animations/KB_Punches.fbx	KB_p_Hook_L	1	Human		Pending motion preview and BattleScene validation
7934f1476fe2c6e458c230f491769c34	7400018	Assets/Selected/FightingAnimsetPro/Animations/KB_Punches.fbx	KB_p_DoubleHooks	1.26666677	Human		Pending motion preview and BattleScene validation
7934f1476fe2c6e458c230f491769c34	7400020	Assets/Selected/FightingAnimsetPro/Animations/KB_Punches.fbx	KB_p_RabbitPunch_Loop	1	Human		Pending motion preview and BattleScene validation
7934f1476fe2c6e458c230f491769c34	7400022	Assets/Selected/FightingAnimsetPro/Animations/KB_Punches.fbx	KB_p_RabbitPunch_End	0.900000036	Human		Pending motion preview and BattleScene validation
7934f1476fe2c6e458c230f491769c34	7400024	Assets/Selected/FightingAnimsetPro/Animations/KB_Punches.fbx	KB_p_Uppercut_L	0.9666667	Human		Pending motion preview and BattleScene validation
7934f1476fe2c6e458c230f491769c34	7400026	Assets/Selected/FightingAnimsetPro/Animations/KB_Punches.fbx	KB_p_Uppercut_R	1.1	Human		Pending motion preview and BattleScene validation
7934f1476fe2c6e458c230f491769c34	7400028	Assets/Selected/FightingAnimsetPro/Animations/KB_Punches.fbx	KB_m_Overhand_R	1.60000014	Human		Pending motion preview and BattleScene validation
7934f1476fe2c6e458c230f491769c34	7400030	Assets/Selected/FightingAnimsetPro/Animations/KB_Punches.fbx	KB_m_Overhand_L	1.01666677	Human		Pending motion preview and BattleScene validation
7934f1476fe2c6e458c230f491769c34	7400032	Assets/Selected/FightingAnimsetPro/Animations/KB_Punches.fbx	KB_m_Jab_L	0.900000036	Human		Pending motion preview and BattleScene validation
7934f1476fe2c6e458c230f491769c34	7400034	Assets/Selected/FightingAnimsetPro/Animations/KB_Punches.fbx	KB_m_Jab_R	0.9333334	Human		Pending motion preview and BattleScene validation
7934f1476fe2c6e458c230f491769c34	7400036	Assets/Selected/FightingAnimsetPro/Animations/KB_Punches.fbx	KB_m_OneTwo	1.13333344	Human		Pending motion preview and BattleScene validation
7934f1476fe2c6e458c230f491769c34	7400038	Assets/Selected/FightingAnimsetPro/Animations/KB_Punches.fbx	KB_m_Hook_L	1.26666677	Human		Pending motion preview and BattleScene validation
7934f1476fe2c6e458c230f491769c34	7400040	Assets/Selected/FightingAnimsetPro/Animations/KB_Punches.fbx	KB_m_Hook_R	1.03333342	Human		Pending motion preview and BattleScene validation
7934f1476fe2c6e458c230f491769c34	7400042	Assets/Selected/FightingAnimsetPro/Animations/KB_Punches.fbx	KB_m_Uppercut_L	1.16666675	Human		Pending motion preview and BattleScene validation
7934f1476fe2c6e458c230f491769c34	7400044	Assets/Selected/FightingAnimsetPro/Animations/KB_Punches.fbx	KB_m_Uppercut_R	1.2	Human		Pending motion preview and BattleScene validation
7934f1476fe2c6e458c230f491769c34	7400046	Assets/Selected/FightingAnimsetPro/Animations/KB_Punches.fbx	KB_m_Backswing_R	1.33333337	Human		Pending motion preview and BattleScene validation
7934f1476fe2c6e458c230f491769c34	7400048	Assets/Selected/FightingAnimsetPro/Animations/KB_Punches.fbx	KB_m_Backswing_L	1.85000014	Human		Pending motion preview and BattleScene validation
7934f1476fe2c6e458c230f491769c34	7400050	Assets/Selected/FightingAnimsetPro/Animations/KB_Punches.fbx	KB_m_Backelbow_R	1.16666675	Human		Pending motion preview and BattleScene validation
7934f1476fe2c6e458c230f491769c34	7400052	Assets/Selected/FightingAnimsetPro/Animations/KB_Punches.fbx	KB_m_Backelbow_L	1.53333342	Human		Pending motion preview and BattleScene validation
7934f1476fe2c6e458c230f491769c34	7400054	Assets/Selected/FightingAnimsetPro/Animations/KB_Punches.fbx	KB_m_Backelbow_Uppercut_R	1.41666675	Human		Pending motion preview and BattleScene validation
7934f1476fe2c6e458c230f491769c34	7400056	Assets/Selected/FightingAnimsetPro/Animations/KB_Punches.fbx	KB_p_Elbow_R	0.950000048	Human		Pending motion preview and BattleScene validation
7934f1476fe2c6e458c230f491769c34	7400058	Assets/Selected/FightingAnimsetPro/Animations/KB_Punches.fbx	KB_p_Elbow_L	0.9166667	Human		Pending motion preview and BattleScene validation
7934f1476fe2c6e458c230f491769c34	7400060	Assets/Selected/FightingAnimsetPro/Animations/KB_Punches.fbx	KB_p_Elbow_Top_L	1.35	Human		Pending motion preview and BattleScene validation
7934f1476fe2c6e458c230f491769c34	7400062	Assets/Selected/FightingAnimsetPro/Animations/KB_Punches.fbx	KB_p_Elbow_Top_R	1.35	Human		Pending motion preview and BattleScene validation
7934f1476fe2c6e458c230f491769c34	7400064	Assets/Selected/FightingAnimsetPro/Animations/KB_Punches.fbx	KB_p_MidJab_L	0.9166667	Human		Pending motion preview and BattleScene validation
7934f1476fe2c6e458c230f491769c34	7400066	Assets/Selected/FightingAnimsetPro/Animations/KB_Punches.fbx	KB_p_MidJab_R	0.8833334	Human		Pending motion preview and BattleScene validation
7934f1476fe2c6e458c230f491769c34	7400068	Assets/Selected/FightingAnimsetPro/Animations/KB_Punches.fbx	KB_p_MidUppercut_R	1.11666667	Human		Pending motion preview and BattleScene validation
7934f1476fe2c6e458c230f491769c34	7400070	Assets/Selected/FightingAnimsetPro/Animations/KB_Punches.fbx	KB_p_MidUppercut_L	1.1500001	Human		Pending motion preview and BattleScene validation
7934f1476fe2c6e458c230f491769c34	7400072	Assets/Selected/FightingAnimsetPro/Animations/KB_Punches.fbx	KB_p_MidHook_R	1.4000001	Human		Pending motion preview and BattleScene validation
7934f1476fe2c6e458c230f491769c34	7400074	Assets/Selected/FightingAnimsetPro/Animations/KB_Punches.fbx	KB_p_MidHook_L	1.2	Human		Pending motion preview and BattleScene validation
7934f1476fe2c6e458c230f491769c34	7400076	Assets/Selected/FightingAnimsetPro/Animations/KB_Punches.fbx	KB_p_Jab_LR_combo	0.700000048	Human		Pending motion preview and BattleScene validation
7934f1476fe2c6e458c230f491769c34	7400078	Assets/Selected/FightingAnimsetPro/Animations/KB_Punches.fbx	KB_p_Jab_LRL_combo	0.8000001	Human		Pending motion preview and BattleScene validation
7934f1476fe2c6e458c230f491769c34	7400080	Assets/Selected/FightingAnimsetPro/Animations/KB_Punches.fbx	KB_p_Jab_LL_combo	0.9833334	Human		Pending motion preview and BattleScene validation
7934f1476fe2c6e458c230f491769c34	7400082	Assets/Selected/FightingAnimsetPro/Animations/KB_Punches.fbx	KB_m_Hook_LR_combo	1.03333342	Human		Pending motion preview and BattleScene validation
7934f1476fe2c6e458c230f491769c34	7400084	Assets/Selected/FightingAnimsetPro/Animations/KB_Punches.fbx	KB_m_Jab_LR_combo	0.76666677	Human		Pending motion preview and BattleScene validation
7934f1476fe2c6e458c230f491769c34	7400086	Assets/Selected/FightingAnimsetPro/Animations/KB_Punches.fbx	KB_m_ElbowRound_R	1.81666672	Human		Pending motion preview and BattleScene validation
7934f1476fe2c6e458c230f491769c34	7400088	Assets/Selected/FightingAnimsetPro/Animations/KB_Punches.fbx	KB_m_ElbowRound_L	1.76666677	Human		Pending motion preview and BattleScene validation
7934f1476fe2c6e458c230f491769c34	7400090	Assets/Selected/FightingAnimsetPro/Animations/KB_Punches.fbx	KB_m_BackfistRound_R	1.45	Human		Pending motion preview and BattleScene validation
7934f1476fe2c6e458c230f491769c34	7400092	Assets/Selected/FightingAnimsetPro/Animations/KB_Punches.fbx	KB_m_BackfistRound_L	2.1833334	Human		Pending motion preview and BattleScene validation
7934f1476fe2c6e458c230f491769c34	7400094	Assets/Selected/FightingAnimsetPro/Animations/KB_Punches.fbx	KB_m_BackfistRoundFar_R	2.23333335	Human		Pending motion preview and BattleScene validation
7934f1476fe2c6e458c230f491769c34	7400096	Assets/Selected/FightingAnimsetPro/Animations/KB_Punches.fbx	KB_m_ElbowRound_L2	1.76666677	Human		Pending motion preview and BattleScene validation
7934f1476fe2c6e458c230f491769c34	7400098	Assets/Selected/FightingAnimsetPro/Animations/KB_Punches.fbx	KB_m_BackfistRound_L2	2.45	Human		Pending motion preview and BattleScene validation
7934f1476fe2c6e458c230f491769c34	7400100	Assets/Selected/FightingAnimsetPro/Animations/KB_Punches.fbx	KB_m_Jab_RLhook_combo	1.41666675	Human		Pending motion preview and BattleScene validation
0650c1aa78a175348929f66c5076a6fa	1827226128182048838	Assets/Selected/Frank_Damages/Asset/Animations/Damages_Critical_Set/Frank_Damage@Damage_Critical_Warrior_Hit.FBX	Damage_Critical_Warrior_Hit	5.833334	Human		Pending motion preview and BattleScene validation
23f690a146a2b8e418e1ab3e0aea5064	1827226128182048838	Assets/Selected/Frank_Damages/Asset/Meshes/Frank_Damage@Damage_Critical_2Handed.FBX	Damage_Critical_2Handed	5.83334351	Human		Pending motion preview and BattleScene validation
2c73e3dd92553e942b71dcb39237c52c	1827226128182048838	Assets/Selected/Frank_Damages/Asset/Meshes/Frank_Damage@Damage_Critical_Assassin.FBX	Damage_Critical_Assassin	5.83334351	Human		Pending motion preview and BattleScene validation
3f4878697c191ea46886ad1a0c45435e	1827226128182048838	Assets/Selected/Frank_Damages/Asset/Meshes/Frank_Damage@Damage_Critical_Dual.FBX	Damage_Critical_Dual	7.33334351	Human		Pending motion preview and BattleScene validation
60816012dd2c96449be704f9ba3e7bdc	1827226128182048838	Assets/Selected/Frank_Damages/Asset/Meshes/Frank_Damage@Damage_Critical_GreatSword.FBX	Damage_Critical_GreatSword	6	Human		Pending motion preview and BattleScene validation
7e2666062ee2d55429beea6899bf89dc	1827226128182048838	Assets/Selected/Frank_Damages/Asset/Meshes/Frank_Damage@Damage_Critical_Katana.FBX	Damage_Critical_Katana	6	Human		Pending motion preview and BattleScene validation
378caf935aaa27a48a2ce063a9b9f60c	1827226128182048838	Assets/Selected/Frank_Damages/Asset/Meshes/Frank_Damage@Damage_Critical_Spear.FBX	Damage_Critical_Spear	6.83334351	Human		Pending motion preview and BattleScene validation
d8dd30cce5c56764b847fc7ea75a2ff3	1827226128182048838	Assets/Selected/Frank_Damages/Asset/Meshes/Frank_Damage@Damage_Critical_Warrior.FBX	Damage_Critical_Warrior	5.83334351	Human		Pending motion preview and BattleScene validation
3e685dd57e9c78b49b20bef3e8358ae3	7400002	Assets/Selected/Mugen Tenshin Studio/Samurai Executions/Mesh/PlayerA/PlayerA_Execution_Anims.FBX	Execution1_PlayerA	2.86666679	Human		Pending motion preview and BattleScene validation
3e685dd57e9c78b49b20bef3e8358ae3	7400000	Assets/Selected/Mugen Tenshin Studio/Samurai Executions/Mesh/PlayerA/PlayerA_Execution_Anims.FBX	Tpose	0.0333333351	Human		Pending motion preview and BattleScene validation
3e685dd57e9c78b49b20bef3e8358ae3	7400004	Assets/Selected/Mugen Tenshin Studio/Samurai Executions/Mesh/PlayerA/PlayerA_Execution_Anims.FBX	Execution2_PlayerA	3.56666684	Human		Pending motion preview and BattleScene validation
3e685dd57e9c78b49b20bef3e8358ae3	7400006	Assets/Selected/Mugen Tenshin Studio/Samurai Executions/Mesh/PlayerA/PlayerA_Execution_Anims.FBX	Execution3_PlayerA	3.66666675	Human		Pending motion preview and BattleScene validation
3e685dd57e9c78b49b20bef3e8358ae3	7400008	Assets/Selected/Mugen Tenshin Studio/Samurai Executions/Mesh/PlayerA/PlayerA_Execution_Anims.FBX	Execution4_PlayerA	3.30000019	Human		Pending motion preview and BattleScene validation
3e685dd57e9c78b49b20bef3e8358ae3	7400010	Assets/Selected/Mugen Tenshin Studio/Samurai Executions/Mesh/PlayerA/PlayerA_Execution_Anims.FBX	Execution5_PlayerA	5.00000048	Human		Pending motion preview and BattleScene validation
3e685dd57e9c78b49b20bef3e8358ae3	7400012	Assets/Selected/Mugen Tenshin Studio/Samurai Executions/Mesh/PlayerA/PlayerA_Execution_Anims.FBX	Execution6_PlayerA	2.7	Human		Pending motion preview and BattleScene validation
3e685dd57e9c78b49b20bef3e8358ae3	7400014	Assets/Selected/Mugen Tenshin Studio/Samurai Executions/Mesh/PlayerA/PlayerA_Execution_Anims.FBX	Execution7_PlayerA	2	Human		Pending motion preview and BattleScene validation
3e685dd57e9c78b49b20bef3e8358ae3	7400016	Assets/Selected/Mugen Tenshin Studio/Samurai Executions/Mesh/PlayerA/PlayerA_Execution_Anims.FBX	Execution8_PlayerA	2.33333349	Human		Pending motion preview and BattleScene validation
3e685dd57e9c78b49b20bef3e8358ae3	7400018	Assets/Selected/Mugen Tenshin Studio/Samurai Executions/Mesh/PlayerA/PlayerA_Execution_Anims.FBX	Execution9_PlayerA	2.766667	Human		Pending motion preview and BattleScene validation
3e685dd57e9c78b49b20bef3e8358ae3	7400020	Assets/Selected/Mugen Tenshin Studio/Samurai Executions/Mesh/PlayerA/PlayerA_Execution_Anims.FBX	Execution10_PlayerA	2.56666684	Human		Pending motion preview and BattleScene validation
b01b411d366a5a344bddf3428a7bc8f7	7400002	Assets/Selected/Mugen Tenshin Studio/Samurai Executions/Mesh/PlayerB/PlayerB_Execution_Anims.FBX	Execution1_PlayerB	3.16666675	Human		Pending motion preview and BattleScene validation
b01b411d366a5a344bddf3428a7bc8f7	7400000	Assets/Selected/Mugen Tenshin Studio/Samurai Executions/Mesh/PlayerB/PlayerB_Execution_Anims.FBX	Tpose	0.0333333351	Human		Pending motion preview and BattleScene validation
b01b411d366a5a344bddf3428a7bc8f7	7400004	Assets/Selected/Mugen Tenshin Studio/Samurai Executions/Mesh/PlayerB/PlayerB_Execution_Anims.FBX	Execution2_PlayerB	3.56666684	Human		Pending motion preview and BattleScene validation
b01b411d366a5a344bddf3428a7bc8f7	7400006	Assets/Selected/Mugen Tenshin Studio/Samurai Executions/Mesh/PlayerB/PlayerB_Execution_Anims.FBX	Execution3_PlayerB	3.66666675	Human		Pending motion preview and BattleScene validation
b01b411d366a5a344bddf3428a7bc8f7	7400008	Assets/Selected/Mugen Tenshin Studio/Samurai Executions/Mesh/PlayerB/PlayerB_Execution_Anims.FBX	Execution4_PlayerB	4.5	Human		Pending motion preview and BattleScene validation
b01b411d366a5a344bddf3428a7bc8f7	7400010	Assets/Selected/Mugen Tenshin Studio/Samurai Executions/Mesh/PlayerB/PlayerB_Execution_Anims.FBX	Execution5_PlayerB	5.33333349	Human		Pending motion preview and BattleScene validation
b01b411d366a5a344bddf3428a7bc8f7	7400012	Assets/Selected/Mugen Tenshin Studio/Samurai Executions/Mesh/PlayerB/PlayerB_Execution_Anims.FBX	Execution6_PlayerB	2.7	Human		Pending motion preview and BattleScene validation
b01b411d366a5a344bddf3428a7bc8f7	7400014	Assets/Selected/Mugen Tenshin Studio/Samurai Executions/Mesh/PlayerB/PlayerB_Execution_Anims.FBX	Execution7_PlayerB	3.33333349	Human		Pending motion preview and BattleScene validation
b01b411d366a5a344bddf3428a7bc8f7	7400016	Assets/Selected/Mugen Tenshin Studio/Samurai Executions/Mesh/PlayerB/PlayerB_Execution_Anims.FBX	Execution8_PlayerB	2.50000024	Human		Pending motion preview and BattleScene validation
b01b411d366a5a344bddf3428a7bc8f7	7400018	Assets/Selected/Mugen Tenshin Studio/Samurai Executions/Mesh/PlayerB/PlayerB_Execution_Anims.FBX	Execution9_PlayerB	3.60000014	Human		Pending motion preview and BattleScene validation
b01b411d366a5a344bddf3428a7bc8f7	7400020	Assets/Selected/Mugen Tenshin Studio/Samurai Executions/Mesh/PlayerB/PlayerB_Execution_Anims.FBX	Execution10_PlayerB	2.66666675	Human		Pending motion preview and BattleScene validation
ce79751190938474b9b0ab533fc8b8d8	7400000	Assets/Selected/Rough Pack Demo/Female_Standing_RoughDoggy_Loop0.anim	Female_Standing_RoughDoggy_Loop0	0.5	Project animation		Pending motion preview and BattleScene validation
61a55e836defe8649901c860f089b07b	7400000	Assets/Selected/Rough Pack Demo/Male_Standing_RoughDoggy_Loop0.anim	Male_Standing_RoughDoggy_Loop0	0.5	Project animation		Pending motion preview and BattleScene validation
98722fdde98b7b245a9c0df7f1a1143f	8993902097722301239	Assets/Selected/SlapFace/MCU_af_StandConv_SlapFace_01_AGive_BReceive_PairB.FBX	MCU_af_StandConv_SlapFace_01_AGive_BReceive_PairB	10.2000008	Human		Pending motion preview and BattleScene validation
e8b01f6f8c4cfec4181a03b568ed143e	8993902097722301239	Assets/Selected/SlapFace/MCU_af_StandConv_SlapFace_02_AReceive_BGive_PairB.FBX	MCU_af_StandConv_SlapFace_02_AReceive_BGive_PairB	7.36666727	Human		Pending motion preview and BattleScene validation
881fa13cf2c568b4e86a1623d57f01a9	8993902097722301239	Assets/Selected/SlapFace/MCU_am_StandConv_SlapFace_01_AGive_BReceive_PairA.FBX	MCU_am_StandConv_SlapFace_01_AGive_BReceive_PairA	10.2000008	Human		Pending motion preview and BattleScene validation
67e760d2924bb9246a4ac9fe9ca09e78	8993902097722301239	Assets/Selected/SlapFace/MCU_am_StandConv_SlapFace_02_AReceive_BGive_PairA.FBX	MCU_am_StandConv_SlapFace_02_AReceive_BGive_PairA	7.36666727	Human		Pending motion preview and BattleScene validation
