case,scenario,action,avatar,direction,play,result,contacts,recoveryFrames,snapMeters,seconds
1,Normal,SlapFace_Sequence1,MankeyAvatar,1,1,PASS,1,66,0.000000,11.550
2,Normal,SlapFace_Sequence1,PepeAvatar,1,1,PASS,1,78,0.000000,11.570
3,Normal,SlapFace_Sequence1,MankeyAvatar,-1,1,PASS,1,79,0.000000,11.562
4,Normal,SlapFace_Sequence1,PepeAvatar,-1,1,PASS,1,79,0.000001,11.562
5,Normal,SlapFace_Sequence2,MankeyAvatar,1,1,PASS,1,75,0.000000,8.733
6,Normal,SlapFace_Sequence2,PepeAvatar,1,1,PASS,1,80,0.000000,8.729
7,Normal,SlapFace_Sequence2,MankeyAvatar,-1,1,PASS,1,73,0.000000,8.730
8,Normal,SlapFace_Sequence2,PepeAvatar,-1,1,PASS,1,78,0.000000,8.733
9,Interrupt,SlapFace_Sequence1,MankeyAvatar,1,1,PASS,1,0,0.000000,12.151
10,Interrupt,SlapFace_Sequence1,PepeAvatar,1,1,PASS,1,0,0.000000,12.143
11,Interrupt,SlapFace_Sequence1,MankeyAvatar,-1,1,PASS,1,0,0.000000,12.154
12,Interrupt,SlapFace_Sequence1,PepeAvatar,-1,1,PASS,1,0,0.000000,12.143
13,Interrupt,SlapFace_Sequence2,MankeyAvatar,1,1,PASS,1,0,0.000000,8.851
14,Interrupt,SlapFace_Sequence2,PepeAvatar,1,1,PASS,1,0,0.000000,8.825
15,Interrupt,SlapFace_Sequence2,MankeyAvatar,-1,1,PASS,1,0,0.000000,8.856
16,Interrupt,SlapFace_Sequence2,PepeAvatar,-1,1,PASS,1,0,0.000000,8.825
17,Reset,SlapFace_Sequence1,MankeyAvatar,1,1,PASS,1,1,0.000000,21.165
18,Reset,SlapFace_Sequence1,PepeAvatar,1,1,PASS,1,1,0.000000,21.162
19,Reset,SlapFace_Sequence1,MankeyAvatar,-1,1,PASS,1,1,0.000000,21.160
20,Reset,SlapFace_Sequence1,PepeAvatar,-1,1,PASS,1,1,0.000001,21.161
21,Reset,SlapFace_Sequence2,MankeyAvatar,1,1,PASS,1,1,0.000000,15.492
22,Reset,SlapFace_Sequence2,PepeAvatar,1,1,PASS,1,1,0.000000,15.494
23,Reset,SlapFace_Sequence2,MankeyAvatar,-1,1,PASS,1,1,0.000000,15.496
24,Reset,SlapFace_Sequence2,PepeAvatar,-1,1,PASS,1,1,0.000000,15.494
25,Disable,SlapFace_Sequence1,MankeyAvatar,1,1,PASS,1,1,0.000000,20.806
26,Disable,SlapFace_Sequence1,PepeAvatar,1,1,PASS,1,1,0.000000,20.806
27,Disable,SlapFace_Sequence1,MankeyAvatar,-1,1,PASS,1,1,0.000000,20.808
28,Disable,SlapFace_Sequence1,PepeAvatar,-1,1,PASS,1,1,0.000001,20.809
29,Disable,SlapFace_Sequence2,MankeyAvatar,1,1,PASS,1,1,0.000000,15.140
30,Disable,SlapFace_Sequence2,PepeAvatar,1,1,PASS,1,1,0.000000,15.142
31,Disable,SlapFace_Sequence2,MankeyAvatar,-1,1,PASS,1,1,0.000000,15.143
32,Disable,SlapFace_Sequence2,PepeAvatar,-1,1,PASS,1,1,0.000000,15.140
33,Pause,SlapFace_Sequence1,MankeyAvatar,1,1,PASS,1,142,0.000000,11.816
34,Pause,SlapFace_Sequence1,PepeAvatar,1,1,PASS,1,144,0.000000,11.814
35,Pause,SlapFace_Sequence1,MankeyAvatar,-1,1,PASS,1,146,0.000000,11.815
36,Pause,SlapFace_Sequence1,PepeAvatar,-1,1,PASS,1,142,0.000001,11.815
37,Pause,SlapFace_Sequence2,MankeyAvatar,1,1,PASS,1,123,0.000000,8.981
38,Pause,SlapFace_Sequence2,PepeAvatar,1,1,PASS,1,142,0.000000,8.984
39,Pause,SlapFace_Sequence2,MankeyAvatar,-1,1,PASS,1,144,0.000000,8.984
40,Pause,SlapFace_Sequence2,PepeAvatar,-1,1,PASS,1,137,0.000000,8.982
41,Repeated,SlapFace_Sequence1,MankeyAvatar,1,1,PASS,1,76,0.000000,11.564
41,Repeated,SlapFace_Sequence1,MankeyAvatar,1,2,PASS,1,71,0.000000,11.569
42,Repeated,SlapFace_Sequence1,PepeAvatar,1,1,PASS,1,78,0.000000,11.562
42,Repeated,SlapFace_Sequence1,PepeAvatar,1,2,PASS,1,78,0.000000,11.561
43,Repeated,SlapFace_Sequence1,MankeyAvatar,-1,1,PASS,1,79,0.000000,11.565
43,Repeated,SlapFace_Sequence1,MankeyAvatar,-1,2,PASS,1,73,0.000000,11.564
44,Repeated,SlapFace_Sequence1,PepeAvatar,-1,1,PASS,1,79,0.000001,11.566
44,Repeated,SlapFace_Sequence1,PepeAvatar,-1,2,PASS,1,71,0.000001,11.561
45,Repeated,SlapFace_Sequence2,MankeyAvatar,1,1,PASS,1,64,0.000000,8.726
45,Repeated,SlapFace_Sequence2,MankeyAvatar,1,2,PASS,1,76,0.000000,8.726
46,Repeated,SlapFace_Sequence2,PepeAvatar,1,1,PASS,1,72,0.000000,8.731
46,Repeated,SlapFace_Sequence2,PepeAvatar,1,2,PASS,1,80,0.000000,8.733
47,Repeated,SlapFace_Sequence2,MankeyAvatar,-1,1,PASS,1,77,0.000000,8.724
47,Repeated,SlapFace_Sequence2,MankeyAvatar,-1,2,PASS,1,76,0.000000,8.732
48,Repeated,SlapFace_Sequence2,PepeAvatar,-1,1,PASS,1,78,0.000000,8.732
48,Repeated,SlapFace_Sequence2,PepeAvatar,-1,2,PASS,1,71,0.000000,8.723
49,RangeGuard,SlapFace_Sequence1,MankeyAvatar,1,1,PASS,0,0,0.000000,0.656
50,RangeGuard,SlapFace_Sequence1,PepeAvatar,1,1,PASS,0,0,0.000000,0.663
51,RangeGuard,SlapFace_Sequence1,MankeyAvatar,-1,1,PASS,0,0,0.000000,0.657
52,RangeGuard,SlapFace_Sequence1,PepeAvatar,-1,1,PASS,0,0,0.000000,0.656
53,RangeGuard,SlapFace_Sequence2,MankeyAvatar,1,1,PASS,0,0,0.000000,0.656
54,RangeGuard,SlapFace_Sequence2,PepeAvatar,1,1,PASS,0,0,0.000000,0.657
55,RangeGuard,SlapFace_Sequence2,MankeyAvatar,-1,1,PASS,0,0,0.000000,0.656
56,RangeGuard,SlapFace_Sequence2,PepeAvatar,-1,1,PASS,0,0,0.000000,0.655
