fighter,move,lethal,step,group,cueSeconds,poseSeconds,errorSeconds
Mankey,Light_1,False,0.173,light_swing,0.48,0.519,0.0390000045
Mankey,Light_1,False,0.173,light_swing,1.05,1.211,0.161000013
Mankey,Light_1,False,0.173,body_fall,1.27,1.27,0
Mankey,Light_1,False,0.173,comic_fall,1.29,1.384,0.09399998
Mankey,Light_3,False,0.173,light_swing,0.53,0.692,0.162
Mankey,Light_3,False,0.173,heavy_hit,1.3,1.3,0
Mankey,Light_3,False,0.173,heavy_weight,1.3,1.3,0
Mankey,Light_3,False,0.173,light_swing,1.53,1.55699992,0.02699995
Mankey,Light_3,False,0.173,body_fall,1.77,1.77,0
Mankey,Light_3,False,0.173,comic_fall,1.79,1.90299988,0.112999916
Mankey,Vol10_CmnAtemi,False,0.173,light_swing,0.4,0.5,0.099999994
Mankey,Vol10_CmnAtemi,False,0.173,light_hit,0.5,0.5,0
Mankey,Vol10_CmnAtemi,False,0.173,body_fall,1.2,1.2,0
Mankey,Vol10_CmnAtemi2,False,0.173,light_swing,0.416666657,0.516666651,0.099999994
Mankey,Vol10_CmnAtemi2,False,0.173,light_hit,0.516666651,0.516666651,0
Mankey,Vol10_CmnAtemi3,False,0.173,light_swing,0.3,0.346,0.045999974
Mankey,Vol10_CmnAtemi3,False,0.173,light_hit,0.4,0.4,0
Mankey,Light_JPBOM,False,0.173,light_swing,0.4,0.519,0.118999988
Mankey,Light_JPBOM,False,0.173,light_swing,0.96,1.038,0.07800001
Mankey,Light_JPBOM,False,0.173,body_fall,1.096667,1.096667,0
Mankey,Light_SIHO,False,0.173,light_swing,0.18,0.346,0.165999979
Mankey,Light_SIHO,False,0.173,light_swing,0.47,0.519,0.048999995
Mankey,Light_SIHO,False,0.173,body_fall,0.8825,0.8825,0
Mankey,Light_GSWING,False,0.173,light_swing,0.24,0.346,0.105999991
Mankey,Light_GSWING,False,0.173,body_fall,0.350833,0.350833,0
Mankey,Light_GSWING,False,0.173,light_swing,0.69,0.692,0.00199997425
Mankey,Light_GSWING,False,0.173,light_swing,0.89,1.038,0.148
Mankey,Light_GSWING,False,0.173,light_swing,1.07,1.211,0.140999913
Mankey,Light_GSWING,False,0.173,light_swing,1.34,1.384,0.04399991
Mankey,Light_GSWING,False,0.173,body_fall,1.58,1.58,0
Mankey,SlapFace_Sequence1,False,0.173,light_swing,1.3,1.384,0.08399999
Mankey,SlapFace_Sequence1,False,0.173,light_hit,1.4,1.4,0
Mankey,SlapFace_Sequence2,False,0.173,light_swing,0.8333333,0.86499995,0.0316666365
Mankey,SlapFace_Sequence2,False,0.173,light_hit,0.933333337,0.933333337,0
Mankey,Heavy_5,False,0.173,heavy_blade_swing,1.334583,1.384,0.0494169
Mankey,Heavy_5,False,0.173,shield_bash_hit,1.464583,1.464583,0
Mankey,Heavy_5,False,0.173,heavy_weight,1.464583,1.464583,0
Mankey,Heavy_5,False,0.173,steel_swing,2.033333,2.076,0.0426669121
Mankey,Heavy_5,False,0.173,steel_light_hit,2.263333,2.263333,0
Mankey,Heavy_5,False,0.173,blade_body,2.263333,2.263333,0
Mankey,Heavy_5,False,0.173,steel_swing,2.53,2.59500027,0.0650002956
Mankey,Heavy_5,False,0.173,steel_light_hit,2.605,2.605,0
Mankey,Heavy_5,False,0.173,blade_body,2.605,2.605,0
Mankey,Heavy_5,False,0.173,steel_swing,2.895,2.94100046,0.04600048
Mankey,Heavy_5,False,0.173,katana_heavy_hit,3.125,3.125,0
Mankey,Heavy_5,False,0.173,heavy_weight,3.125,3.125,0
Mankey,Heavy_5,False,0.173,steel_swing,3.4225,3.46000075,0.03750086
Mankey,Heavy_5,False,0.173,steel_light_hit,3.6525,3.6525,0
Mankey,Heavy_5,False,0.173,blade_body,3.6525,3.6525,0
Mankey,Heavy_5,False,0.173,steel_swing,3.984583,4.152001,0.167418
Mankey,Heavy_5,False,0.173,katana_heavy_hit,4.214583,4.214583,0
Mankey,Heavy_5,False,0.173,heavy_weight,4.214583,4.214583,0
Mankey,Heavy_5,False,0.173,steel_swing,4.716667,4.791667,0.07499981
Mankey,Heavy_5,False,0.173,katana_heavy_hit,4.791667,4.791667,0
Mankey,Heavy_5,False,0.173,heavy_weight,4.791667,4.791667,0
Mankey,Heavy_5,False,0.173,body_fall,4.97,4.97,0
Mankey,Heavy_6,False,0.173,heavy_blade_swing,1.244167,1.384,0.139832973
Mankey,Heavy_6,False,0.173,steel_heavy_hit,1.434167,1.434167,0
Mankey,Heavy_6,False,0.173,heavy_weight,1.434167,1.434167,0
Mankey,Heavy_6,False,0.173,heavy_blade_swing,2.0425,2.076,0.0334999561
Mankey,Heavy_6,False,0.173,steel_heavy_hit,2.2325,2.2325,0
Mankey,Heavy_6,False,0.173,heavy_weight,2.2325,2.2325,0
Mankey,Heavy_6,False,0.173,heavy_blade_swing,2.64375,2.76800036,0.124250412
Mankey,Heavy_6,False,0.173,steel_heavy_hit,2.83375,2.83375,0
Mankey,Heavy_6,False,0.173,heavy_weight,2.83375,2.83375,0
Mankey,Heavy_6,False,0.173,heavy_blade_swing,4.130417,4.152001,0.021584034
Mankey,Heavy_6,False,0.173,steel_heavy_hit,4.320417,4.320417,0
Mankey,Heavy_6,False,0.173,heavy_weight,4.320417,4.320417,0
Mankey,Heavy_6,False,0.173,body_fall,5.07,5.07,0
Mankey,Heavy_7,False,0.173,spear_swing,1.086667,1.191667,0.105000019
Mankey,Heavy_7,False,0.173,blade_stab_hit,1.191667,1.191667,0
Mankey,Heavy_7,False,0.173,blade_body,1.191667,1.191667,0
Mankey,Heavy_7,False,0.173,spear_swing,2.064583,2.076,0.0114169121
Mankey,Heavy_7,False,0.173,steel_light_hit,2.139583,2.139583,0
Mankey,Heavy_7,False,0.173,blade_body,2.139583,2.139583,0
Mankey,Heavy_7,False,0.173,spear_swing,2.3425,2.4175,0.07500005
Mankey,Heavy_7,False,0.173,steel_light_hit,2.4175,2.4175,0
Mankey,Heavy_7,False,0.173,blade_body,2.4175,2.4175,0
Mankey,Heavy_7,False,0.173,spear_swing,2.51,2.59500027,0.08500028
Mankey,Heavy_7,False,0.173,steel_light_hit,2.74,2.74,0
Mankey,Heavy_7,False,0.173,blade_body,2.74,2.74,0
Mankey,Heavy_7,False,0.173,spear_swing,3.085833,3.11400056,0.0281674862
Mankey,Heavy_7,False,0.173,steel_light_hit,3.315833,3.315833,0
Mankey,Heavy_7,False,0.173,blade_body,3.315833,3.315833,0
Mankey,Heavy_7,False,0.173,spear_swing,3.56791687,3.63300085,0.06508398
Mankey,Heavy_7,False,0.173,katana_heavy_hit,3.697917,3.697917,0
Mankey,Heavy_7,False,0.173,heavy_weight,3.697917,3.697917,0
Mankey,Heavy_7,False,0.173,spear_swing,4.587083,4.67100048,0.08391762
Mankey,Heavy_7,False,0.173,blade_stab_hit,4.692083,4.692083,0
Mankey,Heavy_7,False,0.173,blade_body,4.692083,4.692083,0
Mankey,Heavy_7,False,0.173,spear_swing,5.4125,5.536,0.12349987
Mankey,Heavy_7,False,0.173,katana_heavy_hit,5.5425,5.5425,0
Mankey,Heavy_7,False,0.173,heavy_weight,5.5425,5.5425,0
Mankey,Heavy_7,False,0.173,body_fall,6.03,6.03,0
Mankey,Heavy_2,False,0.173,axe_swing,1.276667,1.384,0.107332945
Mankey,Heavy_2,False,0.173,steel_heavy_hit,1.466667,1.466667,0
Mankey,Heavy_2,False,0.173,heavy_weight,1.466667,1.466667,0
Mankey,Heavy_2,False,0.173,light_swing,2.17,2.249,0.0789999962
Mankey,Heavy_2,False,0.173,heavy_hit,2.3,2.3,0
Mankey,Heavy_2,False,0.173,heavy_weight,2.3,2.3,0
Mankey,Heavy_2,False,0.173,body_fall,2.83,2.83,0
Mankey,Heavy_2,False,0.173,axe_swing,3.282917,3.28700066,0.00408363342
Mankey,Heavy_2,False,0.173,steel_heavy_hit,3.472917,3.472917,0
Mankey,Heavy_2,False,0.173,heavy_weight,3.472917,3.472917,0
Mankey,Heavy_2,False,0.173,axe_swing,4.04124975,4.152001,0.110751152
Mankey,Heavy_2,False,0.173,steel_heavy_hit,4.23125,4.23125,0
Mankey,Heavy_2,False,0.173,heavy_weight,4.23125,4.23125,0
Mankey,Heavy_2,False,0.173,body_fall,4.53,4.53,0
Mankey,Heavy_8,False,0.173,ice_dagger_swing,0.97333,1.038,0.06466997
Mankey,Heavy_8,False,0.173,magic_swipe,0.97333,1.038,0.06466997
Mankey,Heavy_8,False,0.173,ice_dagger_swing,0.99167,1.038,0.0463299751
Mankey,Heavy_8,False,0.173,magic_swipe,0.99167,1.038,0.0463299751
Mankey,Heavy_8,False,0.173,dagger_hit,1.07,1.07,0
Mankey,Heavy_8,False,0.173,blade_body,1.07,1.07,0
Mankey,Heavy_8,False,0.173,dagger_hit,1.355,1.355,0
Mankey,Heavy_8,False,0.173,blade_body,1.355,1.355,0
Mankey,Heavy_8,False,0.173,ice_dagger_swing,1.63208294,1.7299999,0.09791696
Mankey,Heavy_8,False,0.173,magic_swipe,1.63208294,1.7299999,0.09791696
Mankey,Heavy_8,False,0.173,dagger_hit,1.862083,1.862083,0
Mankey,Heavy_8,False,0.173,blade_body,1.862083,1.862083,0
Mankey,Heavy_8,False,0.173,ice_dagger_swing,2.217917,2.249,0.031083107
Mankey,Heavy_8,False,0.173,magic_swipe,2.217917,2.249,0.031083107
Mankey,Heavy_8,False,0.173,dagger_hit,2.292917,2.292917,0
Mankey,Heavy_8,False,0.173,blade_body,2.292917,2.292917,0
Mankey,Heavy_8,False,0.173,ice_dagger_swing,2.534167,2.59500027,0.0608332157
Mankey,Heavy_8,False,0.173,magic_swipe,2.534167,2.59500027,0.0608332157
Mankey,Heavy_8,False,0.173,blade_stab_hit,2.639167,2.639167,0
Mankey,Heavy_8,False,0.173,blade_body,2.639167,2.639167,0
Mankey,Heavy_8,False,0.173,ice_dagger_swing,2.919167,2.94100046,0.02183342
Mankey,Heavy_8,False,0.173,magic_swipe,2.919167,2.94100046,0.02183342
Mankey,Heavy_8,False,0.173,dagger_hit,3.149167,3.149167,0
Mankey,Heavy_8,False,0.173,blade_body,3.149167,3.149167,0
Mankey,Heavy_8,False,0.173,ice_dagger_swing,3.43375,3.46000075,0.02625084
Mankey,Heavy_8,False,0.173,magic_swipe,3.43375,3.46000075,0.02625084
Mankey,Heavy_8,False,0.173,blade_stab_hit,3.53875,3.53875,0
Mankey,Heavy_8,False,0.173,blade_body,3.53875,3.53875,0
Mankey,Heavy_8,False,0.173,ice_dagger_swing,3.719167,3.806001,0.0868339539
Mankey,Heavy_8,False,0.173,magic_swipe,3.719167,3.806001,0.0868339539
Mankey,Heavy_8,False,0.173,dagger_hit,3.849167,3.849167,0
Mankey,Heavy_8,False,0.173,blade_body,3.849167,3.849167,0
Mankey,Heavy_8,False,0.173,body_fall,4.13,4.13,0
Mankey,Heavy_8,False,0.173,ice_dagger_swing,4.97250032,5.017,0.0444998741
Mankey,Heavy_8,False,0.173,magic_swipe,4.97250032,5.017,0.0444998741
Mankey,Heavy_8,False,0.173,dagger_hit,5.0475,5.0475,0
Mankey,Heavy_8,False,0.173,blade_body,5.0475,5.0475,0
Mankey,Heavy_8,False,0.173,body_fall,5.43,5.43,0
Mankey,Heavy_Katana,False,0.173,steel_swing,1.22,1.384,0.163999915
Mankey,Heavy_Katana,False,0.173,katana_heavy_hit,1.45,1.45,0
Mankey,Heavy_Katana,False,0.173,heavy_weight,1.45,1.45,0
Mankey,Heavy_Katana,False,0.173,steel_swing,2.027083,2.076,0.0489170551
Mankey,Heavy_Katana,False,0.173,katana_heavy_hit,2.257083,2.257083,0
Mankey,Heavy_Katana,False,0.173,heavy_weight,2.257083,2.257083,0
Mankey,Heavy_Katana,False,0.173,body_fall,4.07,4.07,0
Mankey,Heavy_Assassin,False,0.173,ice_dagger_swing,0.633749962,0.692,0.05825001
Mankey,Heavy_Assassin,False,0.173,magic_swipe,0.633749962,0.692,0.05825001
Mankey,Heavy_Assassin,False,0.173,dagger_hit,0.86375,0.86375,0
Mankey,Heavy_Assassin,False,0.173,blade_body,0.86375,0.86375,0
Mankey,Heavy_Assassin,False,0.173,ice_dagger_swing,1.215,1.32,0.105000019
Mankey,Heavy_Assassin,False,0.173,magic_swipe,1.215,1.32,0.105000019
Mankey,Heavy_Assassin,False,0.173,dagger_hit,1.32,1.32,0
Mankey,Heavy_Assassin,False,0.173,blade_body,1.32,1.32,0
Mankey,Heavy_Assassin,False,0.173,ice_dagger_swing,1.63375,1.70875,0.07500005
Mankey,Heavy_Assassin,False,0.173,magic_swipe,1.63375,1.70875,0.07500005
Mankey,Heavy_Assassin,False,0.173,dagger_hit,1.70875,1.70875,0
Mankey,Heavy_Assassin,False,0.173,blade_body,1.70875,1.70875,0
Mankey,Heavy_Assassin,False,0.173,ice_dagger_swing,1.776667,1.851667,0.07500005
Mankey,Heavy_Assassin,False,0.173,magic_swipe,1.776667,1.851667,0.07500005
Mankey,Heavy_Assassin,False,0.173,blade_stab_hit,1.851667,1.851667,0
Mankey,Heavy_Assassin,False,0.173,blade_body,1.851667,1.851667,0
Mankey,Heavy_Assassin,False,0.173,ice_dagger_swing,1.959583,2.034583,0.07500005
Mankey,Heavy_Assassin,False,0.173,magic_swipe,1.959583,2.034583,0.07500005
Mankey,Heavy_Assassin,False,0.173,dagger_hit,2.034583,2.034583,0
Mankey,Heavy_Assassin,False,0.173,blade_body,2.034583,2.034583,0
Mankey,Heavy_Assassin,False,0.173,ice_dagger_swing,2.307083,2.382083,0.07500005
Mankey,Heavy_Assassin,False,0.173,magic_swipe,2.307083,2.382083,0.07500005
Mankey,Heavy_Assassin,False,0.173,dagger_hit,2.382083,2.382083,0
Mankey,Heavy_Assassin,False,0.173,blade_body,2.382083,2.382083,0
Mankey,Heavy_Assassin,False,0.173,ice_dagger_swing,2.445,2.52,0.07500005
Mankey,Heavy_Assassin,False,0.173,magic_swipe,2.445,2.52,0.07500005
Mankey,Heavy_Assassin,False,0.173,blade_stab_hit,2.52,2.52,0
Mankey,Heavy_Assassin,False,0.173,blade_body,2.52,2.52,0
Mankey,Heavy_Assassin,False,0.173,ice_dagger_swing,2.922917,2.94100046,0.0180835724
Mankey,Heavy_Assassin,False,0.173,magic_swipe,2.922917,2.94100046,0.0180835724
Mankey,Heavy_Assassin,False,0.173,dagger_hit,2.997917,2.997917,0
Mankey,Heavy_Assassin,False,0.173,blade_body,2.997917,2.997917,0
Mankey,Heavy_Assassin,False,0.173,light_swing,3.33,3.46000075,0.13000083
Mankey,Heavy_Assassin,False,0.173,body_fall,4.1,4.1,0
Mankey,Frank_GreatSword_Attack_Ambush,False,0.173,heavy_blade_swing,0.35,0.519,0.169
Mankey,Frank_GreatSword_Attack_Ambush,False,0.173,steel_heavy_hit,0.575,0.575,0
Mankey,Frank_GreatSword_Attack_Ambush,False,0.173,heavy_weight,0.575,0.575,0
Mankey,Frank_GreatSword_Attack_Ambush,False,0.173,body_fall,0.6166667,0.6166667,0
Mankey,Frank_GreatSword_Attack_Execution1,False,0.173,dagger_swing,0.6,0.692,0.09199995
Mankey,Frank_GreatSword_Attack_Execution1,False,0.173,blade_stab_hit,0.85,0.85,0
Mankey,Frank_GreatSword_Attack_Execution1,False,0.173,blade_body,0.85,0.85,0
Mankey,Frank_GreatSword_Attack_Execution1,False,0.173,heavy_blade_swing,1.65,1.7299999,0.07999992
Mankey,Frank_GreatSword_Attack_Execution1,False,0.173,body_fall,2.33333325,2.33333325,0
Mankey,Frank_GreatSword_Attack_Execution2,False,0.173,dagger_swing,0.55,0.692,0.14199996
Mankey,Frank_GreatSword_Attack_Execution2,False,0.173,blade_stab_hit,0.816666663,0.816666663,0
Mankey,Frank_GreatSword_Attack_Execution2,False,0.173,blade_body,0.816666663,0.816666663,0
Mankey,Frank_GreatSword_Attack_Execution2,False,0.173,heavy_blade_swing,1.6,1.7299999,0.129999876
Mankey,Frank_GreatSword_Attack_Execution2,False,0.173,body_fall,2.07083344,2.07083344,0
Mankey,Frank_GreatSword_Attack_Execution3,False,0.173,heavy_blade_swing,0.17,0.173,0.00299999118
Mankey,Frank_GreatSword_Attack_Execution3,False,0.173,steel_heavy_hit,0.366666675,0.366666675,0
Mankey,Frank_GreatSword_Attack_Execution3,False,0.173,heavy_weight,0.366666675,0.366666675,0
Mankey,Frank_GreatSword_Attack_Execution3,False,0.173,heavy_blade_swing,0.5,0.519,0.0189999938
Mankey,Frank_GreatSword_Attack_Execution3,False,0.173,steel_heavy_hit,0.683333337,0.683333337,0
Mankey,Frank_GreatSword_Attack_Execution3,False,0.173,heavy_weight,0.683333337,0.683333337,0
Mankey,Frank_GreatSword_Attack_Execution3,False,0.173,heavy_blade_swing,1.3,1.384,0.08399999
Mankey,Frank_GreatSword_Attack_Execution3,False,0.173,steel_heavy_hit,1.52083337,1.52083337,0
Mankey,Frank_GreatSword_Attack_Execution3,False,0.173,heavy_weight,1.52083337,1.52083337,0
Mankey,Frank_GreatSword_Attack_Execution3,False,0.173,body_fall,1.5375,1.5375,0
Mankey,Samurai_Execution01,False,0.173,dagger_swing,0.27,0.346,0.0759999752
Mankey,Samurai_Execution01,False,0.173,blade_stab_hit,0.395833343,0.395833343,0
Mankey,Samurai_Execution01,False,0.173,blade_body,0.395833343,0.395833343,0
Mankey,Samurai_Execution01,False,0.173,steel_swing,1.9,1.90299988,0.00299990177
Mankey,Samurai_Execution01,False,0.173,katana_heavy_hit,2.0333333,2.0333333,0
Mankey,Samurai_Execution01,False,0.173,heavy_weight,2.0333333,2.0333333,0
Mankey,Samurai_Execution01,False,0.173,body_fall,2.66666675,2.66666675,0
Mankey,Samurai_Execution10,False,0.173,grapple_release,1.2,1.2,0
Mankey,Samurai_Execution10,False,0.173,body_fall,1.45,1.45,0
Mankey,Samurai_Execution10,False,0.173,dagger_swing,1.8,1.87916672,0.07916677
Mankey,Samurai_Execution10,False,0.173,blade_stab_hit,1.87916672,1.87916672,0
Mankey,Samurai_Execution10,False,0.173,blade_body,1.87916672,1.87916672,0
Mankey,combo_01,False,0.173,dagger_swing,0.191666692,0.2916667,0.099999994
Mankey,combo_01,False,0.173,blade_stab_hit,0.2916667,0.2916667,0
Mankey,combo_01,False,0.173,blade_body,0.2916667,0.2916667,0
Mankey,combo_01,False,0.173,steel_swing,0.7583333,0.858333349,0.100000024
Mankey,combo_01,False,0.173,katana_heavy_hit,0.858333349,0.858333349,0
Mankey,combo_01,False,0.173,heavy_weight,0.858333349,0.858333349,0
Mankey,combo_01,False,0.173,gun_shot,1.63333333,1.63333333,0
Mankey,combo_01,False,0.173,heavy_hit,1.63333333,1.63333333,0
Mankey,combo_01,False,0.173,heavy_weight,1.63333333,1.63333333,0
Mankey,combo_01,False,0.173,body_fall,1.91666675,1.91666675,0
Mankey,combo_02,False,0.173,gun_shot,0.4,0.4,0
Mankey,combo_02,False,0.173,heavy_hit,0.4,0.4,0
Mankey,combo_02,False,0.173,heavy_weight,0.4,0.4,0
Mankey,combo_02,False,0.173,gun_shot,0.566666663,0.566666663,0
Mankey,combo_02,False,0.173,heavy_hit,0.566666663,0.566666663,0
Mankey,combo_02,False,0.173,heavy_weight,0.566666663,0.566666663,0
Mankey,combo_02,False,0.173,steel_swing,0.9666667,1.038,0.07133329
Mankey,combo_02,False,0.173,katana_heavy_hit,1.06666672,1.06666672,0
Mankey,combo_02,False,0.173,heavy_weight,1.06666672,1.06666672,0
Mankey,combo_02,False,0.173,steel_swing,1.26666665,1.36666667,0.100000024
Mankey,combo_02,False,0.173,katana_heavy_hit,1.36666667,1.36666667,0
Mankey,combo_02,False,0.173,heavy_weight,1.36666667,1.36666667,0
Mankey,combo_02,False,0.173,light_swing,1.575,1.67500007,0.100000024
Mankey,combo_02,False,0.173,light_hit,1.67500007,1.67500007,0
Mankey,combo_02,False,0.173,steel_swing,1.725,1.7299999,0.004999876
Mankey,combo_02,False,0.173,katana_heavy_hit,1.825,1.825,0
Mankey,combo_02,False,0.173,heavy_weight,1.825,1.825,0
Mankey,combo_02,False,0.173,gun_shot,3.0333333,3.0333333,0
Mankey,combo_02,False,0.173,heavy_hit,3.0333333,3.0333333,0
Mankey,combo_02,False,0.173,heavy_weight,3.0333333,3.0333333,0
Mankey,combo_02,False,0.173,body_fall,4.133333,4.133333,0
Mankey,combo_03,False,0.173,steel_swing,0.2833333,0.346,0.0626666844
Mankey,combo_03,False,0.173,katana_heavy_hit,0.3833333,0.3833333,0
Mankey,combo_03,False,0.173,heavy_weight,0.3833333,0.3833333,0
Mankey,combo_03,False,0.173,gun_shot,1.0333333,1.0333333,0
Mankey,combo_03,False,0.173,heavy_hit,1.0333333,1.0333333,0
Mankey,combo_03,False,0.173,heavy_weight,1.0333333,1.0333333,0
Mankey,combo_03,False,0.173,gun_shot,1.23333335,1.23333335,0
Mankey,combo_03,False,0.173,heavy_hit,1.23333335,1.23333335,0
Mankey,combo_03,False,0.173,heavy_weight,1.23333335,1.23333335,0
Mankey,combo_03,False,0.173,steel_swing,1.65,1.7299999,0.07999992
Mankey,combo_03,False,0.173,katana_heavy_hit,1.75,1.75,0
Mankey,combo_03,False,0.173,heavy_weight,1.75,1.75,0
Mankey,combo_03,False,0.173,gun_shot,2.38333321,2.38333321,0
Mankey,combo_03,False,0.173,heavy_hit,2.38333321,2.38333321,0
Mankey,combo_03,False,0.173,heavy_weight,2.38333321,2.38333321,0
Mankey,combo_03,False,0.173,body_fall,3.0666666,3.0666666,0
Pepe,Light_1,False,0.173,light_swing,0.48,0.519,0.0390000045
Pepe,Light_1,False,0.173,light_swing,1.05,1.211,0.161000013
Pepe,Light_1,False,0.173,body_fall,1.27,1.27,0
Pepe,Light_1,False,0.173,comic_fall,1.29,1.384,0.09399998
Pepe,Light_3,False,0.173,light_swing,0.53,0.692,0.162
Pepe,Light_3,False,0.173,heavy_hit,1.3,1.3,0
Pepe,Light_3,False,0.173,heavy_weight,1.3,1.3,0
Pepe,Light_3,False,0.173,light_swing,1.53,1.55699992,0.02699995
Pepe,Light_3,False,0.173,body_fall,1.77,1.77,0
Pepe,Light_3,False,0.173,comic_fall,1.79,1.90299988,0.112999916
Pepe,Vol10_CmnAtemi,False,0.173,light_swing,0.4,0.5,0.099999994
Pepe,Vol10_CmnAtemi,False,0.173,light_hit,0.5,0.5,0
Pepe,Vol10_CmnAtemi,False,0.173,body_fall,1.2,1.2,0
Pepe,Vol10_CmnAtemi2,False,0.173,light_swing,0.416666657,0.516666651,0.099999994
Pepe,Vol10_CmnAtemi2,False,0.173,light_hit,0.516666651,0.516666651,0
Pepe,Vol10_CmnAtemi3,False,0.173,light_swing,0.3,0.346,0.045999974
Pepe,Vol10_CmnAtemi3,False,0.173,light_hit,0.4,0.4,0
Pepe,Light_JPBOM,False,0.173,light_swing,0.4,0.519,0.118999988
Pepe,Light_JPBOM,False,0.173,light_swing,0.96,1.038,0.07800001
Pepe,Light_JPBOM,False,0.173,body_fall,1.0925,1.0925,0
Pepe,Light_SIHO,False,0.173,light_swing,0.18,0.346,0.165999979
Pepe,Light_SIHO,False,0.173,light_swing,0.47,0.519,0.048999995
Pepe,Light_SIHO,False,0.173,body_fall,0.734583,0.734583,0
Pepe,Light_GSWING,False,0.173,light_swing,0.24,0.33625,0.09625001
Pepe,Light_GSWING,False,0.173,body_fall,0.33625,0.33625,0
Pepe,Light_GSWING,False,0.173,light_swing,0.69,0.692,0.00199997425
Pepe,Light_GSWING,False,0.173,light_swing,0.89,1.038,0.148
Pepe,Light_GSWING,False,0.173,light_swing,1.07,1.211,0.140999913
Pepe,Light_GSWING,False,0.173,light_swing,1.34,1.384,0.04399991
Pepe,Light_GSWING,False,0.173,body_fall,1.575833,1.575833,0
Pepe,SlapFace_Sequence1,False,0.173,light_swing,1.29166663,1.384,0.09233332
Pepe,SlapFace_Sequence1,False,0.173,light_hit,1.39166665,1.39166665,0
Pepe,SlapFace_Sequence2,False,0.173,light_swing,0.804999948,0.86499995,0.0600000024
Pepe,SlapFace_Sequence2,False,0.173,light_hit,0.905,0.905,0
Pepe,Heavy_5,False,0.173,heavy_blade_swing,1.3325,1.384,0.0514999628
Pepe,Heavy_5,False,0.173,shield_bash_hit,1.4625,1.4625,0
Pepe,Heavy_5,False,0.173,heavy_weight,1.4625,1.4625,0
Pepe,Heavy_5,False,0.173,steel_swing,2.025,2.076,0.05099988
Pepe,Heavy_5,False,0.173,steel_light_hit,2.255,2.255,0
Pepe,Heavy_5,False,0.173,blade_body,2.255,2.255,0
Pepe,Heavy_5,False,0.173,steel_swing,2.525833,2.59500027,0.0691673756
Pepe,Heavy_5,False,0.173,steel_light_hit,2.600833,2.600833,0
Pepe,Heavy_5,False,0.173,blade_body,2.600833,2.600833,0
Pepe,Heavy_5,False,0.173,steel_swing,2.8825,2.94100046,0.05850053
Pepe,Heavy_5,False,0.173,katana_heavy_hit,3.1125,3.1125,0
Pepe,Heavy_5,False,0.173,heavy_weight,3.1125,3.1125,0
Pepe,Heavy_5,False,0.173,steel_swing,3.4225,3.46000075,0.03750086
Pepe,Heavy_5,False,0.173,steel_light_hit,3.6525,3.6525,0
Pepe,Heavy_5,False,0.173,blade_body,3.6525,3.6525,0
Pepe,Heavy_5,False,0.173,steel_swing,3.978333,3.979001,0.000668048859
Pepe,Heavy_5,False,0.173,katana_heavy_hit,4.208333,4.208333,0
Pepe,Heavy_5,False,0.173,heavy_weight,4.208333,4.208333,0
Pepe,Heavy_5,False,0.173,steel_swing,4.64375,4.67100048,0.02725029
Pepe,Heavy_5,False,0.173,katana_heavy_hit,4.71875,4.71875,0
Pepe,Heavy_5,False,0.173,heavy_weight,4.71875,4.71875,0
Pepe,Heavy_5,False,0.173,body_fall,4.97,4.97,0
Pepe,Heavy_6,False,0.173,heavy_blade_swing,1.244167,1.384,0.139832973
Pepe,Heavy_6,False,0.173,steel_heavy_hit,1.434167,1.434167,0
Pepe,Heavy_6,False,0.173,heavy_weight,1.434167,1.434167,0
Pepe,Heavy_6,False,0.173,heavy_blade_swing,2.032083,2.076,0.04391694
Pepe,Heavy_6,False,0.173,steel_heavy_hit,2.222083,2.222083,0
Pepe,Heavy_6,False,0.173,heavy_weight,2.222083,2.222083,0
Pepe,Heavy_6,False,0.173,heavy_blade_swing,2.64375,2.76800036,0.124250412
Pepe,Heavy_6,False,0.173,steel_heavy_hit,2.83375,2.83375,0
Pepe,Heavy_6,False,0.173,heavy_weight,2.83375,2.83375,0
Pepe,Heavy_6,False,0.173,heavy_blade_swing,4.130417,4.152001,0.021584034
Pepe,Heavy_6,False,0.173,steel_heavy_hit,4.320417,4.320417,0
Pepe,Heavy_6,False,0.173,heavy_weight,4.320417,4.320417,0
Pepe,Heavy_6,False,0.173,body_fall,5.07,5.07,0
Pepe,Heavy_7,False,0.173,spear_swing,1.07625,1.18125,0.105000019
Pepe,Heavy_7,False,0.173,blade_stab_hit,1.18125,1.18125,0
Pepe,Heavy_7,False,0.173,blade_body,1.18125,1.18125,0
Pepe,Heavy_7,False,0.173,spear_swing,2.064583,2.076,0.0114169121
Pepe,Heavy_7,False,0.173,steel_light_hit,2.139583,2.139583,0
Pepe,Heavy_7,False,0.173,blade_body,2.139583,2.139583,0
Pepe,Heavy_7,False,0.173,spear_swing,2.338333,2.413333,0.07500005
Pepe,Heavy_7,False,0.173,steel_light_hit,2.413333,2.413333,0
Pepe,Heavy_7,False,0.173,blade_body,2.413333,2.413333,0
Pepe,Heavy_7,False,0.173,spear_swing,2.50375,2.59500027,0.09125018
Pepe,Heavy_7,False,0.173,steel_light_hit,2.73375,2.73375,0
Pepe,Heavy_7,False,0.173,blade_body,2.73375,2.73375,0
Pepe,Heavy_7,False,0.173,spear_swing,3.079583,3.11400056,0.03441763
Pepe,Heavy_7,False,0.173,steel_light_hit,3.309583,3.309583,0
Pepe,Heavy_7,False,0.173,blade_body,3.309583,3.309583,0
Pepe,Heavy_7,False,0.173,spear_swing,3.56374979,3.63300085,0.06925106
Pepe,Heavy_7,False,0.173,katana_heavy_hit,3.69375,3.69375,0
Pepe,Heavy_7,False,0.173,heavy_weight,3.69375,3.69375,0
Pepe,Heavy_7,False,0.173,spear_swing,4.564167,4.669167,0.105000019
Pepe,Heavy_7,False,0.173,blade_stab_hit,4.669167,4.669167,0
Pepe,Heavy_7,False,0.173,blade_body,4.669167,4.669167,0
Pepe,Heavy_7,False,0.173,spear_swing,5.4125,5.536,0.12349987
Pepe,Heavy_7,False,0.173,katana_heavy_hit,5.5425,5.5425,0
Pepe,Heavy_7,False,0.173,heavy_weight,5.5425,5.5425,0
Pepe,Heavy_7,False,0.173,body_fall,6.03,6.03,0
Pepe,Heavy_2,False,0.173,axe_swing,1.27875,1.384,0.10525
Pepe,Heavy_2,False,0.173,steel_heavy_hit,1.46875,1.46875,0
Pepe,Heavy_2,False,0.173,heavy_weight,1.46875,1.46875,0
Pepe,Heavy_2,False,0.173,light_swing,2.105417,2.235417,0.129999876
Pepe,Heavy_2,False,0.173,heavy_hit,2.235417,2.235417,0
Pepe,Heavy_2,False,0.173,heavy_weight,2.235417,2.235417,0
Pepe,Heavy_2,False,0.173,body_fall,2.83,2.83,0
Pepe,Heavy_2,False,0.173,axe_swing,3.27666688,3.28700066,0.0103337765
Pepe,Heavy_2,False,0.173,steel_heavy_hit,3.466667,3.466667,0
Pepe,Heavy_2,False,0.173,heavy_weight,3.466667,3.466667,0
Pepe,Heavy_2,False,0.173,axe_swing,4.04124975,4.152001,0.110751152
Pepe,Heavy_2,False,0.173,steel_heavy_hit,4.23125,4.23125,0
Pepe,Heavy_2,False,0.173,heavy_weight,4.23125,4.23125,0
Pepe,Heavy_2,False,0.173,body_fall,4.53,4.53,0
Pepe,Heavy_8,False,0.173,ice_dagger_swing,0.96917,1.038,0.06883001
Pepe,Heavy_8,False,0.173,magic_swipe,0.96917,1.038,0.06883001
Pepe,Heavy_8,False,0.173,ice_dagger_swing,0.979162931,1.038,0.0588370562
Pepe,Heavy_8,False,0.173,magic_swipe,0.979162931,1.038,0.0588370562
Pepe,Heavy_8,False,0.173,dagger_hit,1.065833,1.065833,0
Pepe,Heavy_8,False,0.173,blade_body,1.065833,1.065833,0
Pepe,Heavy_8,False,0.173,dagger_hit,1.3425,1.3425,0
Pepe,Heavy_8,False,0.173,blade_body,1.3425,1.3425,0
Pepe,Heavy_8,False,0.173,ice_dagger_swing,1.63208294,1.7299999,0.09791696
Pepe,Heavy_8,False,0.173,magic_swipe,1.63208294,1.7299999,0.09791696
Pepe,Heavy_8,False,0.173,dagger_hit,1.862083,1.862083,0
Pepe,Heavy_8,False,0.173,blade_body,1.862083,1.862083,0
Pepe,Heavy_8,False,0.173,ice_dagger_swing,2.203333,2.249,0.04566717
Pepe,Heavy_8,False,0.173,magic_swipe,2.203333,2.249,0.04566717
Pepe,Heavy_8,False,0.173,dagger_hit,2.278333,2.278333,0
Pepe,Heavy_8,False,0.173,blade_body,2.278333,2.278333,0
Pepe,Heavy_8,False,0.173,ice_dagger_swing,2.513333,2.59500027,0.0816671848
Pepe,Heavy_8,False,0.173,magic_swipe,2.513333,2.59500027,0.0816671848
Pepe,Heavy_8,False,0.173,blade_stab_hit,2.618333,2.618333,0
Pepe,Heavy_8,False,0.173,blade_body,2.618333,2.618333,0
Pepe,Heavy_8,False,0.173,ice_dagger_swing,2.87125,2.94100046,0.06975055
Pepe,Heavy_8,False,0.173,magic_swipe,2.87125,2.94100046,0.06975055
Pepe,Heavy_8,False,0.173,dagger_hit,3.10125,3.10125,0
Pepe,Heavy_8,False,0.173,blade_body,3.10125,3.10125,0
Pepe,Heavy_8,False,0.173,ice_dagger_swing,3.423333,3.46000075,0.0366678238
Pepe,Heavy_8,False,0.173,magic_swipe,3.423333,3.46000075,0.0366678238
Pepe,Heavy_8,False,0.173,blade_stab_hit,3.528333,3.528333,0
Pepe,Heavy_8,False,0.173,blade_body,3.528333,3.528333,0
Pepe,Heavy_8,False,0.173,ice_dagger_swing,3.719167,3.806001,0.0868339539
Pepe,Heavy_8,False,0.173,magic_swipe,3.719167,3.806001,0.0868339539
Pepe,Heavy_8,False,0.173,dagger_hit,3.849167,3.849167,0
Pepe,Heavy_8,False,0.173,blade_body,3.849167,3.849167,0
Pepe,Heavy_8,False,0.173,body_fall,4.13,4.13,0
Pepe,Heavy_8,False,0.173,ice_dagger_swing,4.97250032,5.017,0.0444998741
Pepe,Heavy_8,False,0.173,magic_swipe,4.97250032,5.017,0.0444998741
Pepe,Heavy_8,False,0.173,dagger_hit,5.0475,5.0475,0
Pepe,Heavy_8,False,0.173,blade_body,5.0475,5.0475,0
Pepe,Heavy_8,False,0.173,body_fall,5.43,5.43,0
Pepe,Heavy_Katana,False,0.173,steel_swing,1.22,1.384,0.163999915
Pepe,Heavy_Katana,False,0.173,katana_heavy_hit,1.45,1.45,0
Pepe,Heavy_Katana,False,0.173,heavy_weight,1.45,1.45,0
Pepe,Heavy_Katana,False,0.173,steel_swing,2.022917,2.076,0.053082943
Pepe,Heavy_Katana,False,0.173,katana_heavy_hit,2.252917,2.252917,0
Pepe,Heavy_Katana,False,0.173,heavy_weight,2.252917,2.252917,0
Pepe,Heavy_Katana,False,0.173,body_fall,4.07,4.07,0
Pepe,Heavy_Assassin,False,0.173,ice_dagger_swing,0.633749962,0.692,0.05825001
Pepe,Heavy_Assassin,False,0.173,magic_swipe,0.633749962,0.692,0.05825001
Pepe,Heavy_Assassin,False,0.173,dagger_hit,0.86375,0.86375,0
Pepe,Heavy_Assassin,False,0.173,blade_body,0.86375,0.86375,0
Pepe,Heavy_Assassin,False,0.173,ice_dagger_swing,1.215,1.32,0.105000019
Pepe,Heavy_Assassin,False,0.173,magic_swipe,1.215,1.32,0.105000019
Pepe,Heavy_Assassin,False,0.173,dagger_hit,1.32,1.32,0
Pepe,Heavy_Assassin,False,0.173,blade_body,1.32,1.32,0
Pepe,Heavy_Assassin,False,0.173,ice_dagger_swing,1.63375,1.70875,0.07500005
Pepe,Heavy_Assassin,False,0.173,magic_swipe,1.63375,1.70875,0.07500005
Pepe,Heavy_Assassin,False,0.173,dagger_hit,1.70875,1.70875,0
Pepe,Heavy_Assassin,False,0.173,blade_body,1.70875,1.70875,0
Pepe,Heavy_Assassin,False,0.173,ice_dagger_swing,1.774583,1.849583,0.07500005
Pepe,Heavy_Assassin,False,0.173,magic_swipe,1.774583,1.849583,0.07500005
Pepe,Heavy_Assassin,False,0.173,blade_stab_hit,1.849583,1.849583,0
Pepe,Heavy_Assassin,False,0.173,blade_body,1.849583,1.849583,0
Pepe,Heavy_Assassin,False,0.173,ice_dagger_swing,1.9533329,2.028333,0.07500005
Pepe,Heavy_Assassin,False,0.173,magic_swipe,1.9533329,2.028333,0.07500005
Pepe,Heavy_Assassin,False,0.173,dagger_hit,2.028333,2.028333,0
Pepe,Heavy_Assassin,False,0.173,blade_body,2.028333,2.028333,0
Pepe,Heavy_Assassin,False,0.173,ice_dagger_swing,2.307083,2.382083,0.07500005
Pepe,Heavy_Assassin,False,0.173,magic_swipe,2.307083,2.382083,0.07500005
Pepe,Heavy_Assassin,False,0.173,dagger_hit,2.382083,2.382083,0
Pepe,Heavy_Assassin,False,0.173,blade_body,2.382083,2.382083,0
Pepe,Heavy_Assassin,False,0.173,ice_dagger_swing,2.44291687,2.517917,0.07500005
Pepe,Heavy_Assassin,False,0.173,magic_swipe,2.44291687,2.517917,0.07500005
Pepe,Heavy_Assassin,False,0.173,blade_stab_hit,2.517917,2.517917,0
Pepe,Heavy_Assassin,False,0.173,blade_body,2.517917,2.517917,0
Pepe,Heavy_Assassin,False,0.173,ice_dagger_swing,2.929167,2.94100046,0.0118334293
Pepe,Heavy_Assassin,False,0.173,magic_swipe,2.929167,2.94100046,0.0118334293
Pepe,Heavy_Assassin,False,0.173,dagger_hit,3.004167,3.004167,0
Pepe,Heavy_Assassin,False,0.173,blade_body,3.004167,3.004167,0
Pepe,Heavy_Assassin,False,0.173,light_swing,3.33,3.46000075,0.13000083
Pepe,Heavy_Assassin,False,0.173,body_fall,4.1,4.1,0
Pepe,Frank_GreatSword_Attack_Ambush,False,0.173,heavy_blade_swing,0.35,0.519,0.169
Pepe,Frank_GreatSword_Attack_Ambush,False,0.173,steel_heavy_hit,0.575,0.575,0
Pepe,Frank_GreatSword_Attack_Ambush,False,0.173,heavy_weight,0.575,0.575,0
Pepe,Frank_GreatSword_Attack_Ambush,False,0.173,body_fall,0.6166667,0.6166667,0
Pepe,Frank_GreatSword_Attack_Execution1,False,0.173,dagger_swing,0.6,0.692,0.09199995
Pepe,Frank_GreatSword_Attack_Execution1,False,0.173,blade_stab_hit,0.85,0.85,0
Pepe,Frank_GreatSword_Attack_Execution1,False,0.173,blade_body,0.85,0.85,0
Pepe,Frank_GreatSword_Attack_Execution1,False,0.173,heavy_blade_swing,1.65,1.7299999,0.07999992
Pepe,Frank_GreatSword_Attack_Execution1,False,0.173,body_fall,2.33333325,2.33333325,0
Pepe,Frank_GreatSword_Attack_Execution2,False,0.173,dagger_swing,0.55,0.692,0.14199996
Pepe,Frank_GreatSword_Attack_Execution2,False,0.173,blade_stab_hit,0.816666663,0.816666663,0
Pepe,Frank_GreatSword_Attack_Execution2,False,0.173,blade_body,0.816666663,0.816666663,0
Pepe,Frank_GreatSword_Attack_Execution2,False,0.173,heavy_blade_swing,1.6,1.7299999,0.129999876
Pepe,Frank_GreatSword_Attack_Execution2,False,0.173,body_fall,2.07083344,2.07083344,0
Pepe,Frank_GreatSword_Attack_Execution3,False,0.173,heavy_blade_swing,0.17,0.173,0.00299999118
Pepe,Frank_GreatSword_Attack_Execution3,False,0.173,steel_heavy_hit,0.366666675,0.366666675,0
Pepe,Frank_GreatSword_Attack_Execution3,False,0.173,heavy_weight,0.366666675,0.366666675,0
Pepe,Frank_GreatSword_Attack_Execution3,False,0.173,heavy_blade_swing,0.5,0.519,0.0189999938
Pepe,Frank_GreatSword_Attack_Execution3,False,0.173,steel_heavy_hit,0.683333337,0.683333337,0
Pepe,Frank_GreatSword_Attack_Execution3,False,0.173,heavy_weight,0.683333337,0.683333337,0
Pepe,Frank_GreatSword_Attack_Execution3,False,0.173,heavy_blade_swing,1.3,1.384,0.08399999
Pepe,Frank_GreatSword_Attack_Execution3,False,0.173,steel_heavy_hit,1.52083337,1.52083337,0
Pepe,Frank_GreatSword_Attack_Execution3,False,0.173,heavy_weight,1.52083337,1.52083337,0
Pepe,Frank_GreatSword_Attack_Execution3,False,0.173,body_fall,1.5375,1.5375,0
Pepe,Samurai_Execution01,False,0.173,dagger_swing,0.27,0.346,0.0759999752
Pepe,Samurai_Execution01,False,0.173,blade_stab_hit,0.3875,0.3875,0
Pepe,Samurai_Execution01,False,0.173,blade_body,0.3875,0.3875,0
Pepe,Samurai_Execution01,False,0.173,steel_swing,1.9,1.90299988,0.00299990177
Pepe,Samurai_Execution01,False,0.173,katana_heavy_hit,2.0291667,2.0291667,0
Pepe,Samurai_Execution01,False,0.173,heavy_weight,2.0291667,2.0291667,0
Pepe,Samurai_Execution01,False,0.173,body_fall,2.7125,2.7125,0
Pepe,Samurai_Execution10,False,0.173,grapple_release,1.2,1.2,0
Pepe,Samurai_Execution10,False,0.173,body_fall,1.4625,1.4625,0
Pepe,Samurai_Execution10,False,0.173,dagger_swing,1.8,1.8625,0.0625
Pepe,Samurai_Execution10,False,0.173,blade_stab_hit,1.8625,1.8625,0
Pepe,Samurai_Execution10,False,0.173,blade_body,1.8625,1.8625,0
Pepe,combo_01,False,0.173,dagger_swing,0.191666692,0.2916667,0.099999994
Pepe,combo_01,False,0.173,blade_stab_hit,0.2916667,0.2916667,0
Pepe,combo_01,False,0.173,blade_body,0.2916667,0.2916667,0
Pepe,combo_01,False,0.173,steel_swing,0.75,0.85,0.100000024
Pepe,combo_01,False,0.173,katana_heavy_hit,0.85,0.85,0
Pepe,combo_01,False,0.173,heavy_weight,0.85,0.85,0
Pepe,combo_01,False,0.173,gun_shot,1.63333333,1.63333333,0
Pepe,combo_01,False,0.173,heavy_hit,1.63333333,1.63333333,0
Pepe,combo_01,False,0.173,heavy_weight,1.63333333,1.63333333,0
Pepe,combo_01,False,0.173,body_fall,1.91666675,1.91666675,0
Pepe,combo_02,False,0.173,gun_shot,0.4,0.4,0
Pepe,combo_02,False,0.173,heavy_hit,0.4,0.4,0
Pepe,combo_02,False,0.173,heavy_weight,0.4,0.4,0
Pepe,combo_02,False,0.173,gun_shot,0.566666663,0.566666663,0
Pepe,combo_02,False,0.173,heavy_hit,0.566666663,0.566666663,0
Pepe,combo_02,False,0.173,heavy_weight,0.566666663,0.566666663,0
Pepe,combo_02,False,0.173,steel_swing,0.9666667,1.038,0.07133329
Pepe,combo_02,False,0.173,katana_heavy_hit,1.06666672,1.06666672,0
Pepe,combo_02,False,0.173,heavy_weight,1.06666672,1.06666672,0
Pepe,combo_02,False,0.173,steel_swing,1.25833333,1.35833335,0.100000024
Pepe,combo_02,False,0.173,katana_heavy_hit,1.35833335,1.35833335,0
Pepe,combo_02,False,0.173,heavy_weight,1.35833335,1.35833335,0
Pepe,combo_02,False,0.173,light_swing,1.575,1.67500007,0.100000024
Pepe,combo_02,False,0.173,light_hit,1.67500007,1.67500007,0
Pepe,combo_02,False,0.173,steel_swing,1.7166667,1.7299999,0.0133332014
Pepe,combo_02,False,0.173,katana_heavy_hit,1.81666672,1.81666672,0
Pepe,combo_02,False,0.173,heavy_weight,1.81666672,1.81666672,0
Pepe,combo_02,False,0.173,gun_shot,3.0333333,3.0333333,0
Pepe,combo_02,False,0.173,heavy_hit,3.0333333,3.0333333,0
Pepe,combo_02,False,0.173,heavy_weight,3.0333333,3.0333333,0
Pepe,combo_02,False,0.173,body_fall,4.133333,4.133333,0
Pepe,combo_03,False,0.173,steel_swing,0.2833333,0.346,0.0626666844
Pepe,combo_03,False,0.173,katana_heavy_hit,0.3833333,0.3833333,0
Pepe,combo_03,False,0.173,heavy_weight,0.3833333,0.3833333,0
Pepe,combo_03,False,0.173,gun_shot,1.0333333,1.0333333,0
Pepe,combo_03,False,0.173,heavy_hit,1.0333333,1.0333333,0
Pepe,combo_03,False,0.173,heavy_weight,1.0333333,1.0333333,0
Pepe,combo_03,False,0.173,gun_shot,1.23333335,1.23333335,0
Pepe,combo_03,False,0.173,heavy_hit,1.23333335,1.23333335,0
Pepe,combo_03,False,0.173,heavy_weight,1.23333335,1.23333335,0
Pepe,combo_03,False,0.173,steel_swing,1.64166665,1.7299999,0.08833325
Pepe,combo_03,False,0.173,katana_heavy_hit,1.74166667,1.74166667,0
Pepe,combo_03,False,0.173,heavy_weight,1.74166667,1.74166667,0
Pepe,combo_03,False,0.173,gun_shot,2.38333321,2.38333321,0
Pepe,combo_03,False,0.173,heavy_hit,2.38333321,2.38333321,0
Pepe,combo_03,False,0.173,heavy_weight,2.38333321,2.38333321,0
Pepe,combo_03,False,0.173,body_fall,3.0666666,3.0666666,0
